"Product (15)","Product Line Code","Description Full","Whse Minimums","Whse Maximums","On Shelf","Whse 2 Primary Bin"
"P12304","BRASS","2-1/2x3/4 Brass Hex Bushing","80","240","30","C08-25E"
"P5764","BRASS","1/4 90 Std Brass Elbow","900","2700","981","C08-24B"
"P5768","BRASS","1/8 90 Std Brass Elbow","1800","5400","547","C08-27C"
"P5769","BRASS","3/8 90 Std Brass Elbow","900","2700","1934","C08-24B"
"P5770","BRASS","1/2 90 Std Brass Elbow","1000","3000","2443","C08-24A"
"P5771","BRASS","3/4 90 Std Brass Elbow","1500","4500","4091","C08-24A"
"P5772","BRASS","1 90 Std Brass Elbow","375","1125","2391","C08-24A"
"P5773","BRASS","1-1/4 90 Std Brass Elbow","150","450","398","C08-24B"
"P5774","BRASS","1-1/2 90 Std Brass Elbow","105","315","260","C08-25B"
"P5775","BRASS","2 90 Std Brass Elbow","100","300","340","C08-24A"
"P5776","BRASS","2-1/2 90 Std Brass Elbow","30","90","57","C08-27C"
"P5777","BRASS","3 90 Std Brass Elbow","18","54","37","C08-27C"
"P5778","BRASS","4 90 Std Brass Elbow","8","24","20","C08-27D"
"P5780","BRASS","1/8 45 Std Brass Elbow","1200","3600","398","C08-25E"
"P5781","BRASS","1/4 45 Std Brass Elbow","900","2700","116","C08-25C"
"P5782","BRASS","3/8 45 Std Brass Elbow","900","2700","175","C08-26C"
"P5783","BRASS","1/2 45 Std Brass Elbow","600","1800","301","C08-24B"
"P5784","BRASS","3/4 45 Std Brass Elbow","300","900","40","C08-24B"
"P5785","BRASS","1 45 Std Brass Elbow","225","675","316","C08-24B"
"P5786","BRASS","1-1/4 45 Std Brass Elbow","150","450","129","C08-26C"
"P5787","BRASS","1-1/2 45 Std Brass Elbow","120","360","122","C08-26C"
"P5788","BRASS","2 45 Std Brass Elbow","75","225","77","C08-26C"
"P5789","BRASS","2-1/2 45 Std Brass Elbow","24","72","10","C08-22E"
"P5793","BRASS","1/8 Std Brass 90 Street Elbow","1800","5400","415","C08-25B"
"P5794","BRASS","1/4 Std Brass 90 Street Elbow","1800","5400","749","C08-25B"
"P5795","BRASS","3/8 Std Brass 90 Street Elbow","600","1800","287","C08-23D"
"P5796","BRASS","1/2 Std Brass 90 Street Elbow","1000","3000","3157","C08-25A"
"P5797","BRASS","3/4 Std Brass 90 Street Elbow","500","1500","1190","C08-25A"
"P5798","BRASS","1 Std Brass 90 Street Elbow","375","1125","765","C08-25A"
"P5799","BRASS","1-1/4 Std Brass 90 Street Elbo","120","360","300","C08-25B"
"P5800","BRASS","1-1/2 Std Brass 90 Street Elbo","105","315","194","C08-25B"
"P5801","BRASS","2 Std Brass 90 Street Elbow","60","180","63","C08-25B"
"P5802","BRASS","2-1/2 Std Brass 90 Street Elbo w","20","60","17","C08-23D"
"P5806","BRASS","1/8 Std Brass Tee","1200","3600","847","C08-23D"
"P5807","BRASS","1/4 Std Brass Tee","900","2700","1199","C08-25B"
"P5808","BRASS","3/8 Std Brass Tee","400","1200","168","C08-23D"
"P5809","BRASS","1/2 Std Brass Tee","1500","4500","1535","C08-25A"
"P5810","BRASS","3/4 Std Brass Tee","375","1125","3174","C08-26A"
"P5811","BRASS","1 Std Brass Tee","200","600","629","C08-25A"
"P5812","BRASS","1-1/4 Std Brass Tee","105","315","242","C08-26B"
"P5813","BRASS","1-1/2 Std Brass Tee","72","216","343","C08-26B"
"P5814","BRASS","2 Std Brass Tee","45","135","82","C08-26B"
"P5815","BRASS","2-1/2 Std Brass Tee","16","48","18","C08-23D"
"P5816","BRASS","3 Std Brass Tee","8","24","16","C08-23D"
"P5817","BRASS","4 Std Brass Tee","4","12","5","C08-26E"
"P5819","BRASS","1/8 Std Brass Coupling","1800","5400","961","C08-22C"
"P5820","BRASS","1/4 Std Brass Coupling","3000","9000","456","C08-26A"
"P5821","BRASS","3/8 Std Brass Coupling","1500","4500","222","C08-26A"
"P5822","BRASS","1/2 Std Brass Coupling","1000","3000","2859","C08-22A"
"P5823","BRASS","3/4 Std Brass Coupling","500","1500","966","C08-22A"
"P5824","BRASS","1 Std Brass Coupling","500","1500","1240","C08-22A"
"P5825","BRASS","1-1/4 Std Brass Coupling","375","1125","30","C08-27A"
"P5826","BRASS","1-1/2 Std Brass Coupling","250","750","534","C08-27A"
"P5827","BRASS","2 Std Brass Coupling","150","450","455","C08-27A"
"P5828","BRASS","2-1/2 Std Brass Coupling","54","162","0","C08-22C"
"P5829","BRASS","3 Std Brass Coupling","36","108","0","C08-22C"
"P5830","BRASS","4 Std Brass Coupling","16","48","0","C08-26E"
"P5832","BRASS","1/8 Std Brass Cap","2800","8400","490","C08-25D"
"P5833","BRASS","1/4 Std Brass Cap","2800","8400","424","C08-25D"
"P5834","BRASS","3/8 Std Brass Cap","1800","5400","97","C08-27B"
"P5835","BRASS","1/2 Std Brass Cap","1500","4500","6086","C08-25A"
"P5836","BRASS","3/4 Std Brass Cap","1000","3000","2071","C08-25A"
"P5837","BRASS","1 Std Brass Cap","600","1800","701","C08-27B"
"P5838","BRASS","1-1/4 Std Brass Cap","300","900","283","C08-27B"
"P5839","BRASS","1-1/2 Std Brass Cap","300","900","253","C08-27B"
"P5840","BRASS","2 Std Brass Cap","210","630","399","C08-27B"
"P5841","BRASS","2-1/2 Std Brass Cap","70","210","181","C08-25D"
"P5842","BRASS","3 Std Brass Cap","50","150","146","C08-26D"
"P5843","BRASS","4 Std Brass Cap","20","60","21","C08-27D"
"P5844","BRASS","1/8 Brass Sq Hd Plug","4800","14400","2316","C08-27B"
"P5845","BRASS","1/4 Brass Sq Hd Plug","4800","14400","2291","C08-22C"
"P5846","BRASS","3/8 Brass Sq Hd Plug","4200","12600","124","C08-22C"
"P5847","BRASS","1/2 Std Brass Cored Sq Hd Plug","3000","9000","10069","C08-26A"
"P5848","BRASS","3/4 Std Brass Cored Sq Hd Plug","1500","4500","4546","C08-26A"
"P5849","BRASS","1 Std Brass Cored Sq Hd Plug","1000","3000","1617","C08-26A"
"P5850","BRASS","1-1/4 Brass Cored Sq Hd Plug","540","1620","245","C08-22C"
"P5851","BRASS","1-1/2 Brass Cored Sq Hd Plug","360","1080","408","C08-22C"
"P5852","BRASS","2 Std Brass Cored Sq Hd Plug","150","450","572","C08-22C"
"P5853","BRASS","2-1/2 Brass Cored Sq Hd Plug","80","240","193","C08-26D"
"P5854","BRASS","3 Std Brass Cored Sq Hd Plug","60","180","241","C08-26D"
"P5855","BRASS","4 Std Brass Cored Sq Hd Plug","40","120","28","C08-26D"
"P5860","BRASS","1/2 Std Brass Solid Sq Hd Plug","1200","3600","402","C08-26D"
"P5861","BRASS","3/4 Std Brass Solid Sq Hd Plug","200","600","0","C08-26D"
"P5862","BRASS","1 Std Brass Solid Sq Hd Plug","400","1200","245","C08-26D"
"P5864","BRASS","1-1/2 Brass Solid Sq Hd Plug","240","720","0","C08-26D"
"P5882","BRASS","1/4 Std Brass Cross","400","1200","165","C08-22E"
"P5883","BRASS","3/8 Std Brass Cross","600","1800","0","C08-26E"
"P5884","BRASS","1/2 Std Brass Cross","150","450","918","C08-26D"
"P5885","BRASS","3/4 Std Brass Cross","80","240","215","C08-27E"
"P5886","BRASS","1 Std Brass Cross","80","240","0","C08-27E"
"P5887","BRASS","1-1/4 Std Brass Cross","50","150","144","C08-27D"
"P5888","BRASS","1-1/2 Std Brass Cross","50","150","8","C08-22E"
"P5896","BRASS","1/2 Std Brass Floor Flange","200","600","0","C08-27E"
"P5917","BRASS","1/4 Std Brass Union","450","1350","231","C08-24C"
"P5918","BRASS","3/8 Std Brass Union","450","1350","173","C08-24C"
"P5919","BRASS","1/2 Std Brass Union","375","1125","342","C08-22A"
"P5920","BRASS","3/4 Std Brass Union","375","1125","1171","C08-22A"
"P5921","BRASS","1 Std Brass Union","200","600","638","C08-22A"
"P5922","BRASS","1-1/4 Std Brass Union","105","315","212","C08-22B"
"P5923","BRASS","1-1/2 Std Brass Union","75","225","105","C08-22B"
"P5924","BRASS","2 Std Brass Union","54","162","106","C08-22B"
"P5926","BRASS","1/8 Std Brass 45 Street Elbow","1200","3600","0","C08-28E"
"P5927","BRASS","1/4 Std Brass 45 Street Elbow","1800","5400","215","C08-26C"
"P5928","BRASS","3/8 Std Brass 45 Street Elbow","900","2700","193","C08-26C"
"P5929","BRASS","1/2 Std Brass 45 Street Elbow","1200","3600","1392","C08-24B"
"P5930","BRASS","3/4 Std Brass 45 Street Elbow","300","900","268","C08-26C"
"P5931","BRASS","1 Std Brass 45 Street Elbow","225","675","354","C08-26C"
"P5932","BRASS","1-1/4 Std Brass 45 Street Ell","180","540","2","C08-26C"
"P5933","BRASS","1-1/2 Std Brass 45 Street Ell","135","405","30","C08-27C"
"P5934","BRASS","2 Std Brass 45 Street Elbow","60","180","68","C08-27C"
"P5953","BRASS","1/4x1/8 Std Brass Red Coupling","900","2700","467","C08-22C"
"P5954","BRASS","3/8x1/4 Std Brass Red Coupling","900","2700","336","C08-23C"
"P5955","BRASS","3/8x1/8 Std Brass Red Coupling","900","2700","0","C08-23C"
"P5956","BRASS","1/2x3/8 Std Brass Red Coupling","1000","3000","625","C08-27A"
"P5957","BRASS","1/2x1/4 Std Brass Red Coupling","1000","3000","551","C08-24A"
"P5958","BRASS","1/2x1/8 Std Brass Red Coupling","900","2700","66","C08-23C"
"P5959","BRASS","3/4x1/2 Std Brass Red Coupling","1000","3000","2223","C08-22A"
"P5960","BRASS","3/4x3/8 Std Brass Red Coupling","600","1800","514","C08-23C"
"P5961","BRASS","3/4x1/4 Std Brass Red Coupling","600","1800","371","C08-23C"
"P5962","BRASS","1x3/4 Std Brass Red Coupling","500","1500","1334","C08-22A"
"P5963","BRASS","1x1/2 Std Brass Red Coupling","500","1500","378","C08-24A"
"P5964","BRASS","1x3/8 Std Brass Red Coupling","200","600","0","C08-22E"
"P5965","BRASS","1-1/4x1 Std Brass Red Coupling","350","1050","715","C08-27A"
"P5966","BRASS","1-1/4x3/4 Std Brass Red Coup","450","1350","78","C08-27A"
"P5967","BRASS","1-1/4x1/2 Std Brass Red Coupli","270","810","223","C08-23C"
"P5968","BRASS","1-1/2x1-1/4 Std Brass Red Coup","300","900","238","C08-27A"
"P5969","BRASS","1-1/2x1 Std Brass Red Coupling","375","1125","522","C08-27A"
"P5970","BRASS","1-1/2x3/4 Std Brass Red Coupli","400","1200","237","C08-27A"
"P5971","BRASS","1-1/2x1/2 Std Brass Red Coupli","210","630","0","C08-23C"
"P5972","BRASS","2x1-1/2 Std Brass Red Coupling","150","450","204","C08-22B"
"P5973","BRASS","2x1-1/4 Std Brass Red Coupling","150","450","166","C08-24C"
"P5974","BRASS","2x1 Std Brass Red Coupling","180","540","85","C08-22B"
"P5975","BRASS","2x3/4 Std Brass Red Coupling","180","540","119","C08-23C"
"P5976","BRASS","2x1/2 Std Brass Red Coupling","180","540","89","C08-23C"
"P5977","BRASS","2-1/2x2 Std Brass Red Coupling","60","180","13","C08-24C"
"P5978","BRASS","2-1/2x1-1/2 Std Brass Red Coup ling","60","180","139","C08-27C"
"P5982","BRASS","3x2 Std Brass Red Coupling","36","108","26","C08-24C"
"P5987","BRASS","1/4x1/8 Std Brass Hex Bushing","1800","5400","6032","C08-22B"
"P5988","BRASS","3/8x1/4 Std Brass Hex Bushing","1800","5400","585","C08-22B"
"P5989","BRASS","3/8x1/8 Std Brass Hex Bushing","900","2700","50","C08-24C"
"P5990","BRASS","1/2x3/8 Std Brass Hex Bushing","2250","6750","2493","C08-23A"
"P5991","BRASS","1/2x1/4 Std Brass Hex Bushing","2250","6750","6201","C08-23A"
"P5992","BRASS","1/2x1/8 Std Brass Hex Bushing","1350","4050","700","C08-22B"
"P5993","BRASS","3/4x1/2 Std Brass Hex Bushing","1500","4500","4382","C08-23A"
"P5994","BRASS","3/4x3/8 Std Brass Hex Bushing","900","2700","2728","C08-23B"
"P5995","BRASS","3/4x1/4 Std Brass Hex Bushing","1500","4500","368","C08-23A"
"P5996","BRASS","1x3/4 Std Brass Hex Bushing","750","2250","3188","C08-23A"
"P5997","BRASS","1x1/2 Std Brass Hex Bushing","750","2250","433","C08-23A"
"P5998","BRASS","1x3/8 Std Brass Hex Bushing","450","1350","196","C08-25C"
"P5999","BRASS","1-1/4x1 Std Brass Hex Bushing","600","1800","988","C08-23A"
"P6000","BRASS","1-1/4x3/4 Std Brass Hex Bushin","360","1080","402","C08-23B"
"P6001","BRASS","1-1/4x1/2 Std Brass Hex Bushin","360","1080","101","C08-23B"
"P6002","BRASS","1-1/2x1-1/4 Std Brass Hex Bush","500","1500","559","C08-23A"
"P6003","BRASS","1-1/2x1 Std Brass Hex Bushing","500","1500","26","C08-23A"
"P6004","BRASS","1-1/2x3/4 Std Brass Hex Bushin","360","1080","622","C08-23B"
"P6005","BRASS","1-1/2x1/2 Brass Hex Bushing","360","1080","187","C08-25C"
"P6006","BRASS","2x1-1/2 Std Brass Hex Bushing","150","450","347","C08-23B"
"P6007","BRASS","2x1-1/4 Std Brass Hex Bushing","150","450","78","C08-23B"
"P6008","BRASS","2x1 Std Brass Hex Bushing","210","630","398","C08-23B"
"P6009","BRASS","2x3/4 Std Brass Hex Bushing","270","810","460","C08-23B"
"P6010","BRASS","2x1/2 Std Brass Hex Bushing","270","810","239","C08-25C"
"P6011","BRASS","2-1/2x2 Std Brass Hex Bushing","72","216","169","C08-24B"
"P6012","BRASS","2-1/2x1-1/2 Std Brass Hex Bush ing","120","360","96","C08-25C"
"P6013","BRASS","2-1/2x1-1/4 Std Brass Hex Bush ing","80","240","0","C08-28E"
"P6014","BRASS","2-1/2x1 Std Brass Hex Bushing","80","240","0","C08-22E"
"P6015","BRASS","3x2-1/2 Std Brass Hex Bushing","78","234","43","C08-25C"
"P6016","BRASS","3x2 Std Brass Hex Bushing","60","180","38","C08-24B"
"P6017","BRASS","3x1-1/2 Std Brass Hex Bushing","78","234","39","C08-25C"
"P6018","BRASS","3x1-1/4 Std Brass Hex Bushing","24","72","42","C08-29E"
"P6019","BRASS","4x3 Std Brass Hex Bushing","30","90","12","C08-25C"
"P6021","BRASS","4x2 Std Brass Hex Bushing","30","90","2","C08-25C"
"P6023","BRASS","1/4x1/8 Std Brass 90 Red Elbow","600","1800","0","C08-29E"
"P6026","BRASS","1/2x3/8 Std Brass 90 Red Elbow","450","1350","166","C08-27C"
"P6027","BRASS","1/2x1/4 Std Brass 90 Red Elbow","300","900","38","C08-22E"
"P6029","BRASS","3/4x1/2 Std Brass 90 Red Elbow","600","1800","562","C08-25B"
"P6030","BRASS","3/4x3/8 Std Brass 90 Red Elbow","400","1200","141","C08-22E"
"P6031","BRASS","3/4x1/4 Std Brass 90 Red Elbow","300","900","0","C08-27C"
"P6032","BRASS","1x3/4 Std Brass 90 Red Elbow","300","900","683","C08-25B"
"P6033","BRASS","1x1/2 Std Brass 90 Red Elbow","300","900","298","C08-27C"
"P6036","BRASS","1-1/4x1 Std Brass 90 Red Elbow","120","360","242","C08-22D"
"P6037","BRASS","1-1/4x3/4 Std Brass 90 Red Elb","140","420","531","C08-22D"
"P6038","BRASS","1-1/4x1/2 Std Brass 90 Red Elb ow","180","540","61","C08-27C"
"P6039","BRASS","1-1/2x1-1/4 Std Brass 90 Red E lbow","100","300","27","C08-22D"
"P6040","BRASS","1-1/2x1 Std Brass 90 Red Elbow","100","300","92","C08-22D"
"P6041","BRASS","1-1/2x3/4 Std Brass 90 Red Elbow","100","300","59","C08-22D"
"P6042","BRASS","1-1/2x1/2 Std Brass 90 Red Elb ow","120","360","18","C08-22E"
"P6043","BRASS","2x1-1/2 Std Brass 90 Red Elbow","60","180","46","C08-22D"
"P6044","BRASS","2x1-1/4 Std Brass 90 Red Elbow","60","180","6","C08-22D"
"P6045","BRASS","2x1 Std Brass 90 Red Elbow","70","210","54","C08-22D"
"P6046","BRASS","2x3/4 Std Brass 90 Red Elbow","100","300","21","C08-22D"
"P6048","BRASS","2-1/2x2 Std Brass 90 Red Elbow","30","90","13","C08-23D"
"P6062","BRASS","1/2x1/2x3/4 Std Brass Red Tee","400","1200","3","C08-30E"
"P6063","BRASS","1/2x1/2x3/8 Std Brass Red Tee","400","1200","163","C08-23D"
"P6064","BRASS","1/2x1/2x1/4 Std Brass Red Tee","400","1200","193","C08-23D"
"P6068","BRASS","3/4x3/4x1 Std Brass Red Tee","100","300","83","C08-24D"
"P6069","BRASS","3/4x3/4x1/2 Std Brass Red Tee","300","900","717","C08-26B"
"P6070","BRASS","3/4x3/4x3/8 Std Brass Red Tee","200","600","0","C08-30E"
"P6071","BRASS","3/4x3/4x1/4 Std Brass Red Tee","200","600","159","C08-24D"
"P6072","BRASS","3/4x1/2x3/4 Std Brass Red Tee","300","900","375","C08-26B"
"P6073","BRASS","3/4x1/2x1/2 Std Brass Red Tee","300","900","350","C08-26B"
"P6076","BRASS","1x1x3/4 Std Brass Red Tee","120","360","346","C08-27B"
"P6077","BRASS","1x1x1/2 Std Brass Red Tee","120","360","290","C08-26B"
"P6079","BRASS","1x1x1/4 Std Brass Red Tee","120","360","0","C08-24D"
"P6080","BRASS","1x3/4x1 Std Brass Red Tee","120","360","140","C08-26B"
"P6081","BRASS","1x3/4x3/4 Std Brass Red Tee","150","450","13","C08-26B"
"P6083","BRASS","1x1/2x1 Std Brass Red Tee","100","300","85","C08-24D"
"P6084","BRASS","1x1/2x3/4 Std Brass Red Tee","50","50","72","C08-23E"
"P6085","BRASS","1x1/2x1/2 Std Brass Red Tee","80","240","0","C08-24D"
"P6086","BRASS","1-1/4x1-1/4x1 Std Brass Tee","70","210","94","C08-24D"
"P6087","BRASS","1-1/4x1-1/4x3/4 Std Brass Tee","80","240","43","C08-24D"
"P6088","BRASS","1-1/4x1-1/4x1/2 Std Brass Tee","90","270","21","C08-24D"
"P6093","BRASS","1-1/4x3/4x1-1/4 Std Brass Red Tee","80","240","0","C08-31E"
"P6096","BRASS","1-1/2x1-1/2x2 Std Brass Red Te e","1","1","17","C04-03D"
"P6097","BRASS","1-1/2x1-1/2x1-1/4 Std Brass Re d Tee","52","156","24","C08-25D"
"P6099","BRASS","1-1/2x1-1/2x1/2 Std Brass Red Tee","80","240","78","C08-24D"
"P6107","BRASS","2x2x2-1/2 Std Brass Red Tee","20","60","30","C08-27D"
"P6108","BRASS","2x2x1-1/2 Std Brass Red Tee","40","120","45","C08-25D"
"P6109","BRASS","2x2x1-1/4 Std Brass Red Tee","40","120","36","C08-25D"
"P6110","BRASS","2x2x1 Std Brass Red Tee","75","225","95","C08-27B"
"P6111","BRASS","2x2x3/4 Std Brass Red Tee","75","225","159","C08-27B"
"P6112","BRASS","2x2x1/2 Std Brass Red Tee","50","150","0","C08-25D"
"P6120","BRASS","2-1/2x2-1/2x2 Std Brass Red Te e","80","240","11","C08-31E"
"P6128","BRASS","3x3x2 Std Brass Red Tee","10","30","10","C08-31E"
"P6135","BRASS","1-1/2x1-1/2x1 Std Brass Red Tee","60","180","0","C08-25D"
"P6419","BRASS","1x1/4 Std Brass Hex Bushing","450","1350","487","C08-23B"
"P7329","BRASS","1-1/2x1-1/2x3/4 Brass Red Tee","60","180","120","C08-25D"
"P7637","BRASS","1/2 Brass Ext Pieces","2000","6000","2750","C08-22A"
"P7638","BRASS","3/4 Brass Ext Pieces","600","1800","388","C08-24C"
"P7639","BRASS","1 Brass Ext Pieces","80","240","0","C08-32E"
"P8103","BRASS","3/4x1/2 Brass Face Bushing","200","600","0","C08-32E"
"P8111","BRASS","3/4x1/8 Std Brass Hex Bushing","900","2700","875","C08-22B"
"P8359","BRASS","2-1/2 Std Brass Union","30","90","30","C08-24C"
"P8385","BRASS","3 Std Brass Union","24","72","21","C08-24C"
"P9253","BRASS","1/8 Std Brass Union","600","1800","141","C08-22E"
"P12010","BRASS","1-1/4x1/4 Brass Bushing","70","210","86","C08-25E"
"P5189","BRNIP","1/2x3 Brass Nipple","1600","2800","3912","C08-30A"
"P5190","BRNIP","3/4x3-1/2 Brass Nipple","600","1400","193","C08-28B"
"P5191","BRNIP","3/4x6 Brass Nipple","600","1400","35","C08-29B"
"P5192","BRNIP","1-1/4xCl Brass Nipple","450","1050","29","C08-31B"
"P5193","BRNIP","1-1/4x2 Brass Nipple","450","1050","25","C08-31B"
"P5194","BRNIP","1-1/4x3 Brass Nipple","300","700","426","C08-31B"
"P5195","BRNIP","1-1/4x4 Brass Nipple","300","700","401","C08-31B"
"P5196","BRNIP","1-1/4x6 Brass Nipple","150","350","83","C08-31B"
"P5274","BRNIP","1/4x5 Brass Nipple","600","3300","1040","C08-28D"
"P5275","BRNIP","1/8x5 Brass Nipple","800","4400","106","C08-29E"
"P5508","BRNIP","3/8x3 Brass Nipple","1600","4400","243","C08-29A"
"P5690","BRNIP","3/8xCl Brass Nipple","2400","6600","515","C08-29A"
"P12859","BRNIP","1/2xCl to 6 Brass Nipple Asst.","200","400","10","C08-31D"
"P12860","BRNIP","3/4xCl to 6 Brass Nipple Asst.","100","200","0","C08-30E"
"P12861","BRNIP","1xCl to 6 Brass Nipple Asst.","50","100","15","C08-31D"
"P12863","BRNIP","1-1/4xCl to 6 Brass Nipple Asst.","75","150","26","C08-28E"
"P12868","BRNIP","1-1/2xCl to 6 Brass Nipple Asst.","50","100","30","C08-31D"
"P12869","BRNIP","2xCl to 6 Brass Nipple Asst.","40","80","24","C08-28E"
"P5730","BRNIP","3/4x4 Brass Nipple","900","2100","1771","C08-28B"
"P6139","BRNIP","3/8x1-1/2 Brass Nipple","2400","6600","713","C08-29A"
"P6140","BRNIP","3/8x2 Brass Nipple","2400","6600","56","C08-29A"
"P6141","BRNIP","3/4x4-1/2 Brass Nipple","450","1050","1191","C08-28B"
"P6142","BRNIP","1xCl Brass Nipple","900","2100","1034","C08-29B"
"P6143","BRNIP","1-1/2xCl Brass Nipple","300","700","817","C08-28C"
"P6144","BRNIP","2xCl Brass Nipple","225","375","664","C08-29C"
"P6148","BRNIP","1/4x1-1/2 Brass Nipple","2400","6600","652","C08-28A"
"P6149","BRNIP","1x2 Brass Nipple","600","1400","1165","C08-29B"
"P6150","BRNIP","1x4-1/2 Brass Nipple","300","700","365","C08-30B"
"P6151","BRNIP","1-1/2x6 Brass Nipple","150","250","86","C08-29C"
"P6173","BRNIP","2-1/2xCl Brass Nipple","120","200","51","C08-28C"
"P6174","BRNIP","2-1/2x6 Brass Nipple","40","100","19","C08-29D"
"P6175","BRNIP","1/4x2-1/2 Brass Nipple","2400","6600","2178","C08-28A"
"P6177","BRNIP","2x6 Brass Nipple","180","300","288","C08-30C"
"P6179","BRNIP","1/8xCl Brass Nipple","1800","6600","502","C08-31C"
"P6180","BRNIP","1/8x3 Brass Nipple","1800","6600","394","C08-31C"
"P6181","BRNIP","3/8x4 Brass Nipple","1200","2100","236","C08-29A"
"P6188","BRNIP","1/8x2-1/2 Brass Nipple","1200","6600","150","C08-28E"
"P6189","BRNIP","1/8x4 Brass Nipple","1200","6600","46","C08-28E"
"P6190","BRNIP","1/4x2 Brass Nipple","2400","6600","996","C08-28A"
"P6191","BRNIP","1/4x3-1/2 Brass Nipple","1200","4400","1007","C08-31C"
"P6192","BRNIP","1/4x4 Brass Nipple","1600","4400","74","C08-28A"
"P6193","BRNIP","1/4x4-1/2 Brass Nipple","800","4400","158","C08-29E"
"P6194","BRNIP","1/4x5-1/2 Brass Nipple","600","3300","166","C08-29E"
"P6195","BRNIP","3/8x3-1/2 Brass Nipple","800","2800","214","C08-28D"
"P6196","BRNIP","3/8x4-1/2 Brass Nipple","600","2100","51","C08-29E"
"P6197","BRNIP","3/8x5 Brass Nipple","1200","2100","198","C08-29A"
"P6198","BRNIP","3/8x5-1/2 Brass Nipple","400","1400","198","C08-28E"
"P6199","BRNIP","3/8x6 Brass Nipple","800","1400","1","C08-29A"
"P6200","BRNIP","1/2x4-1/2 Brass Nipple","800","1400","2078","C08-31A"
"P6201","BRNIP","1/2x5 Brass Nipple","800","1400","1724","C08-31A"
"P6202","BRNIP","3/4x5 Brass Nipple","300","700","405","C08-29B"
"P6203","BRNIP","3/4x5-1/2 Brass Nipple","300","700","608","C08-29B"
"P6204","BRNIP","1x2-1/2 Brass Nipple","600","1400","21","C08-29B"
"P6205","BRNIP","1x3 Brass Nipple","450","1050","735","C08-30B"
"P6206","BRNIP","1x3-1/2 Brass Nipple","450","1050","278","C08-30B"
"P6207","BRNIP","1x4 Brass Nipple","300","700","1372","C08-30B"
"P6208","BRNIP","1x5 Brass Nipple","300","700","603","C08-30B"
"P6209","BRNIP","1x5-1/2 Brass Nipple","225","525","315","C08-30B"
"P6210","BRNIP","1x6 Brass Nipple","225","525","415","C08-30B"
"P6211","BRNIP","1-1/4x2-1/2 Brass Nipple","450","1050","105","C08-31B"
"P6212","BRNIP","1-1/4x3-1/2 Brass Nipple","300","700","263","C08-31B"
"P6213","BRNIP","1-1/4x4-1/2 Brass Nipple","150","525","138","C08-28D"
"P6214","BRNIP","1-1/4x5 Brass Nipple","225","525","309","C08-31C"
"P6215","BRNIP","1-1/2x2 Brass Nipple","225","525","556","C08-28C"
"P6216","BRNIP","1-1/2x2-1/2 Brass Nipple","225","375","311","C08-28C"
"P6217","BRNIP","1-1/2x3 Brass Nipple","150","250","268","C08-28C"
"P6218","BRNIP","1-1/2x3-1/2 Brass Nipple","150","250","307","C08-28C"
"P6219","BRNIP","1-1/2x4 Brass Nipple","150","250","443","C08-28C"
"P6220","BRNIP","1-1/2x4-1/2 Brass Nipple","150","250","306","C08-28C"
"P6221","BRNIP","1-1/2x5 Brass Nipple","150","250","431","C08-29C"
"P6222","BRNIP","2x2-1/2 Brass Nipple","150","250","482","C08-29C"
"P6223","BRNIP","2x3 Brass Nipple","300","500","613","C08-29C"
"P6224","BRNIP","2x3-1/2 Brass Nipple","120","200","200","C08-30C"
"P6225","BRNIP","2x4 Brass Nipple","240","400","356","C08-30C"
"P6226","BRNIP","2x4-1/2 Brass Nipple","120","200","206","C08-30C"
"P6227","BRNIP","2x5 Brass Nipple","120","200","134","C08-30C"
"P6228","BRNIP","2x5-1/2 Brass Nipple","90","150","228","C08-31C"
"P6241","BRNIP","1/8x2 Brass Nipple","1800","6600","2693","C08-31C"
"P6263","BRNIP","2-1/2x3 Brass Nipple","80","200","122","C08-30D"
"P6300","BRNIP","1-1/2x5-1/2 Brass Nipple","150","250","350","C08-29C"
"P6330","BRNIP","1/8x4-1/2 Brass Nipple","800","4400","100","C08-28E"
"P6351","BRNIP","3/4x12 Brass Nipple","10","25","1","C08-30E"
"P7270","BRNIP","2x8 Brass Nipple","40","100","54","C08-29D"
"P7305","BRNIP","2x10 Brass Nipple","15","30","0","C08-30E"
"P7306","BRNIP","2x12 Brass Nipple","6","15","0","C08-30D"
"P7419","BRNIP","1/8x3-1/2 Brass Nipple","1200","6600","0","C08-28E"
"P7469","BRNIP","1-1/4x5-1/2 Brass Nipple","150","525","163","C08-29D"
"P7632","BRNIP","1/8x5-1/2 Brass Nipple","800","4400","395","C08-28E"
"P7744","BRNIP","3xCl Brass Nipple","60","150","6","C08-31D"
"P7745","BRNIP","3x3-1/2 Brass Nipple","30","75","40","C08-30D"
"P7746","BRNIP","3x4 Brass Nipple","30","75","8","C08-30D"
"P7750","BRNIP","3x6 Brass Nipple","20","50","62","C08-29D"
"P7751","BRNIP","3x4-1/2 Brass Nipple","30","75","31","C08-30D"
"P7753","BRNIP","3x5 Brass Nipple","30","75","50","C08-29D"
"P7755","BRNIP","3x5-1/2 Brass Nipple","30","75","0","C08-30E"
"P7756","BRNIP","4xCl Brass Nipple","40","100","9","C08-29E"
"P7825","BRNIP","1x10 Brass Nipple","100","250","22","C08-30E"
"P8117","BRNIP","2-1/2x3-1/2 Brass Nipple","60","150","33","C08-30D"
"P8120","BRNIP","2-1/2x4 Brass Nipple","60","150","14","C08-31D"
"P8121","BRNIP","2-1/2x4-1/2 Brass Nipple","60","150","8","C08-29E"
"P8122","BRNIP","2-1/2x5 Brass Nipple","40","100","17","C08-30D"
"P8123","BRNIP","2-1/2x5-1/2 Brass Nipple","40","100","23","C08-31D"
"P8124","BRNIP","3x3 Brass Nipple","40","100","121","C08-29D"
"P8130","BRNIP","4x6 Brass Nipple","16","40","10","C08-29D"
"P8242","BRNIP","1x12 Brass Nipple","6","15","3","C08-31D"
"P8520","BRNIP","1x7 Brass Nipple","100","350","13","C08-29E"
"P8521","BRNIP","1x8 Brass Nipple","100","350","102","C08-29E"
"P8613","BRNIP","1/2x8 Brass Nipple","200","700","-22","C08-29E"
"P8789","BRNIP","1/2x10 Brass Nipple","150","525","92","C08-29E"
"P9043","BRNIP","1/2x7 Brass Nipple","200","700","-4","C08-30E"
"P9134","BRNIP","1/2x6-1/2 Brass Nipple","200","500","0","C08-30E"
"P9503","BRNIP","1/2x12 Brass Nipple","30","70","260","C08-28C"
"P9675","BRNIP","3/4x8 Brass Nipple","150","375","0","C08-30E"
"P9677","BRNIP","3/4x10 Brass Nipple","100","250","0","C08-30E"
"P3135","BRNIP","3/4x2 Brass Nipple","1200","2100","216","C08-31A"
"P3531","BRNIP","1/4x3 Brass Nipple","2400","6600","69","C08-28A"
"P3570","BRNIP","1/2x2-1/2 Brass Nipple","1600","2800","1711","C08-30A"
"P10744","BRNIP","1/4x8 Brass Nipple","400","2200","310","C08-28D"
"P10768","BRNIP","4x3-1/2 Brass Nipple","20","50","8","C08-29E"
"P3664","BRNIP","1/2x5-1/2 Brass Nipple","800","1400","1870","C08-31A"
"P3665","BRNIP","1/2x6 Brass Nipple","800","1400","735","C08-31A"
"P3666","BRNIP","3/4x2-1/2 Brass Nipple","900","2100","999","C08-28B"
"P3818","BRNIP","3/8x2-1/2 Brass Nipple","800","4400","191","C08-28E"
"P3938","BRNIP","1/8x6 Brass Nipple","1200","4400","889","C08-31C"
"P4192","BRNIP","1/2xCl Brass Nipple","2400","4200","696","C08-30A"
"P4193","BRNIP","1/2x1-1/2 Brass Nipple","2400","4200","441","C08-30A"
"P4194","BRNIP","3/4xCl Brass Nipple","1600","2800","353","C08-31A"
"P4195","BRNIP","3/4x1-1/2 Brass Nipple","1600","2800","1147","C08-31A"
"P4350","BRNIP","1/4x6 Brass Nipple","1200","3300","217","C08-28A"
"P4416","BRNIP","1/4xCl Brass Nipple","2400","6600","575","C08-28A"
"P4595","BRNIP","1/8x1-1/2 Brass Nipple","1200","6600","81","C08-28E"
"P4635","BRNIP","1/2x2 Brass Nipple","2400","4200","1921","C08-30A"
"P4636","BRNIP","1/2x3-1/2 Brass Nipple","1200","2100","1095","C08-30A"
"P4637","BRNIP","1/2x4 Brass Nipple","1200","2100","2515","C08-30A"
"P4638","BRNIP","3/4x3 Brass Nipple","1200","2800","1144","C08-28B"
"P7191","CAST","6x4 Cast Iron 90 Elbow","100","275","0","C02-06D"
"P7192","CAST","3/4x3/4x1/2 Cast Iron Tee","100","275","0","C02-06C"
"P7193","CAST","3x3/4x3 Cast Iron Tee","100","275","0","C02-06D"
"P7194","CAST","3x1x3 Cast Iron Tee","100","275","0","C02-06D"
"P7526","CAST","1/2 Cast Iron 90 Elbow","400","1100","515","C02-01D"
"P7527","CAST","3/4 Cast Iron 90 Elbow","400","1100","681","C02-01B"
"P7528","CAST","1 Cast Iron 90 Elbow","2,400","5,220","3716","C02-01A"
"P7529","CAST","1-1/4 Cast Iron 90 Elbow","864","1584","1328","C02-02A"
"P7531","CAST","1-1/2 Cast Iron 90 Elbow","416","832","1768","C02-02A"
"P7532","CAST","2 Cast Iron 90 Elbow","1,005","1,845","667","C02-03A"
"P7533","CAST","2-1/2 Cast Iron 90 Elbow","102","174","322","C02-04A"
"P7534","CAST","3 Cast Iron 90 Elbow","76","136","124","C02-04A"
"P7535","CAST","3/4x1/2 Cast Iron 90 Elbow","360","990","108","C02-01B"
"P7536","CAST","1x1/2 Cast Iron 90 Elbow","400","1100","1090","C02-01B"
"P7537","CAST","1x3/4 Cast Iron 90 Elbow","320","880","723","C02-01B"
"P7538","CAST","1-1/4x1/2 Cast Iron 90 Elbow","240","660","0","C02-01D"
"P7539","CAST","1-1/4x3/4 Cast Iron 90 Elbow","240","660","67","C02-01B"
"P7540","CAST","1-1/4x1 Cast Iron 90 Elbow","180","495","317","C02-01B"
"P7541","CAST","1-1/2x1/2 Cast Iron 90 Elbow","200","550","119","C02-02B"
"P7542","CAST","1-1/2x3/4 Cast Iron 90 Elbow","144","396","0","C02-01D"
"P7543","CAST","1-1/2x1 Cast Iron 90 Elbow","144","396","122","C02-02B"
"P7544","CAST","1-1/2x1-1/4 Cast Iron 90 Elbow","112","308","256","C02-02B"
"P7545","CAST","2x1/2 Cast Iron 90 Elbow","80","220","27","C02-01D"
"P7546","CAST","2x3/4 Cast Iron 90 Elbow","128","352","107","C02-02B"
"P7547","CAST","2x1 Cast Iron 90 Elbow","104","286","71","C02-02B"
"P7548","CAST","2x1-1/4 Cast Iron 90 Elbow","88","242","278","C02-02B"
"P7549","CAST","2x1-1/2 Cast Iron 90 Elbow","72","198","197","C02-02B"
"P7550","CAST","1/2 Cast Iron 45 Elbow","400","1100","73","C02-03B"
"P7551","CAST","3/4 Cast Iron 45 Elbow","400","1100","0","C02-03B"
"P7552","CAST","1 Cast Iron 45 Elbow","280","770","341","C02-03B"
"P7553","CAST","1-1/4 Cast Iron 45 Elbow","160","440","672","C02-03B"
"P7554","CAST","1-1/2 Cast Iron 45 Elbow","120","330","137","C02-03B"
"P7555","CAST","2 Cast Iron 45 Elbow","252","432","744","C02-05A"
"P7556","CAST","2-1/2 Cast Iron 45 Elbow","32","88","-7","C02-03B"
"P7557","CAST","3 Cast Iron 45 Elbow","16","44","-2","C02-04B"
"P7558","CAST","4 Cast Iron 45 Elbow","8","22","0","C02-04B"
"P7559","CAST","1/2 Cast Iron Tee","400","1100","0","C02-04B"
"P7560","CAST","3/4 Cast Iron Tee","240","660","355","C02-04B"
"P7561","CAST","1 Cast Iron Tee","624","1,196","3025","C02-05A"
"P7562","CAST","1-1/4 Cast Iron Tee","116","319","311","C02-04B"
"P7563","CAST","1-1/2 Cast Iron Tee","88","242","267","C02-04B"
"P7564","CAST","2 Cast Iron Tee","276","492","591","C02-06A"
"P7565","CAST","1x1x1/2 Cast Iron Tee","224","616","619","C02-05B"
"P7566","CAST","1x1/2x1 Cast Iron Tee","224","616","197","C02-05B"
"P7567","CAST","1x1x3/4 Cast Iron Tee","224","616","53","C02-05B"
"P7568","CAST","1x3/4x1 Cast Iron Tee","224","616","172","C02-05B"
"P7569","CAST","1x1x1-1/4 Cast Iron Tee","168","462","30","C02-05B"
"P7570","CAST","1-1/4x1-1/4x1/2 Cast Iron Tee","160","440","476","C02-05B"
"P7571","CAST","1-1/4x1-1/4x3/4 Cast Iron Tee","152","418","298","C02-05B"
"P7572","CAST","1-1/4x1-1/4x1 Cast Iron Tee","152","418","412","C02-05B"
"P7573","CAST","1-1/4x1x1/2 Cast Iron Tee","200","550","89","C02-06B"
"P7574","CAST","1-1/4x1x3/4 Cast Iron Tee","120","330","34","C02-06B"
"P7575","CAST","1-1/4x1x1 Cast Iron Tee","152","418","19","C02-06B"
"P7576","CAST","1-1/4x1/2x1-1/4 Cast Iron Tee","96","264","55","C02-06B"
"P7577","CAST","1-1/4x3/4x1-1/4 Cast Iron Tee","96","264","238","C02-06B"
"P7578","CAST","1-1/4x1x1-1/4 Cast Iron Tee","132","363","200","C02-01C"
"P7579","CAST","1-1/4x1x1-1/2 Cast Iron Tee","108","297","49","C02-01C"
"P7580","CAST","1-1/4x1-1/4x1-1/2 Cast Iron Tee","100","275","43","C02-06B"
"P7581","CAST","1-1/2x1-1/2x1/2 Cast Iron Tee","120","330","45","C02-02C"
"P7582","CAST","1-1/2x1-1/2x3/4 Cast Iron Tee","120","330","99","C02-02C"
"P7583","CAST","1-1/2x1/2x1-1/4 Cast Iron Tee","80","220","0","C02-02D"
"P7584","CAST","1-1/2x1/2x1-1/2 Cast Iron Tee","64","176","112","C02-01C"
"P7585","CAST","1-1/2x3/4x1-1/4 Cast Iron Tee","60","165","91","C02-01C"
"P7586","CAST","1-1/2x3/4x1-1/2 Cast Iron Tee","64","176","129","C02-01C"
"P7587","CAST","1-1/2x1-1/2x1 Cast Iron Tee","104","286","209","C02-02C"
"P7588","CAST","1-1/2x1x1/2 Cast Iron Tee","80","220","81","C02-02D"
"P7589","CAST","1-1/2x1x3/4 Cast Iron Tee","80","220","25","C02-02D"
"P7590","CAST","1-1/2x1x1 Cast Iron Tee","128","352","182","C02-01C"
"P7591","CAST","1-1/2x1x1-1/4 Cast Iron Tee","108","297","8","C02-01C"
"P7592","CAST","1-1/2x1x1-1/2 Cast Iron Tee","96","264","0","C02-01C"
"P7593","CAST","1-1/2x1-1/2x1-1/4 Cast Iron Tee","100","275","370","C02-02C"
"P7594","CAST","1-1/2x1-1/4x1/2 Cast Iron Tee","120","330","43","C02-01C"
"P7595","CAST","1-1/2x1-1/4x3/4 Cast Iron Tee","100","275","0","C02-02C"
"P7596","CAST","1-1/2x1-1/4x1 Cast Iron Tee","120","330","209","C02-02C"
"P7597","CAST","1-1/2x1-1/4x1-1/4 Cast Iron Tee","100","275","18","C02-02C"
"P7598","CAST","1-1/2x1-1/4x1-1/2 Cast Iron Tee","60","165","31","C02-02C"
"P7599","CAST","1-1/2x1-1/4x2 Cast Iron Tee","64","176","16","C02-02C"
"P7600","CAST","1-1/2x1-1/2x2 Cast Iron Tee","72","198","-2","C02-03C"
"P7601","CAST","2x2x1/2 Cast Iron Tee","48","132","77","C02-04C"
"P7602","CAST","2x2x3/4 Cast Iron Tee","48","132","110","C02-04C"
"P7603","CAST","2x2x1 Cast Iron Tee","48","132","212","C02-05C"
"P7604","CAST","2x2x1-1/2 Cast Iron Tee","48","132","3","C02-05C"
"P7605","CAST","2x1x2 Cast Iron Tee","48","132","82","C02-03C"
"P7606","CAST","2x1-1/4x2 Cast Iron Tee","48","132","29","C02-04C"
"P7607","CAST","2x1-1/2x1/2 Cast Iron Tee","96","264","48","C02-04C"
"P7608","CAST","2x1-1/2x3/4 Cast Iron Tee","80","220","18","C02-04C"
"P7609","CAST","2x1-1/2x1 Cast Iron Tee","76","209","167","C02-04C"
"P7610","CAST","2x1-1/2x1-1/4 Cast Iron Tee","64","176","33","C02-04C"
"P7611","CAST","2x1-1/2x1-1/2 Cast Iron Tee","64","176","32","C02-04C"
"P7612","CAST","2x1-1/2x2 Cast Iron Tee","56","154","14","C02-04C"
"P7613","CAST","2x2x1-1/4 Cast Iron Tee","48","132","117","C02-05C"
"P7614","CAST","2x2x2-1/2 Cast Iron Tee","32","88","0","C02-02D"
"P7615","CAST","1x1/2 Cast Iron Red. CPLG","1200","2300","100","C02-06A"
"P7616","CAST","1x3/4 Cast Iron Red. CPLG","400","1100","138","C02-05C"
"P7617","CAST","2x1 Cast Iron Red. CPLG","96","264","166","C02-06C"
"P8336","CAST","4 Cast Iron 90 Elbow","8","22","19","C02-01B"
"P8338","CAST","2-1/2 Cast Iron Tee","24","66","23","C02-04B"
"P8339","CAST","3 Cast Iron Tee","16","44","22","C02-04B"
"P8340","CAST","4 Cast Iron Tee","8","22","4","C02-04B"
"P8341","CAST","2-1/2x1 Cast Iron 90 Elbow","32","88","0","C02-01D"
"P8342","CAST","2-1/2x1-1/4 Cast Iron 90 Elbow","32","88","10","C02-02B"
"P8343","CAST","2-1/2x1-1/2 Cast Iron 90 Elbow","32","88","16","C02-03B"
"P8344","CAST","2-1/2x2 Cast Iron 90 Elbow","32","88","166","C02-03B"
"P8345","CAST","3x2 Cast Iron 90 Elbow","16","44","115","C02-03B"
"P8347","CAST","1-1/4x1 Cast Iron Red. CPLG","160","440","230","C02-02D"
"P8348","CAST","1x3/4x3/4 Cast Iron Tee","224","616","0","C02-03D"
"P8349","CAST","3x3x1-1/4 Cast Iron Tee","24","66","30","C02-05C"
"P8350","CAST","3x3x1-1/2 Cast Iron Tee","24","66","8","C02-02D"
"P8351","CAST","3x3x2 Cast Iron Tee","16","44","29","C02-02D"
"P8361","CAST","2x1-1/4x3/4 Cast Iron Tee","48","132","0","C02-04D"
"P8368","CAST","2x1-1/4 Cast Iron Cross","48","132","0","C02-04D"
"P8369","CAST","2x1 Cast Iron Cross","48","132","0","C02-04D"
"P8370","CAST","1-1/4 Cast Iron Cross","152","418","41","C02-06C"
"P8371","CAST","2 Cast Iron Cross","48","132","0","C02-03D"
"P8372","CAST","1-1/2x1-1/4 Cast Iron Cross","120","330","0","C02-03D"
"P8373","CAST","1-1/4x1 Cast Iron Cross","152","418","0","C02-06C"
"P8374","CAST","2x1-1/2 Cast Iron Cross","48","132","0","C02-04D"
"P8375","CAST","1 Cast Iron Cross","224","616","30","C02-06C"
"P8377","CAST","1-1/2x1 Cast Iron Cross","120","330","0","C02-03D"
"P8378","CAST","1-1/2 Cast Iron Cross","120","330","0","C02-03D"
"P8537","CAST","2x3/4x2 Cast Iron Tee","40","110","123","C02-03C"
"P9707","CAST","2-1/2x2 Cast Iron Tee","32","88","52","C02-06C"
"P9789","CAST","1x1x1-1/2 Cast Iron Tee","136","374","14","C02-05B"
"P10103","CAST","1-1/4x1-1/4x2 Cast Iron Tee","80","220","20","C02-06B"
"P10781","CAST","6 Cast Iron Tee","100","275","0","C02-06D"
"P10782","CAST","6 Cast Iron 90 Elbow","100","275","0","C02-06D"
"P10861","CAST","6x3 Cast Iron 90 Elbow","100","275","0","C02-06D"
"P10872","CAST","5 Cast Iron 90 Elbow","48","132","0","C02-05D"
"P10873","CAST","5 Cast Iron 45 Elbow","48","132","0","C02-05D"
"P10874","CAST","5x5x3 Cast Iron Tee","48","132","0","C02-06D"
"P10981","CAST","5 Cast Iron Tee","48","132","0","C02-05D"
"P10998","CAST","5x2 Cast Iron 90 Elbow","48","132","0","C02-05D"
"P10999","CAST","5x2-1/2 Cast Iron 90 Elbow","48","132","0","C02-05D"
"P11039","CAST","4x4x3 Cast Iron Tee","8","22","0","C02-05D"
"P11104","CAST","3x1-1/2 Cast Iron 90 Elbow","16","44","0","C02-04D"
"P11152","CAST","1-1/2x3/4 Cast Iron Red. CPLG","40","110","198","C02-03D"
"P11153","CAST","2x1-1/4 Cast Iron Red. CPLG","96","264","105","C02-06C"
"P11154","CAST","2x1x1 Cast Iron Tee","40","110","30","C02-03C"
"P11155","CAST","2x1x1-1/4 Cast Iron Tee","64","176","46","C02-03C"
"P11157","CAST","2x1x1-1/2 Cast Iron Tee","40","110","0","C02-03C"
"P11158","CAST","2x1-1/4x1 Cast Iron Tee","48","132","30","C02-03C"
"P11159","CAST","2x1-1/4x1-1/4 Cast Iron Tee","32","88","41","C02-03C"
"P11160","CAST","2x1-1/4x1-1/2 Cast Iron Tee","72","198","24","C02-03C"
"P11179","CAST","4x4x2-1/2 Cast Iron Tee","8","22","0","C02-05D"
"P11180","CAST","2-1/2x2-1/2x3/4 Cast Iron Tee","32","88","0","C02-03D"
"P11181","CAST","3x3x2-1/2 Cast Iron Tee","16","44","0","C02-04D"
"P11182","CAST","4x2-1/2 Cast Iron 90 Elbow","8","22","0","C02-04D"
"P11969","CAST","4x2 Cast Iron Tee","8","22","4","C02-06C"
"P11970","CAST","2-1/2x1-1/2 Cast Iron Tee","32","88","0","C02-03D"
"P11979","CAST","4x3 Cast Iron Elbow","8","22","0","C02-05D"
"P11980","CAST","4x2 Cast Iron Elbow","8","22","0","C02-04D"
"P12918","CON","18"" SS Braided Water Heater Connector (1/2"" Push x 3/4"" FIP)","50","100","250","C06-22D"
"P12919","CON","18"" SS Braided Water Heater Connector (3/4"" Push x 3/4"" FIP)","50","150","65","C06-20C"
"P13150","CON","18"" SS Corrugated Water Heater Connector (3/4"" FIP x 3/4"" FIP)","50","150","72","C06-20C"
"P13151","CON","18"" SS Corrugated Water Heater Connector (3/4"" FIP x 3/4"" PEX F1807)","50","150","271","C06-20C"
"P13152","CON","20"" SS Braided Faucet Connector (3/8"" COMP x 1/2"" FEM)","2050","4100","6278","C06-20A"
"P13153","CON","12"" SS Braided Toilet Connector (3/8"" COMP x 7/8"" Ballcock)","2500","4500","2971","C06-24A"
"P13154","CON","16"" SS Braided Toilet Connector (3/8"" COMP x 7/8"" Ballcock)","200","1600","1605","C06-20B"
"P13155","CON","60"" SS Braided Dishwasher Connector w/ Fem Elbow (3/8"" COMP w/ Elbow x 3/8"" COMP w/ 3/4"" Elbow)","100","315","299","C06-18B"
"P13156","CON","18"" SS Corrugated Water Heater Connector (3/4"" FIP x 3/4"" PEX F1960)","50","100","500","C06-22E"
"P13157","CON","24"" SS Corrugated Water Heater Connector (3/4"" FIP x 3/4"" FIP)","50","150","50","C06-20C"
"P13158","CON","24"" SS Corrugated Water Heater Connector (3/4"" FIP x 3/4"" PEX F1807)","50","100","300","C06-20E"
"P13159","CON","24"" SS Corrugated Water Heater Connector (3/4"" FIP x 3/4"" PEX F1960)","50","100","350","C06-22E"
"P13160","CON","300"" SS Braided Ice Maker Connector (1/4"" COMP x 1/4"" COMP)","20","40","0","C06-18D"
"P13161","CON","72"" SS Braided Faucet Connector (3/8"" COMP x 1/2"" FEM)","100","250","30","C06-18A"
"P13162","CON","9"" SS Braided Toilet Connector (3/8"" COMP x 7/8"" Ballcock)","400","1000","410","C06-18A"
"P13163","CON","20"" SS Braided Toilet Connector (3/8"" COMP x 7/8"" Ballcock)","200","600","1926","C06-20B"
"P13164","CON","12"" SS Braided Faucet Connector (3/8"" COMP x 1/2"" FEM)","400","1000","1076","C06-20A"
"P13165","CON","16"" SS Braided Faucet Connector (3/8"" COMP x 1/2"" FEM)","400","1000","186","C06-20A"
"P13167","CON","30"" SS Braided Faucet Connector (3/8"" COMP x 1/2"" FEM)","1700","2800","2424","C06-18A"
"P13169","CON","72"" SS Braided Dishwasher Connector w/ Fem Elbow (3/8"" COMP w/ Elbow x 3/8"" COMP w/ 3/4"" Elbow)","50","150","95","C06-18B"
"P13170","CON","48"" SS Braided Dishwasher Connector w/ Fem Elbow (3/8"" COMP w/ Elbow x 3/8"" COMP w/ 3/4"" Elbow)","50","150","49","C06-18B"
"P13172","CON","84"" SS Braided Dishwasher Connector w/ Fem Elbow (3/8"" COMP w/ Elbow x 3/8"" COMP w/ 3/4"" Elbow)","50","150","123","C06-18B"
"P13173","CON","60"" SS Braided Ice Maker Connector (1/4"" COMP x 1/4"" COMP)","250","400","10","C06-20B"
"P13174","CON","72"" SS Braided Ice Maker Connector (1/4"" COMP x 1/4"" COMP)","50","150","20","C06-20B"
"P13175","CON","18"" SS Braided Water Heater Connector (3/4"" FIP x 3/4"" FIP)","50","150","46","C06-18B"
"P13176","CON","48"" SS Braided Washing Machine Connector (3/4"" FIP x 3/4"" FIP)","40","80","0","C06-18D"
"P13177","CON","60"" SS Braided Washing Machine Connector (3/4"" FIP x 3/4"" FIP)","40","120","30","C06-18B"
"P13178","CON","72"" SS Braided Washing Machine Connector (3/4"" FIP x 3/4"" FIP)","40","120","158","C06-18B"
"P13188","CON","12 SS Braided Dishwasher Connector (3/8 COMP x 3/8 COMP)","200","400","0","C06-20D"
"P13189","CON","20 SS Braided Dishwasher Connector (3/8 COMP x 3/8 COMP)","200","400","0","C06-22D"
"P13190","CON","120"" SS Braided Ice Maker Connector (1/4"" COMP x 1/4"" COMP)","50","150","19","C06-20B"
"P13191","CON","18"" SS Braided Water Heater Connector (3/4"" Push Ball Valve x 3/4"" FIP) - Full Port","50","100","-24","C06-18E"
"P13192","CON","12"" SS Braided Water Heater Connector (3/4"" PUSH x 3/4"" FIP)","50","100","0","C06-22D"
"P13235","CON","18"" SS Corrugated Water Heater Connector (3/4"" FIP x 3/4"" Sweat)","50","150","75","C06-20C"
"P13239","CON","24"" SS Corrugated Water Heater Connector (3/4"" FIP x 3/4"" Sweat)","50","150","75","C06-20C"
"P13374","CON","24"" SS Braided Water Heater Connector (3/4"" PUSH x 3/4"" FIP) - Full Port","50","100","20","C06-18E"
"P13375","CON","12"" SS Braided Water Heater Connector (3/4"" PUSH x 3/4"" FIP) - Full Port","50","100","0","C06-20E"
"P13376","CON","18"" SS Braided Water Heater Connector (3/4"" PUSH x 3/4"" FIP) - Full Port","50","100","264","C06-18E"
"P13377","CON","12"" SS Braided Faucet Connector Delta (3/8 MIP COMP x 3/8 FIP COMP)","400","1000","75","C06-18A"
"P13378","CON","20"" SS Braided Faucet Connector Delta (3/8 MIP COMP x 3/8 FIP COMP)","200","600","55","C06-20B"
"P13380","CON","48"" Washing Machine Connectors (Two-Color Pair) (3/4"" FIP x 3/4"" FIP)","40","120","60","C06-20C"
"P13381","CON","60"" Washing Machine Connectors (Two-Color Pair) (3/4"" FIP x 3/4"" FIP)","40","80","60","C06-22D"
"P13382","CON","72"" Washing Machine Connectors (Two-Color Pair) (3/4"" FIP x 3/4"" FIP)","40","80","60","C06-20E"
"P13383","CON","120"" Washing Machine Connectors (Two-Color Pair) (3/4"" FIP x 3/4"" FIP)","20","60","30","C06-20C"
"P13384","CON","144"" Washing Machine Connectors (Two-Color Pair) (3/4"" FIP x 3/4"" FIP)","24","72","12","C06-18C"
"P13385","CON","36"" Washing Machine Connector (Black) (3/4"" FIP x 3/4"" FIP)","80","160","0","C06-20D"
"P13386","CON","48"" Washing Machine Connector (Black) (3/4"" FIP x 3/4"" FIP)","80","240","120","C06-18C"
"P13387","CON","60"" Washing Machine Connector (Black) (3/4"" FIP x 3/4"" FIP)","80","240","120","C06-18C"
"P13388","CON","72"" Washing Machine Connector (Black) (3/4"" FIP x 3/4"" FIP)","80","160","120","C06-20E"
"P13389","CON","96"" Washing Machine Connector (Black) (3/4"" FIP x 3/4"" FIP)","80","160","120","C06-22E"
"P13390","CON","120"" Washing Machine Connector (Black) (3/4"" FIP x 3/4"" FIP)","40","120","60","C06-18C"
"P13391","CON","144"" Washing Machine Connector (Black) (3/4"" FIP x 3/4"" FIP)","40","80","0","C06-20D"
"P13392","CON","12"" Washing Machine Connector (Wye) (3/4"" FIP x 3/4"" FIP)","100","200","0","C06-20D"
"P13393","CON","72"" Washing Machine Discharge Hose","20","40","0","C06-20D"
"P13394","CON","96"" Washing Machine Discharge Hose","20","40","0","C06-20D"
"P13395","CON","9"" SS Braided Toilet Connector Metal Nut (3/8"" COMP x 7/8"" Ballcock)","200","400","100","C06-22D"
"P13396","CON","12"" SS Braided Toilet Connector Metal Nut (3/8"" COMP x 7/8"" Ballcock)","200","600","0","C06-18C"
"P13397","CON","20"" SS Braided Toilet Connector Metal Nut (3/8"" COMP x 7/8"" Ballcock)","200","600","200","C06-18C"
"P13398","CON","30"" SS Braided Toilet Connector Metal Nut (3/8"" COMP x 7/8"" Ballcock)","100","300","150","C06-20C"
"P5032","COPC","1-1/4x1/2x1 711RR Red Tee CxCx C","50","50","0","C06-35E"
"P5036","COPC","1-1/2x1/2x1-1/4 711RR Red Tee CxCxC","50","50","0","C06-35E"
"P5043","COPC","1/2 Tees C x C x F","100","200","511","C06-35B"
"P5045","COPC","3/4 Tees C x C x F","100","200","997","C06-35B"
"P5046","COPC","1 Tees C x C x F","100","100","212","C06-35E"
"P5047","COPC","1-1/4 Tees C x C x F","50","50","0","C06-35E"
"P5048","COPC","1-1/2 Tees C x C x F","50","50","0","C06-35E"
"P5050","COPC","2 Tees C x C x F","25","25","0","C06-35E"
"P5057","COPC","1/2x1/2x3/8 Red Tee C x C x F","250","250","126","C06-35E"
"P5059","COPC","3/4x3/4x1 Red Tee CxCxF","100","100","0","C06-35E"
"P5060","COPC","3/4x3/4x1/2 Red Tee CxCxF","200","1200","4","C06-35B"
"P5062","COPC","3/4x3/4x3/8 Red Tee C x C x F","250","250","0","C06-35E"
"P5064","COPC","3/4x1/2x3/4 Red Tee C x C x F","250","250","0","C06-35E"
"P5066","COPC","3/4x1/2x1/2 Red Tee C x C x F","250","250","0","C06-35E"
"P5067","COPC","1x1x3/4 Red Tee CxCxF","250","250","486","C06-35C"
"P5068","COPC","1x1x1/2 Red Tee CxCxF","100","100","214","C06-35C"
"P5069","COPC","1x1x3/8 Red Tee C x C x F","100","100","0","C06-35E"
"P5071","COPC","1-1/4x1-1/4x1 Red Tee CxCxF","100","100","0","C06-35E"
"P5072","COPC","1-1/4x1-1/4x3/4 Red Tee CxCxF","100","100","337","C06-35E"
"P5073","COPC","1-1/4x1-1/4x1/2 Red Tee CxCxF","150","150","65","C06-35E"
"P5075","COPC","1-1/2x1-1/2x1 Red Tee CxCxF","50","50","0","C06-35E"
"P5076","COPC","1-1/2x1-1/2x3/4 Red Tee CxCxF","50","50","13","C06-35E"
"P5078","COPC","1-1/2x1-1/2x1/2 Red Tee CxCxF","50","50","20","C06-35E"
"P5079","COPC","2x2x1-1/2 Red Tee C x C x F","25","25","0","C06-35E"
"P5080","COPC","2x2x1 Red Tee C x C x F","25","25","5","C06-35E"
"P5082","COPC","2x2x3/4 Red Tee C x C x F","50","50","20","C06-35E"
"P5084","COPC","2x2x1/2 Red Tee CxCxF","25","25","0","C06-35E"
"P5089","COPC","1/2 Tees C x F x C","250","250","618","C06-35E"
"P5092","COPC","3/4 Tees C x F x C","250","250","0","C06-35E"
"P5093","COPC","1 Tees C x F x C","200","200","0","C06-35E"
"P5095","COPC","1-1/4 Tees C x F x C","50","50","0","C06-35E"
"P5096","COPC","1-1/2 Tees C x F x C","50","50","0","C06-35E"
"P5100","COPC","1/2x3/4x1/2 714RR Red Tee CxFx C","250","250","0","C06-35E"
"P5101","COPC","1/2x3/8x1/2 714RR Red Tee CxFx C","250","250","0","C06-35E"
"P5102","COPC","3/4x1/2x3/4 Red Tee CxFxC","100","100","185","C06-35C"
"P5103","COPC","1x3/4x1 714RR Red Tee CxFxC","100","100","12","C06-35E"
"P5104","COPC","1x1/2x1 714RR Red Tee CxFxC","100","100","0","C06-35E"
"P5105","COPC","1-1/4x3/4x1-1/4 714RR TeeCxFxC","50","50","0","C06-35E"
"P5106","COPC","1-1/4x1/2x1-1/4 Red Tee CxFxC","50","50","0","C06-35E"
"P5107","COPC","1-1/2x3/4x1-1/2 CxFxC Red Tee","50","50","0","C06-35E"
"P5118","COPC","3/8 Union C x M","250","250","0","C06-35E"
"P5119","COPC","1/2 Union C x M","250","250","200","C06-35C"
"P5120","COPC","3/4 Union C x M","100","200","45","C06-35C"
"P5121","COPC","1 Union C x M","100","100","29","C06-35C"
"P5122","COPC","1-1/4 Union C x M","100","100","160","C06-35D"
"P5123","COPC","1-1/2 Union C x M","50","50","0","C06-35E"
"P5124","COPC","2 Union C x M","50","50","68","C06-35D"
"P5128","COPC","3/4 Flared Adapter C x F","100","100","0","C06-35E"
"P5155","COPC","4 Adapter C x F","10","10","0","C06-35E"
"P5166","COPC","1x1/2 Flush Bushing Ftg x F","25","25","0","C06-35E"
"P5215","COPC","1-1/2 DWV Return Bend CxC","50","100","0","C06-35E"
"P5224","COPC","3/4 Drain Coupling C x C","500","500","0","C06-35E"
"P5225","COPC","1/2 Drain Coupling C x C","1,000","1,000","0","C06-35E"
"P5228","COPC","1/2 90 Drop Elbow C x C","250","250","156","C06-35D"
"P5273","COPC","1/2 90 Flanged Sink Ell C x F","20","20","36","C06-35D"
"P5279","COPC","3/4 Union C x F","225","225","500","C06-35C"
"P5313","COPC","1-1/2x1 90 Elbow Red C x C","100","100","0","C06-35E"
"P5325","COPC","3/4 707-3-5 90 Drop Ear Elbow CxF","50","100","8","C06-35E"
"P5353","COPC","2x3/4 90 Elbow Red. C x C","50","50","0","C06-35E"
"P5384","COPC","2x3/4x3/4 711RR Red Tee CxCxC","50","50","0","C06-35E"
"P5385","COPC","2x3/4x1 711RR Red Tee CxCxC","0","0","0","C06-35E"
"P5386","COPC","2x1x1-1/4 711RR Red Tee CxCxC","0","0","0","C06-35E"
"P5387","COPC","2-1/2x1/2x2-1/2 711RR Red Tee CxCxC","1","1","0","C06-35E"
"P5389","COPC","1/2x3/8 707-3-5 90 Drop Ear Elbow CxF","500","500","33","C06-35D"
"P5413","COPC","1-1/2 DWV P-Trap W/Union Jt Fx SJ","25","75","0","C06-35E"
"P5422","COPC","3/4x1/2 707-3-5 90 Drop Ear Elbow CxF","20","60","24","C06-35D"
"P5444","COPC","3/4 Tee F x F x C","100","100","0","C06-35E"
"P5497","COPC","1/2 Union C x F","250","250","200","C06-35D"
"P5516","COPC","2-1/2x1-1/2x2 711RR Red Tee Cx CxC","0","0","0","C06-35E"
"P5522","COPC","1-1/2x3/4 90 Elbow Red. C x C","1","1","0","C06-35D"
"P5523","COPC","2x1-1/4 90 Elbow Red. C x C","0","0","0","C06-35E"
"P5532","COPC","1/2 Drop Tee CxCxF","250","250","0","C06-35E"
"P5550","COPC","3/4x3/8 Adapter C x F","0","0","0","C06-35E"
"P5558","COPC","2 DWV P-Trap W/Cleanout CxC","25","25","0","C06-35E"
"P5567","COPC","2x3/4x2 714RR Red Tee CxFxC","2","4","15","C06-35E"
"P5575","COPC","1-1/2 DWV 90 Elbow CxM","50","100","0","C06-35E"
"P5632","COPC","5 Adapter C x M","1","1","0","C06-35E"
"P5671","COPC","3/4 Stop & Waste Valve CxC","100","100","0","C06-35E"
"P5698","COPC","1-1/2 Companion Flange C 150#","0","0","0","C06-35E"
"P5700","COPC","2-1/2x2 90 Elbow Red. C x C","0","0","0","C06-35E"
"P5703","COPC","1/2 Angle Stop Valves C x C","100","100","0","C06-35E"
"P5705","COPC","1/2 Bulkhead Fitting C x F","0","0","0","C06-35E"
"P5732","COPC","1-1/2 DWV Return Bend W/Cleano ut CxC","25","25","0","C06-35E"
"P5736","COPC","5x5x3 Red Tees C x C x C","1","1","0","C06-35E"
"P5765","COPC","1 Union C x F","30","30","0","C06-35D"
"P5766","COPC","2 Union C x F","25","25","0","C06-35E"
"P5767","COPC","1/2x1/4 703-2R Fitting Adapter Ftg x F","500","500","0","C06-35E"
"P13184","COPC","2-1/2 UNION C x M","1","1","0","C06-35D"
"P13274","COPC","8 45 Elbow CxC","1","1","0","C06-35E"
"P6145","COPC","1 Fitting Union Ftg x C","5","5","0","C06-35E"
"P6146","COPC","3/4 Fitting Union Ftg x C","10","10","0","C06-35E"
"P6176","COPC","1-1/4x3/4 Flush Bushing Ftg x F","0","0","0","C06-35E"
"P6186","COPC","1-1/2 DWV Test Tee CxCxCleanou t W/Plug","50","50","0","C06-35E"
"P6248","COPC","1-1/4x2 DWV Adapter CxM","100","100","0","C06-35E"
"P6252","COPC","2x1/2x2 714RR Red Tee CxFxC","25","25","0","C06-35E"
"P6254","COPC","1-1/2 Cross CxCxCxC","50","50","0","C06-35E"
"P6255","COPC","1x3/4 703-2R Fitting Adapter F tg x F","100","100","0","C06-35E"
"P6257","COPC","1/2 Tee CxFxF","100","100","0","C06-35E"
"P6260","COPC","5 Adapter C x F","0","0","0","C06-35E"
"P6267","COPC","1 Cross CxCxCxC","0","0","0","C06-35E"
"P6269","COPC","2-1/2 Fitting Adapter Ftg x M","0","0","0","C06-35E"
"P6272","COPC","3/4 Flare Nut","0","0","0","C06-35E"
"P6282","COPC","1 707-4-6 90 Union Ell CxM","0","0","0","C06-35E"
"P6297","COPC","2x1-1/2 Flush Bushing Ftg x F","0","0","0","C06-35E"
"P6303","COPC","1-1/2x1 Flush Bushing Ftg x F","0","0","0","C06-35E"
"P6310","COPC","1/2 Cross CxCxCxC","0","0","0","C06-35E"
"P6317","COPC","1x3/4 Flared Adapter Fl x F","25","25","0","C06-35E"
"P6321","COPC","1x1x3/4 45 Y CxCxC","25","25","0","C06-35E"
"P6322","COPC","1x3/4x3/4 45 Y CxCxC","50","50","0","C06-35E"
"P6326","COPC","3/4 Test Caps Copper C","1","1","0","C06-35E"
"P6339","COPC","3x2-1/2x1-1/2 711RR Red Tee Cx CxC","15","15","0","C06-35E"
"P6362","COPC","1/2 707-2-3 90o Ftg x F Elbow","0","0","0","C06-35E"
"P6372","COPC","3/4x3/4x1/2 Tee FxFxC","200","200","0","C06-35E"
"P6379","COPC","3x2 90 Elbow Red. C x C","1","1","0","C06-35E"
"P6396","COPC","1/2 707-4-6 90 Union Ell CxM","0","0","0","C06-35E"
"P6397","COPC","1/2x3/4 Union C x M","200","200","0","C06-35E"
"P6398","COPC","6x4 701R Coupling W/Stop CxC","1","1","0","C06-35E"
"P6402","COPC","1/2 90o Union Ell C x C","0","0","0","C06-35E"
"P6404","COPC","1 90o Union Ell C x C","0","0","0","C06-35E"
"P13577","COPC","1X1X3/4 MONOFLOW TEE","2","4","4","C06-35D"
"P6411","COPC","1/2x1/8x3/4 Baseboard Tee CxFx C","250","250","0","C06-35E"
"P6412","COPC","1/4 90 Elbow C x F","0","0","0","C06-35E"
"P6424","COPC","1-1/2 Union C x F","0","0","0","C06-35E"
"P6458","COPC","707-4-6 3/4 90 Union Ell CxM","10","10","0","C06-35E"
"P7151","COPC","2-1/2 Cross CxCxCxC","1","1","0","C06-35E"
"P7164","COPC","3/4 45o Y CxCxC","100","100","0","C06-35E"
"P7165","COPC","1 45o Y CxCxC","100","100","0","C06-35E"
"P7213","COPC","2 X 1 ADAPTER C X M","0","0","0","C06-35E"
"P7281","COPC","2"" TEE C X F X C","1","1","0","C06-35E"
"P7282","COPC","1/8"" C X F ADAPTER","1,500","1,500","0","C06-35E"
"P7679","COPC","1-1/4 C x F UNION","30","30","0","C06-35E"
"P7863","COPC","1-1/4x1/2x3/4 Red Tee CxCxC","1","1","0","C06-35D"
"P8057","COPC","2-1/2 Fitting Adpt Ftg x F","0","0","0","C06-35E"
"P8211","COPC","3/4 90o Drop Elbow CxC","80","80","45","C06-35E"
"P9940","COPC","2x1 CxC 90 Red El","0","0","0","C06-35E"
"P9977","COPC","1/2 X 1/2 X 1/4 TEE CxCxF","1","1","0","C06-35D"
"P10024","COPC","3/4x3/4x1/2 MONOFLOW TEE","2","4","0","C06-35E"
"P10049","COPC","3/4x1/2x3/4 FxFxC Red Tee","200","200","-25","C06-35E"
"P10058","COPC","3/4x1/2x1/2 FxFxC RED TEE","100","100","0","C06-35E"
"P10847","COPC","3/4 MONOFLOW TEE C X C","0","0","0","C06-35E"
"P4678","COPC","1/2x3/4 703-2R Fitting Adapter Ftg x F","300","300","0","C06-35E"
"P4680","COPC","3/4x1/2 703-2R Fitting Adapter Ftg x F","500","500","0","C06-35E"
"P4687","COPC","3/4x1-1/4 Adapter C x F","100","100","0","C06-35E"
"P4689","COPC","1x1-1/2 Adapter C x F","250","250","0","C06-35E"
"P4693","COPC","1-1/4x2 Adapter C x F","100","100","0","C06-35E"
"P4698","COPC","1-1/4x1/2 Adapter C x F","100","100","0","C06-35E"
"P4703","COPC","1-1/2x1 Adapter C x F","100","100","0","C06-35E"
"P4704","COPC","2x1-1/4 Adapter C x F","50","50","0","C06-35E"
"P4717","COPC","1/2 707-3-5 90 Drop Ear Elbow CxF","1500","2750","1474","C06-35B"
"P4723","COPC","1/2x3/8 90 Elbow Red CxF","100","100","44","C06-35E"
"P4737","COPC","3/4x1-1/2 Adapter C x M","250","250","0","C06-35E"
"P4740","COPC","3/4x1 7042R Fitting Adapter Ft g x Male","250","250","0","C06-35E"
"P4741","COPC","3/4x3/8 Adapter C x M","250","250","0","C06-35E"
"P4742","COPC","3/4x1/2 7042R Fitting Adapter Ftg x M","250","250","0","C06-35E"
"P4745","COPC","1-1/4x2 Adapter C x M","200","200","0","C06-35E"
"P4748","COPC","1-1/2x2 Adapter C x M","50","50","1","C06-35D"
"P4754","COPC","2x2-1/2 Adapter C x M","50","50","0","C06-35E"
"P4826","COPC","3x1-1/4 701R Coupling W/Stop C xC","10","10","0","C06-35E"
"P4827","COPC","3x1 701R Coupling W/Stop CxC","10","10","0","C06-35E"
"P4881","COPC","3/8 90 Elbow C x F","200","200","75","C06-35E"
"P4882","COPC","1/2 90 Elbow C x F","200","200","1554","C06-35D"
"P4883","COPC","3/4 90 Elbow C x F","200","200","15","C06-35D"
"P4884","COPC","1 90 Elbow C x F","100","100","233","C06-35C"
"P4885","COPC","1-1/4 90 Elbow C x F","50","50","10","C06-35E"
"P4886","COPC","1-1/2 90 Elbow C x F","50","50","12","C06-35D"
"P4887","COPC","2 90 Elbow C x F","25","25","0","C06-35E"
"P4890","COPC","1/2x3/4 7073-R 90 Elbow Red C x F","100","100","130","C06-35D"
"P4891","COPC","3/4x1-1/4 7073-R 90 Elbow Red C x F","250","250","0","C06-35E"
"P4892","COPC","3/4x1 7073-R 90 Elbow Red CxF","250","250","0","C06-35E"
"P4893","COPC","3/4x1/2 7073-R 90 Ell Red CxF","100","200","51","C06-35B"
"P4894","COPC","1x1-1/4 7073-R 90 Elbow Red C x F","100","100","0","C06-35E"
"P4895","COPC","1x3/4 7073-R 90 Elbow Red C x F","100","100","0","C06-35E"
"P4896","COPC","1x1/2 7073-R 90 Elbow Red C x F","100","100","0","C06-35E"
"P4897","COPC","1-1/4x1 7073-R 90 Elbow Red C x F","100","100","0","C06-35E"
"P4898","COPC","1-1/4x3/4 7073-R 90 Elbow Red C x F","100","100","0","C06-35E"
"P4899","COPC","1-1/4x1/2 7073-R 90 Elbow Red C x F","100","100","0","C06-35E"
"P4901","COPC","3/8 90o Elbow C x M","500","500","0","C06-35E"
"P4902","COPC","1/2 90o Elbow C x M","200","200","854","C06-35B"
"P4903","COPC","3/4 90o Elbow C x M","250","250","40","C06-35E"
"P4904","COPC","1 90o Elbow C x M","100","100","100","C06-35E"
"P4905","COPC","1-1/4 90o Elbow C x M","100","100","0","C06-35E"
"P4906","COPC","1-1/2 90o Elbow C x M","50","50","2","C06-35E"
"P4907","COPC","2 90o Elbow C x M","25","25","0","C06-35E"
"P4910","COPC","1/2x3/4 7074R 90 Elbow Red CxM","250","250","0","C06-35E"
"P4911","COPC","1/2x3/8 7074R 90 Elbow Red. C x M","250","250","50","C06-35E"
"P4912","COPC","3/4x1 7074R 90 Elbow Red. C x M","200","200","0","C06-35E"
"P4913","COPC","3/4x1/2 7074R 90 Elbow Red. C x M","200","200","6","C06-35E"
"P4914","COPC","1x1-1/4 7074R 90 Elbow Red. C x M","100","100","0","C06-35E"
"P4919","COPC","1/2x1/8x1/2 Baseboard Tee CxFx C","250","250","175","C06-35E"
"P4920","COPC","3/4x1/8x3/4 Basebd Tee CxFxC","250","250","648","C06-35B"
"P4921","COPC","1x1/8x1 Baseboard Tee CxFxC","100","100","0","C06-35E"
"P4923","COPC","1-1/4x1/8x1-1/4 BBD Tee CxFxC","100","100","0","C06-35E"
"P4965","COPC","3x1 Fitting Reducer Ftg x C","40","40","0","C06-35E"
"P12284","COPTU","5/8 OD X 50FT COIL REF. TUBING","1","1","0","04-COP"
"P12333","COPTU","7/8 OD x 50FT COIL REF. TUBING","2","4","0","04-COP"
"P12474","COPTU","2-1/2x10 Ft TYPE M COPPER","1","1","0","04-COP"
"P12942","COPTU","1/2x60 TYPE K COIL TUBE","1","1","0","04-COP"
"P12955","COPTU","1/2 X 20FT TYPE M COP TUBE","1","1","0","04-COP"
"P12956","COPTU","3/4 X 20FT TYPE M COP TUBE","1","1","0","04-COP"
"P12957","COPTU","1 X 20FT TYPE M COP TUBE","1","1","0","04-COP"
"P12965","COPTU","1/2X100 TYPE K COIL TUBE","1","1","0","04-COP"
"P12967","COPTU","3/4 X100 TYPE K COIL TUBE","1","1","0","04-COP"
"P13068","COPTU","3 X 20 FT TYPE M COPPER","1","1","0","04-COP"
"P13072","COPTU","3/8 X 10FT TYPE L COP TUBE","1","1","0","04-COP"
"P13280","COPTU","1/8ODx10FT Copper Tubing ACR","1","1","0","04-COP"
"P13281","COPTU","3/16ODx10FT Copper Tubing ACR","1","1","0","04-COP"
"P13282","COPTU","1/4ODx10FT Copper Tubing ACR","1","1","0","04-COP"
"P13283","COPTU","5/16ODx10FT Copper Tubing ACR","1","1","0","04-COP"
"P13284","COPTU","3/8ODx10FT Copper Tubing ACR","1","1","0","04-COP"
"P13285","COPTU","1/2ODx10FT Copper Tubing ACR","1","1","0","04-COP"
"P13286","COPTU","5/8ODx10FT Copper Tubing ACR","2","4","0","04-COP"
"P13287","COPTU","3/4ODx10FT Copper Tubing ACR","1","1","2","04-COP"
"P13288","COPTU","7/8ODx10FT Copper Tubing ACR","2","4","0","04-COP"
"P13289","COPTU","1-1/8ODx10FT Copper Tubing ACR","2","4","0","04-COP"
"P13290","COPTU","1-3/8ODx10FT Copper Tubing ACR","1","1","2","04-COP"
"P13291","COPTU","1-5/8ODx10FT Copper Tubing ACR","1","1","2","04-COP"
"P13292","COPTU","2-1/8ODx10FT Copper Tubing ACR","1","1","0","04-COP"
"SP*001331","COPTU","3 X 10 FT TYPE M COPPER","1","1","0","04-COP"
"P6348","COPTU","1-1/4 X 20FT TYPE M COP TUBE","1","1","0","04-COP"
"P6382","COPTU","2 X 20FT TYPE M COP TUBE","1","1","0","04-COP"
"P7848","COPTU","3/8 OD X 50FT COIL REF. TUBING","8","14","0","04-COP"
"P7956","COPTU","1/2 OD X 50FT COIL REF. TUBING","2","4","6","04-COP"
"P7958","COPTU","2 x 10FT TYPE M COP TUBE","6","10","43","04-COP"
"P7959","COPTU","1/2 X 10FT TYPE M COP TUBE","98","160","232","04-COP"
"P7960","COPTU","3/4 X 10FT TYPE M COP TUBE","98","166","313","04-COP"
"P7961","COPTU","1 X 10FT TYPE M COP TUBE","27","45","31","04-COP"
"P7962","COPTU","1-1/4 X 10FT TYPE M COP TUBE","34","56","104","04-COP"
"P7963","COPTU","1-1/2 X 10FT TYPE M COP TUBE","3","5","18","04-COP"
"P7964","COPTU","1/2 X 10FT TYPE L COP TUBE","400","400","125","04-COP"
"P7965","COPTU","3/4 X 10FT TYPE L COP TUBE","200","200","89","04-COP"
"P7966","COPTU","1 X 10FT TYPE L COP TUBE","100","100","27","04-COP"
"P7967","COPTU","1-1/4 X 10FT TYPE L COP TUBE","125","125","14","04-COP"
"P7968","COPTU","1-1/2 X 10FT TYPE L COP TUBE","100","100","22","04-COP"
"P7969","COPTU","2 X 10FT TYPE L COP TUBE","50","50","20","04-COP"
"P7972","COPTU","2-1/2 X 10FT TYPE L COP TUBE","1","1","0","04-COP"
"P7973","COPTU","4 X 10FT TYPE L COP TUBE","1","1","0","04-COP"
"P8050","COPTU","3 X 10FT TYPE L COP TUBE","1","1","0","04-COP"
"P8052","COPTU","2 X 60 TYPE K COIL TUBE","1","1","0","04-COP"
"P8053","COPTU","1 1/2 X 100 TYPE K COIL TUBE","1","1","0","04-COP"
"P8054","COPTU","1 1/4 X 10 FT TYPE K PIPE","1","1","0","04-COP"
"P8055","COPTU","1 X 100 TYPE K COIL TUBE","1","1","0","04-COP"
"P8056","COPTU","2 X 40 TYPE K COIL TUBE","1","1","0","04-COP"
"P8066","COPTU","1-1/2 X 45 TYPE K COIL TUBE","1","1","0","04-COP"
"P8067","COPTU","1-1/2 X 60 TYPE K COIL TUBE","1","1","0","04-COP"
"P8073","COPTU","1 1/4 X 20FT TYPE L COP TUBE","1","1","25","04-COP"
"P8074","COPTU","1 1/2 X 20FT TYPE L COP TUBE","1","1","11","04-COP"
"P8166","COPTU","1-1/2 x 75 Ft TYPE K COIL","1","1","0","04-COP"
"P8171","COPTU","1x60 TYPE K COIL TUBE","1","1","0","04-COP"
"P8175","COPTU","1x75 TYPE K COIL TUBE","1","1","0","04-COP"
"P8176","COPTU","1x45 TYPE K COIL TUBE","1","1","0","04-COP"
"P8177","COPTU","1-1/4x75 TYPE K COIL TUBE","1","1","0","04-COP"
"P8178","COPTU","1-1/4x60 TYPE K COIL TUBE","1","1","0","04-COP"
"P8179","COPTU","1-1/4x45 TYPE K COIL TUBE","1","1","0","04-COP"
"P8214","COPTU","3 X 20FT TYPE L COP TUBE","1","1","0","04-COP"
"P8215","COPTU","2-1/2 X 20FT TYPE L COP TUBE","1","1","0","04-COP"
"P8216","COPTU","2 X 20FT TYPE L COP TUBE","1","1","10","04-COP"
"P8217","COPTU","1 X 20FT TYPE L COP TUBE","1","1","30","04-COP"
"P8240","COPTU","1 X 10FT TYPE K COP TUBE","1","1","0","04-COP"
"P8241","COPTU","1-1/2 X 10FT TYPE K COP TUBE","1","1","0","04-COP"
"P8248","COPTU","1/4 X 10FT TYPE L COP TUBE","1","1","0","04-COP"
"P8308","COPTU","1/4x60 TYPE L COP COIL","1","1","0","04-COP"
"P8331","COPTU","1-1/2 X 20FT TYPE M COP TUBE","1","1","0","04-COP"
"P8357","COPTU","1/4 OD X 50FT COIL REF TUBING","6","10","0","04-COP"
"P8653","COPTU","3/4 OD X 50FT COIL REF. TUBING","3","5","0","04-COP"
"P9621","COPTU","5 x 10Ft TYPE L COP TUBE","1","1","0","04-COP"
"P9665","COPTU","3/4 X 20FT TYPE L COP TUBE","2","4","47","04-COP"
"P9666","COPTU","1/2 X 20FT TYPE L COP TUBE","1","1","37","04-COP"
"P9867","COPTU","3/16 X 50FT COIL REF. TUBING","1","1","0","04-COP"
"P10036","COPTU","4 X 20FT TYPE L COP TUBE","1","1","0","04-COP"
"P11264","COPTU","1"" X 12"" TYPE M COPPER PIPE","6","10","0","04-COP"
"P11267","COPTU","3/4 X 12"" TYPE M COPPER PIPE","4","8","0","04-COP"
"P11268","COPTU","1/2 X 24"" TYPE M COPPER PIPE","3","5","0","04-COP"
"P11269","COPTU","3/4 X 48"" TYPE L COPPER PIPE","42","68","0","04-COP"
"P11270","COPTU","3/4 X 48"" TYPE M COPPER PIPE","15","25","0","04-COP"
"P11271","COPTU","2"" X 36"" TYPE L COPPER PIPE","3","5","0","04-COP"
"P11273","COPTU","1-1/4 X 48"" TYPE L COPPER PIPE","9","15","0","04-COP"
"P11274","COPTU","1/2 X 12"" TYPE M COPPER PIPE","4","6","0","04-COP"
"P11276","COPTU","3/4 X 12"" TYPE L COPPER PIPE","14","24","0","04-COP"
"P11277","COPTU","1"" X 48"" TYPE M COPPER PIPE","9","15","0","04-COP"
"P11278","COPTU","1-1/2 X 12"" TYPE L COPPER PIPE","8","14","0","04-COP"
"P11279","COPTU","1-1/4 X 24"" TYPE L COPPER PIPE","9","15","0","04-COP"
"P11280","COPTU","1-1/4 X 12"" TYPE M COPPER PIPE","8","14","0","04-COP"
"P11281","COPTU","1"" X 36"" TYPE M COPPER PIPE","2","4","0","04-COP"
"P11282","COPTU","1/2 X 48"" TYPE M COPPER PIPE","11","19","0","04-COP"
"P11283","COPTU","2"" X 48"" TYPE L COPPER PIPE","10","16","0","04-COP"
"P11284","COPTU","1"" X 24"" TYPE L COPPER PIPE","8","14","0","04-COP"
"P11285","COPTU","1"" X 24"" TYPE M COPPER PIPE","5","9","0","04-COP"
"P11288","COPTU","1/2 X 36"" TYPE M COPPER PIPE","3","5","0","04-COP"
"P11289","COPTU","1-1/4 X 48"" TYPE M COPPER PIPE","8","14","0","04-COP"
"P11290","COPTU","1-1/2 X 48"" TYPE L COPPER PIPE","15","25","0","04-COP"
"P11291","COPTU","1-1/4 X 24"" TYPE M COPPER PIPE","3","5","0","04-COP"
"P11292","COPTU","1"" X 12"" TYPE L COPPER PIPE","11","19","0","04-COP"
"P11293","COPTU","1-1/2 X 36"" TYPE L COPPER PIPE","3","5","0","04-COP"
"P11294","COPTU","1"" X 48"" TYPE L COPPER PIPE","16","26","0","04-COP"
"P11296","COPTU","3/4 X 24"" TYPE M COPPER PIPE","3","5","0","04-COP"
"P11297","COPTU","1-1/2 X 12"" TYPE M COPPER PIPE","5","9","0","04-COP"
"P11298","COPTU","2 X 24"" TYPE M COPPER PIPE","3","5","0","04-COP"
"P11299","COPTU","3/4 X 24"" TYPE L COPPER PIPE","8","14","0","04-COP"
"P11300","COPTU","1-1/4 X 12"" TYPE L COPPER PIPE","11","19","0","04-COP"
"P11301","COPTU","1-1/2 X 24"" TYPE L COPPER PIPE","3","5","0","04-COP"
"P11303","COPTU","1-1/2 X 24"" TYPE M COPPER PIPE","5","9","0","04-COP"
"P11304","COPTU","1"" X 36"" TYPE L COPPER PIPE","5","9","0","04-COP"
"P11305","COPTU","2 X 12"" TYPE L COPPER PIPE","5","9","0","04-COP"
"P11306","COPTU","2 X 24"" TYPE L COPPER PIPE","6","10","0","04-COP"
"P11307","COPTU","1/2 X 12"" TYPE L COPPER PIPE","13","21","0","04-COP"
"P11308","COPTU","1-1/2 X 48"" TYPE M COPPER PIPE","3","5","0","04-COP"
"P11309","COPTU","2 X 12"" TYPE M COPPER PIPE","3","5","0","04-COP"
"P11310","COPTU","2 X 36"" TYPE M COPPER PIPE","2","4","0","04-COP"
"P11312","COPTU","1-1/4 X 36"" TYPE L COPPER PIPE","5","9","0","04-COP"
"P11313","COPTU","3/4 X 36"" TYPE M COPPER PIPE","5","9","0","04-COP"
"P11314","COPTU","1/2 X 36"" TYPE L COPPER PIPE","7","11","0","04-COP"
"P11315","COPTU","1/2 X 24"" TYPE L COPPER PIPE","13","21","0","04-COP"
"P11316","COPTU","1-1/4 X 36"" TYPE M COPPER PIPE","3","5","0","04-COP"
"P11317","COPTU","1-1/2 X 36"" TYPE M COPPER PIPE","3","5","0","04-COP"
"P11318","COPTU","3/4 X 36"" TYPE L COPPER PIPE","8","14","0","04-COP"
"P11320","COPTU","1/2 X 48"" TYPE L COPPER PIPE","31","51","0","04-COP"
"P11321","COPTU","2 X 48"" TYPE M COPPER PIPE","3","5","0","04-COP"
"P11636","COPTU","3 X 24"" TYPE L COPPER PIPE","1","1","0","04-COP"
"P11871","COPTU","3/4x60 TYPE K COIL TUBE","1","1","0","04-COP"
"P5002","COPW","4x4x1-1/2 Red Tee CxCxC","8","16","0","C08-13E"
"P5003","COPW","1-1/4x1x1-1/4 611RR Red Tee Cx CxC","90","240","346","C08-10D"
"P5004","COPW","4x4x1-1/4 Red Tee CxCxC","8","16","0","C08-13E"
"P5005","COPW","4x4x1 Red Tee CxCxC","8","16","0","C08-13E"
"P5006","COPW","4x4x3/4 Red Tee CxCxC","8","16","0","C08-13E"
"P5007","COPW","4x4x1/2 Red Tee CxCxC","5","10","0","C08-13E"
"P5008","COPW","1-1/4x1x1 611RR Red Tee CxCxC","150","400","351","C08-10D"
"P5009","COPW","3/4x1/2x3/4 Red Tee CxCxC","480","1200","844","C08-08C"
"P5010","COPW","3/4x1/2x1/2 Red Tee CxCxC","720","1800","1372","C08-11C"
"P5011","COPW","1-1/4x1x3/4 Red Tee CxCxC","150","400","116","C08-12D"
"P5012","COPW","1x3/4x1 611RR Red Tee CxCxC","180","480","483","C08-10D"
"P5013","COPW","1-1/4x1x1/2 Red Tee CxCxC","60","120","53","C08-11E"
"P5014","COPW","1x3/4x3/4 611RR Red Tee CxCxC","240","600","881","C08-09C"
"P5015","COPW","1x3/4x1/2 611RR Red Tee CxCxC","180","480","730","C08-10E"
"P5017","COPW","1x1/2x1 611RR Red Tee CxCxC","180","480","412","C08-10D"
"P5018","COPW","1-1/4x3/4x1 Red Tee CxCxC","135","360","135","C08-10D"
"P5019","COPW","1x1/2x3/4 611RR Red Tee CxCxC","240","640","240","C08-12D"
"P5020","COPW","1-1/4x3/4x3/4 611RR Tee CxCxC","150","400","142","C08-12D"
"P5021","COPW","2x1-1/4x3/4 611RR Red Tee CxCx C","20","40","0","C08-13E"
"P5022","COPW","1-1/4x3/4x1/2 611RR Red Tee Cx CxC","50","100","97","C08-11E"
"P5023","COPW","2x1-1/4x1/2 611RR Red Tee CxCx C","25","50","0","C08-11E"
"P5024","COPW","2x1x2 611RR Red Tee CxCxC","15","30","3","C08-12E"
"P5025","COPW","1-1/4x1/2x1-1/4 Red Tee CxCxC","105","280","119","C08-10D"
"P5026","COPW","2x1x1 611RR Red Tee CxCxC","60","160","37","C08-12D"
"P5027","COPW","2x3/4x2 611RR Red Tee CxCxC","10","20","3","C08-12E"
"P5028","COPW","2x1/2x2 611RR Red Tee CxCxC","15","30","2","C08-13E"
"P5029","COPW","1-1/2x1-1/4x1-1/2 611RR Red Te e CxCxC","60","160","140","C08-10D"
"P5031","COPW","1-1/2x1-1/4x1-1/4 611RR Red Te e CxCxC","30","60","60","C08-12E"
"P5034","COPW","1-1/4x1/2x1/2 711RR Red Tee Cx CxC","75","150","0","C08-13E"
"P5035","COPW","1-1/2x1-1/4x1 611RR Red Tee Cx CxC","30","60","36","C08-12E"
"P5037","COPW","1-1/2x1/2x1 611RR Red Tee CxCx C","40","80","31","C08-11E"
"P5038","COPW","1-1/2x1-1/4x3/4 Red Tee CxCxC","40","80","25","C08-12E"
"P5039","COPW","2x1x1-1/2 711RR Red Tee CxCxC","15","30","0","C08-13E"
"P5040","COPW","1-1/2x1-1/4x1/2 611RR Red Tee CxCxC","40","80","22","C08-13E"
"P5044","COPW","1-1/2x1x1-1/2 611RR Red Tee Cx CxC","60","160","162","C08-10D"
"P5049","COPW","1-1/2x1x1-1/4 611RR Red Tee Cx CxC","90","240","86","C08-12D"
"P5051","COPW","1-1/2x1x1 611RR Red Tee CxCxC","105","280","156","C08-10D"
"P5053","COPW","1-1/2x1x3/4 611RR Red Tee CxCx C","120","320","28","C08-12D"
"P5055","COPW","1-1/2x1x1/2 611RR Red Tee CxCx C","40","80","30","C08-11E"
"P5058","COPW","1-1/2x3/4x1-1/2 611RR Red Tee CxCxC","60","160","176","C08-10D"
"P5061","COPW","1-1/2x3/4x1-1/4 611RR Red Tee CxCxC","30","60","0","C08-13E"
"P5063","COPW","1-1/2x3/4x1 611RR Red Tee CxCx C","40","80","0","C08-11E"
"P5065","COPW","1-1/2x3/4x3/4 611RR Red Tee Cx CxC","90","240","128","C08-12D"
"P5070","COPW","1-1/2x3/4x1/2 611RR Red Tee Cx CxC","40","80","0","C08-13E"
"P5074","COPW","1-1/2x1/2x1-1/2 Red Tee CxCxC","60","160","53","C08-12D"
"P5077","COPW","2x1-1/2x2 611RR Red Tee CxCxC","30","80","69","C08-12D"
"P5081","COPW","2x1-1/2x1-1/2 611RR Red Tee Cx CxC","30","80","28","C08-12D"
"P5083","COPW","2x1-1/2x1-1/4 611RR Red Tee Cx CxC","10","20","48","C08-13E"
"P5085","COPW","2x1-1/2x1 611RR Red Tee CxCxC","20","40","26","C08-11E"
"P5088","COPW","2x1-1/2x3/4 Red Tee CxCxC","20","40","0","C08-13E"
"P5090","COPW","2x1-1/2x1/2 611RR Red Tee CxCx C","20","40","0","C08-11E"
"P5091","COPW","2x1-1/4x2 611RR Red Tee CxCxC","10","20","7","C08-12E"
"P5094","COPW","2x1-1/4x1-1/2 611RR Red Tee Cx CxC","15","30","0","C08-13E"
"P5097","COPW","2x1-1/4x1-1/4 611RR Red Tee Cx CxC","15","30","99","C08-13E"
"P5098","COPW","2x1-1/4x1 611RR Red Tee CxCxC","20","40","0","C08-11E"
"P5109","COPW","3/8 Union C x C","250","500","332","C08-11E"
"P5110","COPW","1/2 Union C x C","800","2000","927","C08-10C"
"P5111","COPW","1 Union C x C","200","500","201","C08-10C"
"P5112","COPW","1-1/4 Union C x C","200","500","624","C08-10C"
"P5113","COPW","1-1/2 Union C x C","120","300","309","C08-11C"
"P5114","COPW","2 Union C x C","72","180","148","C08-11C"
"P5115","COPW","2-1/2 Union C x C","24","64","9","C08-11D"
"P5116","COPW","3 Union C x C","18","48","12","C08-11D"
"P5153","COPW","2-1/2 Adapter C x F","192","480","102","C08-13C"
"P5154","COPW","3 Adapter C x F","30","60","0","C08-09E"
"P5164","COPW","6 45 Elbow C x C","2","4","0","C08-13E"
"P5176","COPW","1-1/4 DWV 90 Ftg Elbow Ftg x C","100","200","0","C08-11E"
"P5179","COPW","1-1/2x1-1/2 DWV Trap Adp CxSJ","100","200","0","C08-13E"
"P5182","COPW","1-1/4 DWV 90 Elbow C x C","200","400","0","C08-11E"
"P5183","COPW","1-1/4 DWV 45 Ftg Ell Ftg x C","100","200","0","C08-11E"
"P5184","COPW","1-1/4 DWV Couplings CxC","250","500","0","C08-11E"
"P5185","COPW","1-1/2 DWV Couplings CxC","250","500","0","C08-11E"
"P5186","COPW","1-1/4x1-1/4 DWV Trap Adp CxSJ","250","500","0","C08-13E"
"P5188","COPW","1-1/2 810 DWV 45 Y CxCxC","100","200","0","C08-11E"
"P5202","COPW","1-1/2 DWV 90 Elbow C x C","100","200","0","C08-11E"
"P5204","COPW","1-1/2 DWV 45 Elbow C x C","200","400","0","C08-13E"
"P5206","COPW","1-1/4 901-RP DWV REPAIR CPLG C x C","100","200","0","C08-11E"
"P5208","COPW","1-1/4 DWV Adapter C x M","250","500","0","C08-11E"
"P5209","COPW","1-1/4 DWV 45 Elbow C x C","200","400","0","C08-13E"
"P5211","COPW","1-1/4 DWV Adapters C x F","250","500","0","C08-11E"
"P5218","COPW","2x1-1/2 DWV Coupling C x C","100","200","0","C08-13E"
"P12387","COPW","5/8x5/8x3/4 CxCxC Red Tee","500","1000","0","C08-13E"
"P5226","COPW","1/2x1/8 Flush Bushing Ftg x F","1500","3000","0","C08-13E"
"P5231","COPW","1-1/2 DWV 90 Ftg Elbow Ftg x C","100","200","0","C08-13E"
"P5232","COPW","2 DWV 45 Elbow C x C","50","100","0","C08-11E"
"P5233","COPW","3 DWV 90 Ftg Elbow Ftg x C","20","40","0","C08-11E"
"P5234","COPW","3 DWV 45 Ftg Ell Ftg x C","30","60","0","C08-11E"
"P5243","COPW","2x1-1/2 DWV Ext Bushing Ftg x C","100","200","0","C08-11E"
"P5251","COPW","3x3x1-1/2 DWV TEE C x C x C","27","54","0","C08-13E"
"P5253","COPW","1-1/2 DWV TEE CxCxC","100","200","0","C08-13E"
"P5258","COPW","1-1/4x1-1/2 DWV Adapter CxM","100","200","0","C08-13E"
"P5261","COPW","2x2x1-1/4 DWV TEE C x C x C","50","100","0","C08-11E"
"P5263","COPW","2x2x1-1/2 810R DWV 45 Y C x C x C","50","100","0","C08-13E"
"P5266","COPW","5/8x1/2 90 Elbow Red C x C","250","500","0","C08-13E"
"P5267","COPW","3/4x5/8 Coupling W/Stop CxC","1400","3500","370","C08-12C"
"P5269","COPW","3/4x5/8 607-LT 90 Lg Rad Red E ll CxC","250","500","0","C08-13E"
"P5271","COPW","3/4 607-LT 90 Lg Rad Ell C x C","480","1200","2216","C08-13B"
"P5272","COPW","1-1/4 607-LT 90 Lg Rad Ell CxC","35","70","0","C08-11E"
"P5276","COPW","1-1/2 DWV 45 Ftg Ell Ftg x C","100","200","0","C08-11E"
"P5280","COPW","1/8 Tube Strap","2000","4000","0","C08-13E"
"P5281","COPW","1/4 Tube Strap","1000","2000","0","C08-13E"
"P5282","COPW","3/8 Tube Strap","1300","2600","0","C08-11E"
"P5286","COPW","1-1/4x3/4 90 Elbow Red. C x C","150","400","92","C08-11D"
"P5289","COPW","5/8 Tube Strap","1000","2000","0","C08-13E"
"P5293","COPW","1/2x1/4 Coupling W/Stop CxC","3200","8000","857","C08-12C"
"P5294","COPW","1/4 45 Elbow C x C","2000","4000","100","C08-13E"
"P5295","COPW","2x2x1-1/2 DWV TEE C x C x C","50","100","0","C08-13E"
"P5301","COPW","2 DWV 90 Elbow C x C","50","100","0","C08-11E"
"P5302","COPW","3 DWV 90 Elbow C x C","20","40","0","C08-13E"
"P5303","COPW","3 DWV 45 Elbow C x C","30","60","0","C08-11E"
"P5304","COPW","2 DWV 45 Ftg Ell Ftg x C","50","100","0","C08-11E"
"P5306","COPW","3 810 DWV 45 Y CxCxC","20","40","0","C08-11E"
"P12475","COPW","1/8x1/4 CxFEM ADPTR","2000","4000","0","C08-13E"
"P5311","COPW","1/4 90 Elbow CxC","1200","2400","0","C08-10E"
"P5312","COPW","1/4 Adapter C x F","1000","2000","0","C08-10E"
"P5316","COPW","1-1/2 901-RP DWV REPAIR CPLG C x C","100","200","0","C08-11E"
"P5320","COPW","1-1/2x1-1/4 DWV Ext Bushing Ft g x C","100","200","0","C08-11E"
"P5322","COPW","2 901-RP DWV REPAIR CPLG C x C","200","400","0","C08-11E"
"P5323","COPW","2 DWV TEE CxCxC","40","80","0","C08-11E"
"P5324","COPW","1/2x3/8 90 Elbow Red C x C","500","1000","0","C08-13E"
"P5333","COPW","1-1/2 Test Caps Copper C","100","200","0","C08-13E"
"P5339","COPW","1/4 Fitting Adapter Ftg x Male","1000","2000","0","C08-13E"
"P5347","COPW","1/2x1/4 Adapter C x F","500","1000","842","C08-09E"
"P5355","COPW","4 DWV Soil Adapter C x Spigot","25","50","0","C08-11E"
"P5366","COPW","3 DWV Closet Flange C","5","10","0","C08-13E"
"P5369","COPW","1/2x1/2x3/4 611BH Red Tees CxC xC BH","540","1440","1164","C08-09D"
"P5370","COPW","2 DWV 90 Ftg Elbow Ftg x C","40","80","0","C08-11E"
"P5374","COPW","2 810 DWV 45 Y CxCxC","50","100","0","C08-13E"
"P5375","COPW","3x3x2 810R DWV 45 Y C x C x C","20","40","0","C08-13E"
"P5376","COPW","2 DWV SOIL ADPTR C x Spigot","50","100","0","C08-11E"
"P5378","COPW","1/4 Tee C x C x C","1300","2600","0","C08-11E"
"P5379","COPW","1/4 Coupling W/Stop C x C","12000","40000","4699","C08-11A"
"P5380","COPW","1-1/4x1 90 Elbow Red C x C","150","400","35","C08-13D"
"P5381","COPW","1/4 90o Fitting Elbow Ftg x C","3600","9600","450","C08-12D"
"P5382","COPW","3/4x3/4x1 611BH Red Tees CxCxC BH","240","640","459","C08-09D"
"P5383","COPW","1-1/2 DWV Adapters C x F","100","200","0","C08-11E"
"P5388","COPW","2-1/2x3/4x2-1/2 611RR Red Tee CxCxC","15","30","0","C08-11E"
"P5392","COPW","1-1/2x2 DWV Soil Adptr C x Spi got","50","100","0","C08-13E"
"P5394","COPW","1-1/2x1-1/4 9017R DWV Trap Ada pter CxSJ","100","200","0","C08-11E"
"P5402","COPW","2 DWV Adapters C x F","100","200","0","C08-11E"
"P5408","COPW","3 901-RP DWV REPAIR CPLG C x C","20","40","0","C08-13E"
"P5409","COPW","1-1/4 DWV TEE CxCxC","100","200","0","C08-11E"
"P5411","COPW","2x1-1/4 DWV Ext Bushing Ftg x C","50","100","0","C08-11E"
"P5417","COPW","2 Test Caps Copper C","50","100","0","C08-13E"
"P5432","COPW","1-1/2x1-1/2 901-2-7 DWV Ftg Tr ap Adpt Ftg x SJ","100","200","0","C08-13E"
"P5445","COPW","3/8 607-LT 90 Lg Rad Ell C x C","750","1500","0","C08-11E"
"P5456","COPW","2 607-2-2 90 Fitting El FtgxFt g","1","2","0","C08-13E"
"P5460","COPW","1-1/4 810 DWV 45 Y CxCxC","100","200","0","C08-13E"
"P5462","COPW","1-1/2x1-1/2x1-1/4 810R DWV 45 Y C x C x C","1","2","0","C08-13E"
"P5464","COPW","1/2 607-2-LT Str 90 Lg Rad El Ftg x C","350","700","690","C08-13E"
"P5465","COPW","2-1/2x2 Adapter C x M","36","72","0","C08-13E"
"P5484","COPW","1 607-2-2 90 Fitting El FtgxFt g","100","200","0","C08-13E"
"P5493","COPW","2x1-1/2 90 Elbow Red C x C","51","136","81","C08-09D"
"P5495","COPW","5/8 90 Elbow CxC","900","2400","0","C08-13D"
"P5498","COPW","5/8 45 Elbow C x C","900","2400","349","C08-08D"
"P5499","COPW","5/8 Coupling W/Stop C x C","1600","4000","1257","C08-12C"
"P5500","COPW","3/8x1/4 Coupling W/Stop CxC","800","1600","0","C08-10E"
"P5501","COPW","5/8x1/2 Coupling W/Stop CxC","500","1000","0","C08-10E"
"P5511","COPW","5/8x1/2 Fitting Reducer Ftg x C","500","1000","600","C08-13E"
"P5513","COPW","3/8x3/8x1/2 611BH Red Tee CxC xC BH","350","700","23","C08-11E"
"P5515","COPW","2-1/2x2x2 611RR Red Tee CxCxC","15","30","0","C08-13E"
"P5517","COPW","4x3x3 611RR Red Tee CxCxC","5","10","0","C08-13E"
"P5521","COPW","1-1/2x1-1/4 90 Elbow Red C x C","105","280","35","C08-12D"
"P5524","COPW","2x1-1/4 DWV Coupling C x C","50","100","0","C08-11E"
"P5527","COPW","1-1/4 DWV Ftg Adapter Ftg x F","100","200","0","C08-11E"
"P12695","COPW","3/8 X 1/4 C x M ADAPTER","800","1600","0","C08-13E"
"P5530","COPW","4 Union C x C","5","10","0","C08-13E"
"P5538","COPW","1/2x1/8 Coupling W/Stop CxC","800","1600","0","C08-10E"
"P5544","COPW","1-1/2 DWV 60o Ell C x C","100","200","0","C08-13E"
"P5547","COPW","1 607-LT 90 Lg Rad Ell C x C","180","480","400","C08-09D"
"P5548","COPW","1/4x3/8 Adapter C x M","750","1500","0","C08-13E"
"P5549","COPW","3/8x1/2 Adapter C x F","500","1000","0","C08-11E"
"P5561","COPW","3/4 Return Bend C x C","100","200","0","C08-11E"
"P12728","COPW","5"" Copper C x C x C Tee","1","2","0","C08-13E"
"P12729","COPW","5x5x3 C x C X C Red Tee","1","2","0","C08-13E"
"P5571","COPW","1/2 Test Caps Copper C","500","1000","0","C08-11E"
"P5574","COPW","5/8 607-LT 90 Lg Rad Ell C x C","600","1600","1489","C08-09E"
"P5577","COPW","1-1/4x3/4x1-1/4 Red Tee CxCxC","105","280","201","C08-10D"
"P5585","COPW","1x3/4 Coupling W/Stop CxC","960","2880","565","C08-12A"
"P5587","COPW","3/4 Fitting Tee C x Ftg x C","250","500","0","C08-13E"
"P5588","COPW","1-1/2x1/2 90 Elbow Red C x C","50","100","0","C08-11E"
"P5589","COPW","5/8 90o Fitting Elbow Ftg x C","300","600","0","C08-10E"
"P5591","COPW","3/4x5/8 Fitting Reducer Ftg x C","400","800","242","C08-09E"
"P5594","COPW","1/8 90 Elbow CxC","3000","6000","0","C08-13E"
"P5596","COPW","1/8 Adapter C x M","3000","6000","0","C08-13E"
"P5602","COPW","1/8 Coupling W/Stop C x C","12000","30000","505","C08-12C"
"P5603","COPW","1/8 Tee C x C x C","6000","16000","502","C08-13D"
"P5618","COPW","1/2x1/4 90 Elbow Red C x C","500","1000","0","C08-13E"
"P5619","COPW","1/4x1/8 Fitting Reducer Ftg x C","3300","6600","61","C08-09E"
"P5621","COPW","3/4 607-2-LT 90 Lg Rad FtgXC","360","960","1108","C08-09E"
"P5623","COPW","1 Return Bend C x C","100","200","0","C08-11E"
"P5627","COPW","5/8 Tee C x C x C","200","400","0","C08-13E"
"P5628","COPW","5 90 Elbow CxC","2","4","0","C08-11E"
"P5630","COPW","4 810 DWV 45 Y CxCxC","5","10","0","C08-13E"
"P5631","COPW","4 901-RP DWV REPAIR CPLG C x C","24","48","0","C08-13E"
"P5633","COPW","6 Coupling W/O Stop C x C","1","2","0","C08-13E"
"P5634","COPW","1 607-2-LT 90 Lg Rad El Ftg x C","60","120","0","C08-13E"
"P5639","COPW","2x1-1/2x2 911-RR DWV TEE CxCxC","40","80","0","C08-11E"
"P5642","COPW","1 #621 Venturi Insert","100","200","0","C08-13E"
"P5643","COPW","1-1/4 #621 Venturi Insert","100","200","0","C08-13E"
"P5654","COPW","1-1/2x1-1/2x1-1/4 DWV TEE C x C x C","100","200","0","C08-11E"
"P5667","COPW","1/4x1/8 Adapter C x F","2000","4000","0","C08-13E"
"P5673","COPW","2 DWV 60o Ell C x C","50","100","0","C08-13E"
"P5674","COPW","3 DWV 60o Ell C x C","20","40","0","C08-13E"
"P5684","COPW","1-1/2 607-LT 90 Lg Rad Ell C x C","75","200","58","C08-13D"
"P5685","COPW","1-1/4 607-2-LT 90 Lg Rad El Ft g x C","35","70","0","C08-11E"
"P5686","COPW","1-1/2 607-2-LT 90 Lg Rad El Ft g x C","25","50","0","C08-13E"
"P5687","COPW","1x3/4 607-LT 90 Lg Rad Red Ell CxC","250","500","0","C08-13E"
"P5688","COPW","1-1/4x1 607-LT 90 Lg Rad Red E ll CxC","100","200","0","C08-13E"
"P5689","COPW","1-1/2x1-1/4 607-LT 90 Lg Rad R ed Ell CxC","100","200","0","C08-13E"
"P5699","COPW","3/8x1/4 90 Elbow Red C x C","800","1600","0","C08-13E"
"P5701","COPW","1-1/2x1-1/4 DWV Coupling C x C","100","200","0","C08-13E"
"P5707","COPW","1/4 Cap Copper","3000","6000","2","C08-11E"
"P5715","COPW","3/4 #621 Venturi Insert","250","500","0","C08-13E"
"P5722","COPW","1/2x1/4 Adapter C x M","1000","2000","75","C08-11E"
"P5733","COPW","5 Coupling W/O Stop C x C","6","12","0","C08-13E"
"P5734","COPW","5 Tees C x C x C","2","4","0","C08-13E"
"P5737","COPW","6x6x5 Red Tee CxCxC","1","2","0","C08-13E"
"P5738","COPW","5x3 Fitting Reducer Ftg x C","1","2","0","C08-13E"
"P5739","COPW","5x3 Coupling W/Stop CxC","1","2","0","C08-13E"
"P5740","COPW","6x5 Coupling W/Stop CxC","1","2","0","C08-13E"
"P5741","COPW","5 45 Elbow C x C","4","8","0","C08-13E"
"P5742","COPW","6 90 Elbow CxC","1","2","0","C08-13E"
"P5743","COPW","5x4 Fitting Reducer Ftg x C","1","2","0","C08-13E"
"P5744","COPW","6x6x3 Red Tee CxCxC","1","2","0","C08-13E"
"P5745","COPW","6 Tee C x C x C","1","2","0","C08-13E"
"P5746","COPW","6x6x4 Red Tee CxCxC","2","4","0","C08-13E"
"P5748","COPW","1/2 Return Bend C x C","250","500","0","C08-11E"
"P5749","COPW","6x4 Coupling W/Stop CxC","4","8","0","C08-13E"
"P5750","COPW","6x3 Coupling W/Stop CxC","4","8","0","C08-13E"
"P5754","COPW","6x4 Fitting Reducer Ftg x C","4","8","0","C08-13E"
"P5755","COPW","6 Coupling W/Stop C x C","3","6","0","C08-13E"
"P5758","COPW","1/2x1/2x1/4 Red Tee CxCxC","400","800","0","C08-11E"
"P5759","COPW","5/8x1/2 607-LT 90 Lg Rad Ell C x C","500","1000","0","C08-13E"
"P5762","COPW","1/2 Drop Tee CxCxC","250","500","0","C08-11E"
"P6136","COPW","5x4 Coupling W/Stop CxC","1","2","0","C08-13E"
"P6137","COPW","6x5 Fitting Reducer Ftg x C","1","2","0","C08-13E"
"P6138","COPW","6x3 Fitting Reducer Ftg x C","1","2","0","C08-13E"
"P6167","COPW","1/4 607-LT 90 Lg Rad Ell C x C","1200","2400","190","C08-12E"
"P6168","COPW","5/8 607-2-LT 90 Lg Rad El Ftg x C","600","1600","2445","C08-09E"
"P6169","COPW","5/16 Coupling W/Stop C x C","50","100","0","C08-11E"
"P6170","COPW","5/8x1/4 Coupling W/Stop CxC","500","1000","0","C08-11E"
"P6171","COPW","1/4x1/8 Coupling W/Stop CxC","2000","4000","25","C08-08E"
"P6172","COPW","1/4x5/16 Coupling W/Stop CxC","2000","4000","0","C08-13E"
"P6178","COPW","1-1/2x1 Flush Bushing Ftg x C","100","200","0","C08-13E"
"P6183","COPW","3/4 577-17 Angle Valve","250","500","0","C08-13E"
"P6231","COPW","2x1-1/2x1-1/2 911-RR DWV TEE C xCxC","50","100","0","C08-11E"
"P6232","COPW","1/8 607-LT 90 Lg Rad Ell C x C","6000","16000","47","C08-12D"
"P6233","COPW","5/16 90o Fitting Elbow Ftg x C","50","100","0","C08-13E"
"P6234","COPW","5/16 45 Elbow C x C","50","100","0","C08-11E"
"P6237","COPW","3 607-LT 90 Lg Rad Ell C x C","8","16","0","C08-13E"
"P6238","COPW","3 607-2-LT 90 Lg Rad El Ftg x C","8","16","0","C08-11E"
"P6239","COPW","5x5x4 Red Tee CxCxC","1","2","0","C08-13E"
"P6242","COPW","3x2x2 611RR Red Tee CxCxC","15","30","0","C08-13E"
"P6243","COPW","3x2-1/2x2-1/2 611RR Red Tee Cx CxC","10","20","0","C08-13E"
"P6244","COPW","3x2-1/2x2 611RR Red Tee CxCxC","15","30","0","C08-13E"
"P6245","COPW","2-1/2x1x2-1/2 611RR Red Tee Cx CxC","15","30","0","C08-13E"
"P6251","COPW","3x3/4x3 611RR Red Tee CxCxC","10","20","0","C08-13E"
"P6262","COPW","1-1/2 607-2-2 90 Fitting El Ft gxFtg","100","200","0","C08-13E"
"P6264","COPW","3x1-1/2x1-1/2 611RR Red Tee Cx CxC","20","40","0","C08-13E"
"P6268","COPW","1x5/8 Coupling W/Stop CxC","200","400","0","C08-11E"
"P6270","COPW","1/2x1/4 Flush Bushing Ftg x C","1500","3000","0","C08-13E"
"P6274","COPW","1-1/2x1-1/4x1-1/2 911-RR DWV T EE CxCxC","100","200","0","C08-11E"
"P6275","COPW","2x1-1/2x1-1/4 DWV Tee CxCxC","50","100","0","C08-13E"
"SP*001420","COPW","1-1/4 Cross CxCxCxC","100","200","0","C08-13E"
"P6292","COPW","1/2x1/4 Flush Bushing Ftg x F","1500","3000","0","C08-13E"
"P6304","COPW","5/8x1/2 Flush Bushing Ftg x C","500","1000","0","C08-13E"
"P6305","COPW","2 607-LT 90 Lg Rad Ell C x C","12","24","0","C08-13E"
"P6306","COPW","4x2x4 611RR Red Tee CxCxC","4","8","0","C08-13E"
"P6307","COPW","3-1/2x3 Coupling W/Stop CxC","20","40","0","C08-13E"
"P6308","COPW","3-1/2x3 Fitting Reducer Ftg x C","20","40","0","C08-13E"
"P6309","COPW","3/8x1/4 Flush Bushing Ftg x C","2500","5000","0","C08-11E"
"P6332","COPW","6x2 Fitting Reducer Ftg x C","1","2","0","C08-13E"
"P6336","COPW","1-1/4x1-1/4 901-2-7 DWV Ftg Tr ap Adpt Ftg x SJ","100","200","0","C08-13E"
"P6340","COPW","3x2x2-1/2 611RR Red Tee CxCxC","10","20","0","C08-13E"
"P6341","COPW","3x2-1/2x3 611RR Red Tee CxCxC","10","20","0","C08-11E"
"P6342","COPW","2-1/2x2x1-1/4 611RR Red Tee Cx CxC","20","40","1","C08-11E"
"P6343","COPW","1/2x1/4 607-LT 90 Lg Rad Ell C x C","500","1000","0","C08-13E"
"P6346","COPW","3/8x1/4 Fitting Reducer FtgxC","1200","2400","0","C08-13E"
"P6347","COPW","1/4 45 Fitting Elbow Ftg x C","6000","16000","0","C08-13D"
"P6349","COPW","1x5/8 90 Elbow Red C x C","100","200","0","C08-13E"
"P6350","COPW","1/2x1/4 Fitting Reducer Ftg x C","1000","2000","19","C08-12E"
"P6354","COPW","5 Coupling W/Stop C x C","6","12","0","C08-13E"
"P6355","COPW","1/8 90o Fitting Elbow Ftg x C","2000","4000","0","C08-13E"
"P6357","COPW","2-1/2x2x3/4 611RR Red Tee CxCx C","10","20","0","C08-13E"
"P6358","COPW","3x1-1/4x3 611RR Red Tee CxCxC","10","20","0","C08-13E"
"P6359","COPW","3x2x1-1/4 611RR Red Tee CxCxC","20","40","0","C08-13E"
"P6360","COPW","3x2x3 611RR Red Tee CxCxC","10","20","0","C08-13E"
"P6363","COPW","1/4x3/8 Adapter C x F","900","1800","0","C08-11E"
"P6366","COPW","5/8 Cap C","850","1700","0","C08-13E"
"P6376","COPW","1/8 Cap Copper","3300","6600","0","C08-11E"
"P6378","COPW","3/4 Fitting Plug Ftg","1000","2000","0","C08-13E"
"P6380","COPW","3/4 707-2-3 90o Ftg x F Elbow","250","500","0","C08-13E"
"P6386","COPW","1/4x1/4x1/8 Red Tee CxCxC","1300","2600","0","C08-13E"
"P6387","COPW","5x2 Fitting Reducer Ftg x C","1","2","0","C08-13E"
"P6388","COPW","5/8x3/8 Fitting Reducer Ftg x C","500","1000","0","C08-13E"
"P6392","COPW","5/16 O.D. Tee C x C x C","50","100","0","C08-11E"
"P6400","COPW","3/8x1/8x3/8 611RR Red Tee CxCx C","500","1000","0","C08-13E"
"P6405","COPW","2-1/2x2x1 611RR Red Tee CxCxC","20","40","0","C08-13E"
"P6406","COPW","1/4 Adapter C x M","1600","3200","60","C08-08E"
"P6407","COPW","1/4 Union C x C","250","500","0","C08-11E"
"P6408","COPW","3/8x1/8 Coupling W/Stop CxC","800","1600","0","C08-11E"
"P6409","COPW","5/8x3/8 Coupling W/Stop CxC","500","1000","0","C08-11E"
"P6410","COPW","3/4x1/4 Coupling W/Stop CxC","400","800","190","C08-08E"
"P6413","COPW","1x5/8 Fitting Reducer Ftg x C","200","400","0","C08-13E"
"P6414","COPW","1x1x1/4 Red Tee CxCxC","100","200","0","C08-13E"
"P6415","COPW","3/4x3/4x1/4 Red Tee CxCxC","170","340","0","C08-13E"
"P6417","COPW","1/4 Coupling W/O Stop C x C","2000","4000","0","C08-13E"
"P6457","COPW","3x1-1/4 Coupling CxC","5","10","0","C08-11E"
"P7155","COPW","5x4x4 Red Tee CxCxC","1","2","0","C08-13E"
"P7176","COPW","1/4 6072-LT 90 Lg Rad El Ftg x C","1200","2400","0","C08-11E"
"P7177","COPW","5/16x5/16x3/8 O.D. Tee CxCxC","1000","2000","0","C08-13E"
"P7212","COPW","4X3 DWV WROT CLOSET FLANGE C","5","10","0","C08-13E"
"P7264","COPW","1x1x1-1/2 CxCxC BH Tees","25","50","11","C08-13E"
"P7265","COPW","5/8 C X C UNION CAST","500","1000","0","C08-11E"
"P7272","COPW","8 90 Elbow CxC","1","2","0","C08-13E"
"P7277","COPW","3/8 Fitting Plug Ftg","2000","4000","0","C08-13E"
"P7295","COPW","1/2x1/2x1 611BH Red Tees CxCxC","210","560","55","C08-12D"
"P7328","COPW","3/8 607-2-2 Fitting El FtgxFtg","800","1600","0","C08-13E"
"P7367","COPW","C x F ADAPTER 2 X 1","100","200","0","C08-13E"
"P7649","COPW","3/8x1/4 Adapter CxF","750","1500","0","C08-13E"
"P7664","COPW","5/8 45 Fitting Elbow Ftg x C","900","2400","50","C08-13D"
"P7740","COPW","3/8x3/8x1/4 Red Tee CxCxC","1800","4800","94","C08-13D"
"P7933","COPW","2-1/2 607-LT 90 LG RAD ELL CxC","16","32","0","C08-11E"
"P8037","COPW","1-1/4x1-1/4x1-1/2 COP B/H TEE","20","40","42","C08-11E"
"P8047","COPW","2-1/2x2x1-1/2 CxCxC RED TEE","20","40","0","C08-13E"
"P8093","COPW","1-1/4x1-1/4x2 B/H CxCxC R.TEE","10","20","0","C08-13E"
"P8194","COPW","6 COPPER CAP","5","10","0","C08-13E"
"P8195","COPW","6 X 6 X 1 CxCxC RED TEE","1","2","0","C08-13E"
"P8196","COPW","6x6x2-1/2 CxCxC RED TEE","1","2","0","C08-13E"
"P8206","COPW","1/4x1/8 FLUSH BUSHING FTG X C","4300","8600","0","C08-13E"
"P8207","COPW","3/8x1/4 LG RAD RED. ELL","800","1600","0","C08-13E"
"P8208","COPW","3/8x3/8x1/8 RED TEE CxCxC","600","1200","230","C08-11E"
"P8235","COPW","3/4x5/8 FLUSH BUSH FTG X C","700","1400","0","C08-11E"
"P8330","COPW","1x1x1-1/4 BH Red Tee CxCxC","105","280","43","C08-12D"
"P8439","COPW","1/4x1/2 C X M RED ADPT","600","1200","0","C08-13E"
"P8497","COPW","2-1/2x1-1/4x1-1/4 CxCxC Tee","20","40","0","C08-13E"
"P8544","COPW","1-1/4 CxC Return Bend","100","200","0","C08-13E"
"P8590","COPW","1/4x1/8 CxM ADAPTER","2000","4000","0","C08-13E"
"P8611","COPW","5/16x5/16x3/8 Red Tee CxCxC","50","100","0","C08-11E"
"P8649","COPW","3/8x1/4x1/4 CxCxC Reducing Tee","350","700","0","C08-13E"
"P8657","COPW","7/8 OD CxC LT 90 EL","100","200","0","C08-13E"
"P9283","COPW","4x3-1/2 Coupling W/Stop CxC","5","10","0","C08-13E"
"P9353","COPW","5/16x5/16x1/8nom(1/4od)","50","100","0","C08-13E"
"P9814","COPW","8x4 Fitting Reducer FtgxC","1","2","0","C08-13E"
"P9816","COPW","5/8 CxC COUPLING no stop","400","800","0","C08-11E"
"P9863","COPW","8x6 Coupling W/Stop CxC","1","2","0","C08-13E"
"P9868","COPW","2x2x2-1/2 Red Tee CxCxC","15","30","10","C08-11E"
"P9869","COPW","8 Coupling W/Stop C x C","1","2","0","C08-13E"
"SP*00002351","COPW","5 X 5 X 2 COPPER TEE","1","2","0","C08-13E"
"SP*00002368","COPW","3x1-1/4 Coupling W/Stop CxC","20","40","0","C08-13E"
"P2838","COPW","2-1/2 Adapter C x M","192","480","1","C08-10B"
"P2839","COPW","3 Adapter C x M","24","48","15","C08-12E"
"P2840","COPW","4 Adapter C x M","12","24","19","C08-08E"
"P10026","COPW","1-1/4x1/2 Adapter C x M","100","200","0","C08-13E"
"P3211","COPW","2 DWV Couplings CxC","100","200","0","C08-13E"
"P3212","COPW","4 DWV Couplings CxC","24","48","0","C08-13E"
"P3355","COPW","5 DWV Couplings CxC","1","2","0","C08-13E"
"P3356","COPW","3 DWV Couplings CxC","50","100","0","C08-13E"
"P10687","COPW","3 Fitting Adapter Ftg x M","20","40","0","C08-13E"
"P10871","COPW","1-1/4 FTGxFTG 90 EL COPPER","100","200","0","C08-13E"
"P3939","COPW","4 X 3 DWV Closet Flange C","5","10","0","C08-13E"
"P3940","COPW","3 Test Caps Copper C","20","40","0","C08-11E"
"P3941","COPW","1-1/4 Test Caps Copper C","50","100","0","C08-13E"
"P11112","COPW","3/4 SUCTION LINE P-TRAP CxC","250","500","0","C08-13E"
"P4434","COPW","1/2 607-LT 90 Lg Rad Ell CxC","1050","2800","1756","C08-09E"
"P11702","COPW","1-1/2 X 1-1/2 X 2 COPPER BH T","100","200","0","C08-13E"
"P4654","COPW","1/2 Adapter C x F","1800","4500","2154","C08-08B"
"P4656","COPW","3/8 Adapter C x F","800","1600","0","C08-13E"
"P4657","COPW","3/4 Adapter C x F","1400","4000","2369","C08-08B"
"P4658","COPW","1 Adapter C x F","560","1400","2160","C08-08B"
"P4659","COPW","1-1/4 Adapter C x F","320","1120","202","C08-08B"
"P4661","COPW","1-1/2 Adapter C x F","240","600","233","C08-09B"
"P11829","COPW","5/8(3/4 OD) SUCTION LINE P-TRA P CxC","500","1000","0","C08-13E"
"P4662","COPW","2 Adapter C x F","144","360","279","C08-09B"
"P4663","COPW","3/8 Fitting Adapter Ftg x F","800","1600","0","C08-11E"
"P4665","COPW","1/2 Fitting Adapter Ftg x F","2000","5000","1456","C08-09B"
"P4666","COPW","3/4 Fitting Adapter Ftg x F","1000","3500","2740","C08-09B"
"P4667","COPW","1 Fitting Adapter Ftg x F","140","280","155","C08-08E"
"P4668","COPW","1-1/4 Fitting Adapter Ftg x F","85","170","71","C08-08E"
"P4669","COPW","1-1/2 Fitting Adapter Ftg x F","240","640","66","C08-13D"
"P4670","COPW","1/2x3/4 Adapter C x F","1200","3000","3575","C08-09B"
"P4671","COPW","2 Fitting Adapter Ftg x F","120","320","47","C08-13D"
"P4672","COPW","1/2x3/8 Adapter C x F","800","1600","673","C08-08E"
"P4673","COPW","3/4x1 Adapter C x F","560","1960","710","C08-09B"
"P11842","COPW","1-1/2 DWV 90 DEG LONG TURN ELL","100","200","0","C08-13E"
"P4676","COPW","1x1-1/4 Adapter C x F","255","680","274","C08-08E"
"P4677","COPW","1x3/4 Adapter C x F","150","300","365","C08-08E"
"P4679","COPW","1-1/4x1-1/2 Adapter C x F","65","130","76","C08-08E"
"P4681","COPW","2x1-1/2 Adapter C x F","40","80","40","C08-10E"
"P4684","COPW","3/8 Adapter C x M","1000","2000","315","C08-08E"
"P4685","COPW","1/2 Adapter C x M","2400","6000","3100","C08-09B"
"P4686","COPW","1/2x1 Adapter C x F","160","320","-10","C08-10E"
"P4688","COPW","3/4 Adapter C x M","1000","2500","2571","C08-09B"
"P4690","COPW","1 Adapter C x M","600","1500","652","C08-10B"
"P4691","COPW","1x1/2 Adapter C x F","150","300","140","C08-08E"
"P4692","COPW","1-1/4 Adapter C x M","440","1100","1523","C08-10B"
"P4694","COPW","1-1/2 Adapter C x M","260","650","666","C08-10B"
"P4695","COPW","2 Adapter C x M","152","380","520","C08-10B"
"P4696","COPW","1-1/4x1 Adapter C x F","120","240","0","C08-10E"
"P4697","COPW","1-1/4x3/4 Adapter C x F","120","240","0","C08-10E"
"P4700","COPW","1-1/2x2 Adapter C x F","180","480","104","C08-13D"
"P4701","COPW","3/8x3/4 Adapter C x M","500","1000","0","C08-11E"
"P4702","COPW","1-1/2x1-1/4 Adapter C x F","70","140","25","C08-08E"
"P4705","COPW","3/4x1/2 Adapter C x F","1200","3000","438","C08-09B"
"P4707","COPW","1/2 90 Elbow CxC","12000","32000","13987","C08-08A"
"P4708","COPW","3/4 90 Elbow CxC","8000","24000","26709","C08-09A"
"P4709","COPW","1 90 Elbow CxC","1500","4000","6334","C08-08A"
"P4711","COPW","1/2 45 Elbow C x C","2000","5000","6117","C08-11B"
"P4712","COPW","3/4 45 Elbow C x C","800","2800","2496","C08-11B"
"P4714","COPW","1/2 Tee C x C x C","2000","5000","2873","C08-08C"
"P4715","COPW","3/4 Tee C x C x C","1120","3200","1264","C08-08C"
"P11888","COPW","1/2 Copper Ftg x Ftg 90 Elbow","500","1000","0","C08-13E"
"P4722","COPW","3/4 Union C x C","400","1000","326","C08-10C"
"P4724","COPW","3/4x1/2 90 Elbow Red C x C","800","2800","603","C08-12B"
"P4725","COPW","3/8x1/2 Adapter C x M","1500","4000","30","C08-13D"
"P4726","COPW","1/2x1 Adapter C x M","450","1200","246","C08-13D"
"P4727","COPW","1/2x3/4 Adapter C x M","1000","2500","1389","C08-10B"
"P4728","COPW","1/2x3/8 Adapter C x M","3200","8000","217","C08-10B"
"P4729","COPW","3/4x1 Adapter C x M","600","1500","941","C08-10B"
"P4730","COPW","3/4x1/2 Adapter C x M","1000","2500","819","C08-10B"
"P4731","COPW","1x1-1/4 Adapter C x M","340","1190","187","C08-11B"
"P4732","COPW","1x3/4 Adapter C x M","450","1200","1535","C08-08D"
"P4733","COPW","1-1/4x1-1/2 Adapter C x M","360","900","147","C08-11B"
"P4734","COPW","1-1/4x1 Adapter C x M","360","960","343","C08-08D"
"P4735","COPW","1-1/2x1-1/4 Adapter C x M","180","480","320","C08-08D"
"P4739","COPW","3/4x1-1/4 Adapter C x M","250","500","0","C08-12E"
"P4743","COPW","1x1-1/2 Adapter C x M","195","520","261","C08-08D"
"P4744","COPW","1x1/2 Adapter C x M","540","1440","53","C08-13D"
"P4747","COPW","1-1/4x3/4 Adapter C x M","390","1040","53","C08-13D"
"P11915","COPW","3 WROT DWV COUPLING NO STOP","20","40","0","C08-13E"
"P4749","COPW","1-1/2x1 Adapter C x M","360","960","90","C08-13D"
"P4750","COPW","1/2x3/8 Flush Bushing Ftg x C","1500","3000","0","C08-13E"
"P4751","COPW","3/4x1/2 Flush Bushing Ftg x C","700","1400","150","C08-12E"
"P4752","COPW","1-1/2x3/4 Adapter C x M","100","200","0","C08-13E"
"P4753","COPW","3/4x3/8 Flush Bushing Ftg x C","600","1200","0","C08-11E"
"P4755","COPW","1x3/4 Flush Bushing Ftg x C","300","600","0","C08-11E"
"P4756","COPW","2x1-1/2 Adapter C x M","144","384","65","C08-13D"
"P4757","COPW","1x1/2 Flush Bushing Ftg x C","320","640","0","C08-11E"
"P4758","COPW","1-1/4x1 Flush Bushing Ftg x C","200","400","0","C08-11E"
"P4760","COPW","1-1/2x1-1/4 Flush Bushing Ftg x C","140","280","100","C08-13E"
"P4761","COPW","2x1-1/2 Flush Bushing Ftg x C","60","120","0","C08-11E"
"P4762","COPW","3/8 Fitting Adapter Ftg x M","800","1600","0","C08-11E"
"P4764","COPW","1/2 Fitting Adapter Ftg x M","1500","4000","1027","C08-08D"
"P4765","COPW","3/8 Cap Copper","2500","5000","0","C08-11E"
"P4766","COPW","3/4 Fitting Adapter Ftg x M","750","2000","331","C08-08D"
"P4767","COPW","1/2 Cap Copper","5600","14000","13817","C08-11C"
"P4768","COPW","3/4 Cap Copper","2000","5000","2187","C08-11C"
"P4769","COPW","1 Fitting Adapter Ftg x M","390","1040","1110","C08-08D"
"P4770","COPW","1 Cap Copper","1200","4200","1930","C08-11C"
"P4771","COPW","1-1/4 Cap Copper","800","2800","681","C08-11C"
"P4773","COPW","1-1/2 Cap Copper","560","1400","335","C08-11C"
"P4774","COPW","2 Cap Copper","240","600","326","C08-11C"
"P4775","COPW","3/8x1/2 6042-R Fitting Adapter Ftg x M","250","500","0","C08-13E"
"P4776","COPW","2-1/2 Cap Copper","90","240","0","C08-12D"
"P4777","COPW","1/2x3/4 6042-R Fitting Adapter Ftg x M","250","500","0","C08-13E"
"P4778","COPW","3 Cap Copper","60","160","96","C08-11D"
"P4779","COPW","4 Cap Copper","75","200","14","C08-12D"
"P4780","COPW","1/2x3/8 6042-R Fitting Adapter Ftg x M","250","500","0","C08-13E"
"P4782","COPW","3/8 Coupling W/Stop C x C","4800","12000","1909","C08-12C"
"P4783","COPW","1/2 Coupling W/Stop C x C","4800","14400","4923","C08-11A"
"P4784","COPW","3/4 Coupling W/Stop C x C","3600","10800","11230","C08-11A"
"P4785","COPW","1 Coupling W/Stop C x C","900","2700","1232","C08-11A"
"P4786","COPW","1-1/4 Coupling W/Stop C x C","600","1800","2130","C08-11A"
"P4787","COPW","1-1/2 Coupling W/Stop C x C","360","1080","714","C08-11A"
"P4788","COPW","2 Coupling W/Stop C x C","240","720","347","C08-11A"
"P4789","COPW","2-1/2 Coupling W/Stop C x C","200","500","196","C08-12C"
"P4790","COPW","3 Coupling W/Stop C x C","180","540","228","C08-11A"
"P4791","COPW","4 Coupling W/Stop C x C","48","120","12","C08-12C"
"P4793","COPW","1/2x3/8 Coupling W/Stop CxC","3200","8000","257","C08-12C"
"P4794","COPW","3/4x1/2 Coupling W/Stop CxC","2100","4050","3768","C08-12A"
"P4796","COPW","3/4x3/8 Coupling W/Stop CxC","400","800","150","C08-08E"
"P4798","COPW","1-1/4 Fitting Adapter Ftg x M","240","640","155","C08-13D"
"P4799","COPW","1x1/2 Coupling W/Stop CxC","800","2000","178","C08-12C"
"P4800","COPW","1-1/2 Fitting Adapter Ftg x M","150","400","102","C08-13D"
"P4801","COPW","1x3/8 Coupling W/Stop CxC","250","500","0","C08-11E"
"P4802","COPW","2 Fitting Adapter Ftg x M","114","304","143","C08-08D"
"P4803","COPW","1-1/4x1 Coupling W/Stop CxC","600","1800","614","C08-12A"
"P4804","COPW","1-1/4x3/4 Coupling W/Stop CxC","600","1800","267","C08-12A"
"P4805","COPW","1-1/4x1/2 Coupling W/Stop CxC","400","1000","630","C08-13C"
"P4806","COPW","1-1/2x1-1/4 Cplg W/Stop CxC","600","1800","231","C08-12A"
"P4807","COPW","1-1/2x1 Coupling W/Stop CxC","600","1800","387","C08-12A"
"P4808","COPW","1-1/2x3/4 Coupling W/Stop CxC","100","200","50","C08-10E"
"P4809","COPW","1-1/2x1/2 Coupling W/Stop CxC","100","200","0","C08-10E"
"P4810","COPW","2x1-1/2 Coupling W/Stop CxC","300","900","64","C08-12A"
"P4811","COPW","2x1-1/4 Coupling W/Stop CxC","50","100","0","C08-10E"
"P4812","COPW","2x1 Coupling W/Stop CxC","200","500","221","C08-13C"
"P4813","COPW","2x3/4 Coupling W/Stop CxC","200","500","85","C08-13C"
"P4814","COPW","2x1/2 Coupling W/Stop CxC","50","100","0","C08-10E"
"P4815","COPW","2-1/2x2 Coupling W/Stop CxC","30","60","68","C08-08E"
"P4816","COPW","2-1/2x1-1/2 Coupling W/Stop Cx C","30","60","29","C08-09E"
"P4817","COPW","2-1/2x1-1/4 Coupling W/Stop Cx C","30","60","0","C08-13E"
"P4818","COPW","2-1/2x1 Coupling W/Stop CxC","30","60","0","C08-13E"
"P4819","COPW","3x2-1/2 Coupling W/Stop CxC","45","120","64","C08-08D"
"P4820","COPW","3x2 Coupling W/Stop CxC","20","40","50","C08-08E"
"P4821","COPW","3x1-1/2 Coupling W/Stop CxC","20","40","0","C08-12E"
"P4822","COPW","4x3 Coupling W/Stop CxC","18","36","8","C08-09E"
"P4823","COPW","4x2-1/2 Coupling W/Stop CxC","18","36","10","C08-13E"
"P4824","COPW","4x2 Coupling W/Stop CxC","18","36","0","C08-13E"
"P4829","COPW","3/8 Coupling W/O Stop C x C","1200","2400","0","C08-11E"
"P4830","COPW","1/2 Coupling W/O Stop C x C","4800","14400","15018","C08-13A"
"P4831","COPW","3/4 Coupling W/O Stop C x C","1800","5400","4216","C08-13A"
"P4832","COPW","1 Coupling W/O Stop C x C","600","1500","1144","C08-08B"
"P4833","COPW","1-1/4 Coupling W/O Stop C x C","400","1000","1001","C08-08B"
"P4834","COPW","1-1/2 Coupling W/O Stop C x C","240","840","771","C08-08B"
"P4835","COPW","2 Coupling W/O Stop C x C","160","560","415","C08-08B"
"P4836","COPW","2-1/2 Coupling W/O Stop C x C","50","100","19","C08-09E"
"P4837","COPW","3 Coupling W/O Stop C x C","90","240","99","C08-08D"
"P4838","COPW","4 Coupling W/O Stop C x C","12","24","0","C08-13E"
"P4839","COPW","3/8 45 Elbow C x C","800","1600","0","C08-11E"
"P4840","COPW","1 45 Elbow C x C","400","1400","668","C08-11B"
"P4841","COPW","1-1/4 45 Elbow C x C","240","600","602","C08-11B"
"P4842","COPW","1-1/2 45 Elbow C x C","160","400","307","C08-11B"
"P4843","COPW","2 45 Elbow C x C","72","180","182","C08-11B"
"P4844","COPW","2-1/2 45 Elbow C x C","60","160","97","C08-09D"
"P4845","COPW","3 45 Elbow C x C","45","120","72","C08-09D"
"P4846","COPW","4 45 Elbow C x C","6","12","18","C08-13E"
"P4848","COPW","3/8 45 Fitting Elbow Ftg x C","800","1600","0","C08-11E"
"P4849","COPW","1/2 45 Fitting Elbow Ftg x C","2000","7000","2230","C08-11B"
"P4850","COPW","3/4 45 Fitting Elbow Ftg x C","800","2000","3785","C08-12B"
"P4851","COPW","1 45 Fitting Elbow Ftg x C","400","1000","1351","C08-12B"
"P4852","COPW","1-1/4 45 Fitting Elbow Ftg x C","240","600","553","C08-12B"
"P4853","COPW","1-1/2 45 Fitting Elbow Ftg x C","160","400","630","C08-12B"
"P4854","COPW","2 45 Fitting Elbow Ftg x C","54","144","48","C08-13D"
"P4855","COPW","2-1/2 45 Fitting Elbow Ftg x C","20","40","6","C08-10E"
"P4856","COPW","3 45 Fitting Elbow Ftg x C","15","30","0","C08-10E"
"P4858","COPW","4 45 Fitting Elbow Ftg x C","6","12","0","C08-10E"
"P4859","COPW","3/8 90 Elbow CxC","3000","8000","1058","C08-13D"
"P4860","COPW","1-1/4 90 Elbow CxC","500","1600","2857","C08-10A"
"P4861","COPW","1-1/2 90 Elbow CxC","245","700","444","C08-12B"
"P4862","COPW","2 90 Elbow CxC","323","680","2046","C08-10A"
"P4863","COPW","2-1/2 90 Elbow CxC","40","100","71","C08-12B"
"P4864","COPW","3 90 Elbow CxC","52","130","66","C08-12B"
"P4865","COPW","4 90 Elbow CxC","18","48","10","C08-09D"
"P4866","COPW","1x3/4 90 Elbow Red C x C","320","800","388","C08-13B"
"P4868","COPW","1x1/2 90 Elbow Red CxC","80","160","0","C08-10E"
"P4870","COPW","3/8 90o Fitting Elbow Ftg x C","75","200","400","C08-09D"
"P4871","COPW","1/2 90o Fitting Elbow Ftg x C","2000","5000","2364","C08-13B"
"P4872","COPW","3/4 90o Fitting Elbow Ftg x C","800","2000","2514","C08-13B"
"P4873","COPW","1 90o Fitting Elbow Ftg x C","400","1000","635","C08-13B"
"P4874","COPW","1-1/4 90o Fitting Elbow FtgxC","200","500","370","C08-13B"
"P4875","COPW","1-1/2 90o Fitting Elbow FtgxC","140","350","640","C08-13B"
"P4876","COPW","2 90o Fitting Elbow Ftg x C","68","170","165","C08-13B"
"P4877","COPW","2-1/2 90 Fitting Elbow Ftg x C","20","40","0","C08-10E"
"P4878","COPW","3 90o Fitting Elbow Ftg x C","13","26","0","C08-12E"
"P4879","COPW","4 90o Fitting Elbow Ftg x C","6","12","0","C08-11E"
"P4916","COPW","1/2x3/8 Fitting Reducer FtgxC","1000","2000","677","C08-09E"
"P4917","COPW","3/4x1/2 Fitting Reducer FtgxC","2400","8000","2416","C08-13A"
"P12087","COPW","1/2 X 1/2 X 1/8 COPPER TEE","400","800","0","C08-13E"
"P4922","COPW","3/4x3/8 Fitting Reducer Ftg x C","400","800","0","C08-13E"
"P4925","COPW","1x3/4 Fitting Reducer Ftg x C","960","2880","797","C08-13A"
"P4926","COPW","1x1/2 Fitting Reducer Ftg x C","800","2000","707","C08-13C"
"P4928","COPW","1x3/8 Fitting Reducer Ftg x C","200","400","0","C08-11E"
"P4930","COPW","1-1/4x1 Fitting Reducer FtgxC","600","1800","755","C08-13A"
"P4932","COPW","1-1/4x3/4 Fitting Reducer Ftg x C","600","1800","1103","C08-13A"
"P4933","COPW","3/8 Tee C x C x C","600","1200","1786","C08-13E"
"P4934","COPW","1 Tee C x C x C","240","600","824","C08-13B"
"P4935","COPW","1-1/4 Tee C x C x C","140","350","511","C08-08C"
"P4936","COPW","1-1/2 Tee C x C x C","80","200","214","C08-08C"
"P4937","COPW","1-1/4x1/2 Fitting Reducer Ftg x C","400","1000","770","C08-13C"
"P4938","COPW","1-1/2x1-1/4 Ftg Red FtgxC","600","1800","88","C08-13A"
"P4939","COPW","2 Tee C x C x C","120","300","133","C08-08C"
"P4940","COPW","1-1/2x1 Fitting Reducer Ftg xC","600","1800","651","C08-13A"
"P4941","COPW","1-1/2x3/4 Fitting Reducer Ftg x C","100","200","129","C08-09E"
"P4942","COPW","1-1/2x1/2 Fitting Reducer Ftg x C","100","200","37","C08-09E"
"P4943","COPW","2x1-1/2 Fitting Reducer Ftg x C","200","500","230","C08-13C"
"P4944","COPW","2x1-1/4 Fitting Reducer FtgxC","150","400","251","C08-08D"
"P4945","COPW","2x1 Fitting Reducer Ftg x C","50","100","72","C08-09E"
"P4946","COPW","2x3/4 Fitting Reducer Ftg x C","50","100","33","C08-10E"
"P4947","COPW","2x1/2 Fitting Reducer Ftg x C","50","100","119","C08-09E"
"P4948","COPW","2-1/2 Tee C x C x C","45","120","61","C08-10D"
"P4949","COPW","2-1/2x2 Fitting Reducer FtgxC","30","60","37","C08-09E"
"P4950","COPW","2-1/2x1-1/2 Ftg Reducer FtgxC","30","60","-1","C08-12E"
"P4951","COPW","3 Tee C x C x C","30","80","67","C08-10E"
"P4952","COPW","2-1/2x1-1/4 Fitting Reducer Ft g x C","30","60","14","C08-09E"
"P4953","COPW","4 Tee C x C x C","5","10","10","C08-12E"
"P4954","COPW","2-1/2x1 Fitting Reducer FtgxC","30","60","0","C08-13E"
"P4955","COPW","3x2-1/2 Ftg Reducer Ftg x C","60","150","99","C08-13C"
"P4957","COPW","3x2 Fitting Reducer Ftg x C","20","40","14","C08-09E"
"P4958","COPW","3x1-1/2 Fitting Reducer FtgxC","20","40","22","C08-09E"
"P4959","COPW","3x1-1/4 Fitting Reducer Ftg x C","20","40","0","C08-09E"
"P4960","COPW","1/2x1/2x3/8 Red Tee CxCxC","400","800","49","C08-13E"
"P4961","COPW","4x3 Fitting Reducer Ftg x C","18","36","15","C08-09E"
"P4962","COPW","4x2-1/2 Fitting Reducer Ftg x C","18","36","0","C08-11E"
"P4963","COPW","4x2 Fitting Reducer Ftg x C","18","36","0","C08-13E"
"P4966","COPW","3/4x3/4x1/2 Red Tee CxCxC","1190","3400","4619","C08-09C"
"P4967","COPW","1-1/2x1-1/2x1/2 Red Tee CxCxC","160","400","333","C08-09C"
"P4968","COPW","3/4x3/4x3/8 Red Tee CxCxC","170","340","20","C08-11E"
"P4969","COPW","2x2x1-1/2 Red Tee CxCxC","40","100","28","C08-10C"
"P4970","COPW","1x1x3/4 Red Tee CxCxC","240","840","1308","C08-09C"
"P4971","COPW","2x2x1-1/4 Red Tee CxCxC","60","150","201","C08-10C"
"P4972","COPW","2x2x1 Red Tee CxCxC","72","180","205","C08-10C"
"P4973","COPW","1x1x1/2 Red Tee CxCxC","400","1000","1340","C08-09C"
"P4974","COPW","2x2x3/4 Red Tee CxCxC","80","200","183","C08-10C"
"P4975","COPW","1x1x3/8 Red Tee CxCxC","100","200","0","C08-13E"
"P4976","COPW","2x2x1/2 Red Tee CxCxC","60","160","44","C08-11D"
"P4977","COPW","1-1/4x1-1/4x1 Red Tee CxCxC.","160","400","565","C08-09C"
"P4978","COPW","2-1/2x2-1/2x2 Red Tee CxCxC","15","30","31","C08-12E"
"P4979","COPW","1-1/4x1-1/4x3/4 Red Tee CxCxC","200","500","678","C08-09C"
"P4980","COPW","2-1/2x2-1/2x1-1/2 Red Tee CxCx C","20","40","18","C08-12E"
"P4981","COPW","2-1/2x2-1/2x1-1/4 Red Tee CxCx C","60","160","74","C08-11D"
"P4982","COPW","1-1/4x1-1/4x1/2 Red Tee CxCxC","200","500","16","C08-09C"
"P4983","COPW","2-1/2x2-1/2x1 Red Tee CxCxC","75","200","25","C08-11D"
"P4984","COPW","1-1/4x1-1/4x3/8 Red Tee CxCxC","100","200","0","C08-13E"
"P4985","COPW","2-1/2x2-1/2x3/4 Red Tee CxCxC","75","200","21","C08-11D"
"P4986","COPW","2-1/2x2-1/2x1/2 Red Tee CxCxC","25","50","0","C08-13E"
"P4987","COPW","1-1/2x1-1/2x1-1/4 Red Tee CxCx C","75","200","140","C08-11D"
"P4988","COPW","1-1/2x1-1/2x1 Red Tee CxCxC","140","350","328","C08-10C"
"P4989","COPW","3x3x2-1/2 Red Tee CxCxC","10","20","0","C08-13E"
"P4990","COPW","3x3x2 Red Tee CxCxC","39","104","87","C08-11D"
"P4991","COPW","1-1/2x1-1/2x3/4 Red Tee CxCxC","140","350","374","C08-09C"
"P4992","COPW","3x3x1-1/2 Red Tee CxCxC","45","120","0","C08-11D"
"P4993","COPW","3x3x1-1/4 Red Tee CxCxC","15","30","0","C08-11E"
"P4994","COPW","3x3x1 Red Tee CxCxC","60","160","28","C08-12D"
"P4995","COPW","3x3x3/4 Red Tee CxCxC","60","160","36","C08-11D"
"P4996","COPW","3x3x1/2 Red Tee CxCxC","10","20","0","C08-13E"
"P4997","COPW","4x4x3 Red Tee CxCxC","5","10","0","C08-13E"
"P4999","COPW","4x4x2-1/2 Red Tee CxCxC","5","10","0","C08-13E"
"P5000","COPW","1x1/2x1/2 611RR Red Tee CxCxC","300","800","523","C08-09D"
"P5001","COPW","4x4x2 Red Tee CxCxC","18","48","30","C08-11D"
"P5277","CPLG","3 Blk Steel Half Pipe Coupling","30","120","0","C02-39E"
"P5467","CPLG","3-1/2 Blk Steel Half Pipe Coup ling","1","1","0","C02-39E"
"P5468","CPLG","5 Blk Steel Half Pipe Coupling","15","45","5","C02-39E"
"P5469","CPLG","6 Blk Steel Half Pipe Coupling","6","18","7","C02-39E"
"P5470","CPLG","1 Gal Steel Half Pipe Coupling","60","120","0","C02-39E"
"P5471","CPLG","1-1/2 Gal Steel Half Pipe Coup ling","50","50","0","C02-39E"
"P5472","CPLG","1-1/4 Gal Steel Half Pipe Coup ling","50","50","0","C02-39E"
"P5473","CPLG","1/8 Gal Steel Half Pipe Coupli ng","200","200","0","C02-39E"
"P5474","CPLG","2 Gal Steel Half Pipe Coupling","40","40","0","C02-39E"
"P5475","CPLG","2-1/2 Gal Steel Half Pipe Coup ling","60","60","0","C02-39E"
"P5476","CPLG","3 Gal Steel Half Pipe Coupling","40","40","0","C02-39E"
"P5477","CPLG","3-1/2 Gal Steel Half Pipe Coup ling","1","1","0","C02-39E"
"P5478","CPLG","3/8 Gal Steel Half Pipe Coupli ng","200","200","0","C02-39E"
"P5479","CPLG","4 Gal Steel Half Pipe Coupling","24","24","0","C02-39E"
"P5480","CPLG","5 Gal Steel Half Pipe Coupling","1","1","0","C02-39E"
"P5481","CPLG","6 Gal Steel Half Pipe Coupling","1","1","0","C02-39E"
"P7297","CPLG","1/2 RIGHT/LEFT BLK STL COUP","0","0","0","C02-39E"
"P7298","CPLG","3/4 RIGHT/LEFT BLK STL COUP","50","50","0","C02-39E"
"P7299","CPLG","1 RIGHT/LEFT BLK STL COUP","30","30","7","C02-39E"
"P7300","CPLG","1-1/4 RIGHT/LEFT BLK STL COUP","25","25","0","C02-39E"
"P7301","CPLG","1-1/2 RIGHT/LEFT BLK STL COUP","25","25","0","C02-39E"
"P7302","CPLG","2 RIGHT/LEFT BLK STL COUP","20","20","0","C02-39E"
"P7378","CPLG","3/4 Blk Stl Taper Tapped Cplg","250","250","0","C02-39E"
"P7382","CPLG","1 Blk Stl Taper Tapped Cplg","0","0","0","C02-39E"
"P7800","CPLG","1/4 STEEL TAPER TAP FULL COUP","0","0","0","C02-39E"
"P7812","CPLG","3/8 STEEL FULL TAPER TAP COUP","0","0","0","C02-39E"
"P7813","CPLG","1/2 STEEL FULL TAPER TAP COUP","0","0","0","C02-39E"
"P7885","CPLG","1 STEEL TAPER TAP HALF COUP","0","0","0","C02-39E"
"P7887","CPLG","1 1/2 STEEL TAPER TAP HALF COU","0","0","0","C02-39E"
"P7888","CPLG","2 STEEL TAPER TAP HALF COUP","0","0","0","C02-39E"
"P8107","CPLG","1/8 STEEL FULL TAPER TAP COUP","0","0","0","C02-39E"
"P8161","CPLG","3/4 STEEL TAPER TAP HALF COUP","0","0","0","C02-39E"
"P8311","CPLG","2 STEEL TAPER TAP FULL COUP","0","0","0","C02-39E"
"P8432","CPLG","1-1/4 STLL FULL TAPER TAP COUP","0","0","0","C02-39E"
"P9021","CPLG","2 GALVANIZED DRIVE WELL CPLG","0","0","0","C02-39E"
"P1866","CPLG","1/8 Blk Steel Pipe Coupling","1200","3600","2421","C02-39A"
"P1867","CPLG","1/4 Blk Steel Pipe Coupling","1200","3600","5202","C02-39A"
"P1868","CPLG","3/8 Blk Steel Pipe Coupling","600","3600","1289","C02-39A"
"P1869","CPLG","1/2 Blk Steel Pipe Coupling","800","4800","5125","C02-39A"
"P1870","CPLG","3/4 Blk Steel Pipe Coupling","800","2000","1186","C02-39A"
"P1871","CPLG","1 Blk Steel Pipe Coupling","450","1200","458","C02-39A"
"P1872","CPLG","1-1/4 Blk Steel Pipe Coupling","200","900","1410","C02-39A"
"P1873","CPLG","1-1/2 Blk Steel Pipe Coupling","75","600","535","C02-39B"
"P1874","CPLG","2 Blk Steel Pipe Coupling","500","1900","446","C02-39B"
"P1875","CPLG","2-1/2 Blk Steel Pipe Coupling","40","100","80","C02-39B"
"P1876","CPLG","3 Blk Steel Pipe Coupling","45","120","21","C02-39B"
"P1877","CPLG","3-1/2 Blk Steel Pipe Coupling","18","54","0","C02-39B"
"P1878","CPLG","4 Blk Steel Pipe Coupling","20","60","-76","C02-39B"
"P1879","CPLG","5 Blk Steel Pipe Coupling","5","15","15","C02-39B"
"P1880","CPLG","6 Blk Steel Pipe Coupling","6","12","0","C02-39C"
"P1882","CPLG","1/8 Blk Steel Half Pipe Coupling","200","1000","638","C02-39C"
"P1883","CPLG","1/4 Blk Steel Half Pipe Coup","1200","6000","9086","C02-39C"
"P1884","CPLG","3/8 Blk Steel Half Pipe Cplg","1200","4800","1233","C02-39C"
"P1885","CPLG","1/2 Blk Steel Half Pipe Coup","1600","3200","6527","C02-39C"
"P1886","CPLG","3/4 Blk Steel Half Pipe Coup","800","3200","2800","C02-39C"
"P2748","CPLG","1/8 Gal Steel Pipe Coupling","600","600","0","C02-39E"
"P2750","CPLG","3/8 Gal Steel Pipe Coupling","600","600","600","C02-39E"
"P2751","CPLG","1/2 Gal Steel Pipe Coupling","400","400","350","C02-39D"
"P2752","CPLG","3/4 Gal Steel Pipe Coupling","200","200","200","C02-39E"
"P2753","CPLG","1 Gal Steel Pipe Coupling","150","150","70","C02-39E"
"P2754","CPLG","1-1/4 Gal Steel Pipe Coupling","100","100","0","C02-39E"
"P2755","CPLG","1-1/2 Gal Steel Pipe Coupling","75","75","65","C02-39E"
"P2756","CPLG","2 Gal Steel Pipe Coupling","250","350","400","C02-39E"
"P2757","CPLG","2-1/2 Gal Steel Pipe Coupling","20","20","20","C02-39E"
"P2758","CPLG","3 Gal Steel Pipe Coupling","15","15","0","C02-39E"
"P2759","CPLG","3-1/2 Gal Steel Pipe Coupling","18","18","0","C02-39E"
"P2760","CPLG","4 Gal Steel Pipe Coupling","10","10","0","C02-39E"
"P2761","CPLG","5 Gal Steel Pipe Coupling","5","10","0","C02-39E"
"P2762","CPLG","6 Gal Steel Pipe Coupling","3","3","0","C02-39E"
"P3163","CPLG","1 Blk Steel Half Pipe Coupling","300","1200","337","C02-39D"
"P3164","CPLG","1-1/2 Blk Steel Half Pipe Coup","150","450","915","C02-39C"
"P3165","CPLG","2 Blk Steel Half Pipe Coupling","100","500","257","C02-39E"
"P3821","CPLG","3/4 Gal Steel Half Pipe Coupli ng","100","100","400","C02-39E"
"P11189","CPLG","3/4 BLK STEEL COUPLING 2.25"" OVERALL LENGTH","0","0","0","C02-39E"
"P4075","CPLG","1/4 Gal Steel Pipe Coupling","600","600","550","C02-39E"
"P4497","CPLG","1/4 Gal Steel Half Pipe Coupli ng","200","200","0","C02-39E"
"P4506","CPLG","1-1/4 Blk Steel Half Pipe Coup","200","1000","885","C02-39D"
"P4516","CPLG","4 Blk Steel Half Pipe Coupling","25","75","50","C02-39E"
"P4517","CPLG","2-1/2 Blk Steel Half Pipe Coup","50","200","250","C02-39E"
"P4608","CPLG","1/2 Gal Steel Half Pipe Coupli ng","200","400","0","C02-39E"
"P4623","CPLG","8 Blk Steel Pipe Coupling","1","1","0","C02-39C"
"P16131","CPVC","1/2 CPVC x Brass F1960 EXPN PEX ADPT","1000","2750","714","C06-36B"
"P16132","CPVC","3/4 CPVC x Brass F1960 EXPN PEX ADPT","1000","2750","115","C06-36B"
"P16133","CPVC","1 CPVC x Brass F1960 EXPN PEX ADPT","480","1320","95","C06-36B"
"P16134","CPVC","1/2 CPVC x Brass F1807 PEX ADPT","1000","2750","164","C06-36B"
"P16135","CPVC","3/4 CPVC x Brass F1807 PEX ADPT","1000","2750","39","C06-36B"
"P16136","CPVC","1 CPVC x Brass F1807 PEX ADPT","600","1650","35","C06-36B"
"P16140","CPVC","1/2 CPVC x Fem SS ADPT","2000","5500","-1","C06-36D"
"P16141","CPVC","3/4 CPVC x Fem SS ADPT","1600","4400","0","C06-36D"
"P16142","CPVC","1 CPVC x Fem SS ADPT","400","1100","1093","C06-36E"
"P16143","CPVC","1-1/4 CPVC x Fem SS ADPT","400","1100","360","C06-36D"
"P16144","CPVC","1-1/2 CPVC x Fem SS ADPT","200","550","130","C06-36C"
"P16145","CPVC","2 CPVC x Fem SS ADPT","200","550","139","C06-36E"
"P16146","CPVC","1/2 CPVC x Male SS ADPT","2000","5500","-20","C06-36C"
"P16147","CPVC","3/4 CPVC x Male SS ADPT","1600","4400","0","C06-36C"
"P16148","CPVC","1 CPVC x Male SS ADPT","400","1100","198","C06-36C"
"P16149","CPVC","1-1/4 CPVC x Male SS ADPT","400","1100","11","C06-36C"
"P16150","CPVC","1-1/2 CPVC x Male SS ADPT","200","550","14","C06-36E"
"P16151","CPVC","2 CPVC x Male SS ADPT","200","550","149","C06-36D"
"P16154","CPVC","1/2 CPVC x SS F1807 PEX ADPT","2000","5500","329","C06-36E"
"P16155","CPVC","3/4 CPVC x SS F1807 PEX ADPT","1000","2750","54","C06-36E"
"P16156","CPVC","1 CPVC x SS F1807 PEX ADPT","1000","2750","200","C06-36C"
"P16158","CPVC","1/2 CPVC SS Drop Ear Elbow (Plastic)","1000","2750","566","C06-36D"
"P16159","CPVC","1/2 CPVC SS Drop Ear Elbow (SS)","1000","2750","714","C06-36D"
"P16160","CPVC","3/4 CPVC SS Drop Ear Elbow (SS)","400","1100","75","C06-36E"
"P16161","CPVC","1/2 CPVC x Male Brass ADPT","1250","3500","795","C06-36A"
"P16162","CPVC","3/4 CPVC x Male Brass ADPT","1250","3500","352","C06-36A"
"P16163","CPVC","1 CPVC x Male Brass ADPT","750","2100","344","C06-36A"
"P16164","CPVC","1-1/4 CPVC x Male Brass ADPT","400","1120","49","C06-36A"
"P16165","CPVC","1-1/2 CPVC x Male Brass ADPT","300","840","48","C06-36A"
"P16166","CPVC","2 CPVC x Male Brass ADPT","100","280","0","C06-36A"
"P16167","CPVC","1/2 CPVC x Fem Brass ADPT","1250","3500","943","C06-36A"
"P16168","CPVC","3/4 CPVC x Fem Brass ADPT","1250","3500","930","C06-36A"
"P16169","CPVC","1 CPVC x Fem Brass ADPT","750","2100","334","C06-36A"
"P16170","CPVC","1-1/4 CPVC x Fem Brass ADPT","320","880","120","C06-36B"
"P16171","CPVC","1-1/2 CPVC x Fem Brass ADPT","240","660","150","C06-36B"
"P16172","CPVC","2 CPVC x Fem Brass ADPT","80","220","90","C06-36B"
"P16174","CPVC","1/2 CPVC Brass Drop Ear Elbow (Brass)","1000","2750","1000","C06-36C"
"P16175","CPVC","1/2 CPVC x SS F1960 EXPN PEX ADPT","2000","5500","9","C06-36E"
"P16176","CPVC","3/4 CPVC x SS F1960 EXPN PEX ADPT","1000","2750","110","C06-36E"
"P16177","CPVC","1 CPVC x SS F1960 EXPN PEX ADPT","1000","2750","-5","C06-36E"
"P17000","CSP","1/2 ArmorPress CPLG - Gas (HNBR)","120","180","570","C06-26A"
"P17001","CSP","3/4 ArmorPress CPLG - Gas (HNBR)","90","150","460","C06-26A"
"P17002","CSP","1 ArmorPress CPLG - Gas (HNBR)","120","180","119","C06-26A"
"P17003","CSP","1-1/4 ArmorPress CPLG - Gas (HNBR)","30","50","95","C06-26A"
"P17004","CSP","1-1/2 ArmorPress CPLG - Gas (HNBR)","10","20","60","C06-26A"
"P17005","CSP","2 ArmorPress CPLG - Gas (HNBR)","12","18","59","C06-26A"
"P17006","CSP","3/4x1/2 ArmorPress CPLG - Gas (HNBR)","20","20","295","C06-28C"
"P17007","CSP","1x3/4 ArmorPress CPLG - Gas (HNBR)","20","20","105","C06-28C"
"P17008","CSP","1x1/2 ArmorPress CPLG - Gas (HNBR)","20","20","120","C06-28D"
"P17009","CSP","1-1/4x1 ArmorPress CPLG - Gas (HNBR)","10","10","18","C06-28C"
"P17010","CSP","1-1/4x3/4 ArmorPress CPLG - Gas (HNBR)","10","10","0","C06-28C"
"P17011","CSP","1-1/2x1-1/4 ArmorPress CPLG - Gas (HNBR)","5","5","30","C06-28D"
"P17012","CSP","2x1-1/2 ArmorPress CPLG - Gas (HNBR)","5","5","30","C06-28D"
"P17013","CSP","2x1-1/4 ArmorPress CPLG - Gas (HNBR)","5","5","14","C06-28C"
"P17014","CSP","1/2 ArmorPress CPLG w/o Stop - Gas (HNBR)","30","30","340","C06-30B"
"P17015","CSP","3/4 ArmorPress CPLG w/o Stop - Gas (HNBR)","30","30","85","C06-30B"
"P17016","CSP","1 ArmorPress CPLG w/o Stop - Gas (HNBR)","20","40","80","C06-30B"
"P17017","CSP","1-1/4 ArmorPress CPLG w/o Stop - Gas (HNBR)","10","10","80","C06-28B"
"P17018","CSP","1-1/2 ArmorPress CPLG w/o Stop - Gas (HNBR)","10","10","78","C06-26C"
"P17019","CSP","2 ArmorPress CPLG w/o Stop - Gas (HNBR)","6","6","72","C06-30B"
"P17020","CSP","1/2 ArmorPress Ext. CPLG w/o Stop - Gas (HNBR)","40","120","60","C06-28D"
"P17021","CSP","3/4 ArmorPress Ext. CPLG w/o Stop - Gas (HNBR)","40","120","40","C06-28D"
"P17022","CSP","1 ArmorPress Ext. CPLG w/o Stop - Gas (HNBR)","30","90","45","C06-28D"
"P17023","CSP","1-1/4 ArmorPress Ext. CPLG w/o Stop - Gas (HNBR)","10","30","20","C06-28D"
"P17024","CSP","1-1/2 ArmorPress Ext. CPLG w/o Stop - Gas (HNBR)","10","30","15","C06-28D"
"P17025","CSP","2 ArmorPress Ext. CPLG w/o Stop - Gas (HNBR)","8","24","24","C06-28D"
"P17026","CSP","1/2 ArmorPress Union - Gas (HNBR)","20","20","0","C06-30C"
"P17027","CSP","3/4 ArmorPress Union - Gas (HNBR)","20","20","98","C06-30C"
"P17028","CSP","1 ArmorPress Union - Gas (HNBR)","10","10","70","C06-30C"
"P17029","CSP","1-1/4 ArmorPress Union - Gas (HNBR)","6","6","43","C06-30C"
"P17030","CSP","1-1/2 ArmorPress Union - Gas (HNBR)","5","5","30","C06-28D"
"P17031","CSP","2 ArmorPress Union - Gas (HNBR)","3","6","18","C06-28D"
"P17032","CSP","3/4x1/2 ArmorPress Bushing - Gas (HNBR)","40","40","310","C06-30C"
"P17033","CSP","1x3/4 ArmorPress Bushing - Gas (HNBR)","40","80","301","C06-30C"
"P17034","CSP","1x1/2 ArmorPress Bushing - Gas (HNBR)","20","40","0","C06-30C"
"P17035","CSP","1-1/4x1 ArmorPress Bushing - Gas (HNBR)","20","30","140","C06-28C"
"P17036","CSP","1-1/2x1-1/4 ArmorPress Bushing - Gas (HNBR)","5","5","0","C06-28C"
"P17037","CSP","1-1/2x1 ArmorPress Bushing - Gas (HNBR)","10","10","0","C06-28C"
"P17038","CSP","1-1/2x3/4 ArmorPress Bushing - Gas (HNBR)","10","10","40","C06-28C"
"P17039","CSP","2x1-1/2 ArmorPress Bushing - Gas (HNBR)","5","10","43","C06-28C"
"P17040","CSP","2x1-1/4 ArmorPress Bushing - Gas (HNBR)","5","5","38","C06-28C"
"P17041","CSP","2x1 ArmorPress Bushing - Gas (HNBR)","10","10","49","C06-28C"
"P17042","CSP","1/2 ArmorPress 45 Elbow - Gas (HNBR)","40","80","150","C06-28A"
"P17043","CSP","3/4 ArmorPress 45 Elbow - Gas (HNBR)","20","40","135","C06-28A"
"P17044","CSP","1 ArmorPress 45 Elbow - Gas (HNBR)","10","20","100","C06-28A"
"P17045","CSP","1-1/4 ArmorPress 45 Elbow - Gas (HNBR)","10","10","32","C06-28A"
"P17046","CSP","1-1/2 ArmorPress 45 Elbow - Gas (HNBR)","4","8","43","C06-28A"
"P17047","CSP","2 ArmorPress 45 Elbow - Gas (HNBR)","4","6","7","C06-26A"
"P17048","CSP","1/2 ArmorPress 45 FTG Elbow - Gas (HNBR)","40","40","115","C06-26C"
"P17049","CSP","3/4 ArmorPress 45 FTG Elbow - Gas (HNBR)","20","20","230","C06-26A"
"P17050","CSP","1 ArmorPress 45 FTG Elbow - Gas (HNBR)","20","20","114","C06-26A"
"P17051","CSP","1-1/4 ArmorPress 45 FTG Elbow - Gas (HNBR)","12","12","20","C06-26C"
"P17052","CSP","1-1/2 ArmorPress 45 FTG Elbow - Gas (HNBR)","8","8","12","C06-26C"
"P17053","CSP","2 ArmorPress 45 FTG Elbow - Gas (HNBR)","2","4","10","C06-26C"
"P17054","CSP","1/2 ArmorPress 90 Elbow - Gas (HNBR)","300","480","408","C06-30A"
"P17055","CSP","3/4 ArmorPress 90 Elbow - Gas (HNBR)","240","440","420","C06-30A"
"P17056","CSP","1 ArmorPress 90 Elbow - Gas (HNBR)","160","280","85","C06-30A"
"P17057","CSP","1-1/4 ArmorPress 90 Elbow - Gas (HNBR)","48","78","65","C06-30A"
"P17058","CSP","1-1/2 ArmorPress 90 Elbow - Gas (HNBR)","20","36","-1","C06-30A"
"P17059","CSP","2 ArmorPress 90 Elbow - Gas (HNBR)","12","20","30","C06-30A"
"P17060","CSP","1/2 ArmorPress 90 FTG Elbow - Gas (HNBR)","80","120","0","C06-28A"
"P17061","CSP","3/4 ArmorPress 90 FTG Elbow - Gas (HNBR)","20","40","465","C06-28A"
"P17062","CSP","1 ArmorPress 90 FTG Elbow - Gas (HNBR)","50","80","124","C06-28A"
"P17063","CSP","1-1/4 ArmorPress 90 FTG Elbow - Gas (HNBR)","8","16","24","C06-28A"
"P17064","CSP","1-1/2 ArmorPress 90 FTG Elbow - Gas (HNBR)","6","6","20","C06-28A"
"P17065","CSP","2 ArmorPress 90 FTG Elbow - Gas (HNBR)","2","4","16","C06-26C"
"P17066","CSP","1/2 ArmorPress Tee - Gas (HNBR)","60","105","130","C06-28B"
"P17067","CSP","3/4 ArmorPress Tee - Gas (HNBR)","60","105","255","C06-28B"
"P17068","CSP","1 ArmorPress Tee - Gas (HNBR)","60","100","141","C06-28B"
"P17069","CSP","1-1/4 ArmorPress Tee - Gas (HNBR)","20","32","89","C06-28B"
"P17070","CSP","1-1/2 ArmorPress Tee - Gas (HNBR)","10","16","36","C06-26B"
"P17071","CSP","2 ArmorPress Tee - Gas (HNBR)","6","10","15","C06-26B"
"P17072","CSP","3/4x3/4x1/2 ArmorPress Tee - Gas (HNBR)","15","30","170","C06-28B"
"P17073","CSP","1x1x3/4 ArmorPress Tee - Gas (HNBR)","20","30","80","C06-26B"
"P17074","CSP","1x1x1/2 ArmorPress Tee - Gas (HNBR)","60","90","88","C06-26B"
"P17075","CSP","1-1/4x1-1/4x1 ArmorPress Tee - Gas (HNBR)","6","12","14","C06-26B"
"P17076","CSP","1-1/4x1-1/4x3/4 ArmorPress Tee - Gas (HNBR)","8","16","33","C06-26B"
"P17077","CSP","1-1/4x1-1/4x1/2 ArmorPress Tee - Gas (HNBR)","6","6","48","C06-30D"
"P17078","CSP","1-1/2x1-1/2x1-1/4 ArmorPress Tee - Gas (HNBR)","6","6","16","C06-26B"
"P17079","CSP","1-1/2x1-1/2x1 ArmorPress Tee - Gas (HNBR)","6","6","30","C06-30D"
"P17080","CSP","1-1/2x1-1/2x3/4 ArmorPress Tee - Gas (HNBR)","6","6","29","C06-30D"
"P17081","CSP","1-1/2x1-1/2x1/2 ArmorPress Tee - Gas (HNBR)","6","6","20","C06-30D"
"P17082","CSP","2x2x1-1/2 ArmorPress Tee - Gas (HNBR)","4","6","2","C06-26B"
"P17083","CSP","2x2x1-1/4 ArmorPress Tee - Gas (HNBR)","4","6","16","C06-30D"
"P17084","CSP","2x2x1 ArmorPress Tee - Gas (HNBR)","6","10","16","C06-30D"
"P17085","CSP","2x2x3/4 ArmorPress Tee - Gas (HNBR)","4","6","21","C06-26B"
"P17086","CSP","2x2x1/2 ArmorPress Tee - Gas (HNBR)","4","6","-21","C06-30D"
"P17087","CSP","1/2 ArmorPress Cap - Gas (HNBR)","30","30","16","C06-26B"
"P17088","CSP","3/4 ArmorPress Cap - Gas (HNBR)","30","30","208","C06-26B"
"P17089","CSP","1 ArmorPress Cap - Gas (HNBR)","20","20","0","C06-30C"
"P17090","CSP","1-1/4 ArmorPress Cap - Gas (HNBR)","10","10","103","C06-30C"
"P17091","CSP","1-1/2 ArmorPress Cap - Gas (HNBR)","10","10","35","C06-30C"
"P17092","CSP","2 ArmorPress Cap - Gas (HNBR)","10","10","155","C06-30C"
"P17093","CSP","1/2 ArmorPress Flange - Gas (HNBR)","10","30","30","C06-28D"
"P17094","CSP","3/4 ArmorPress Flange - Gas (HNBR)","10","30","30","C06-28D"
"P17095","CSP","1 ArmorPress Flange - Gas (HNBR)","10","30","30","C06-26D"
"P17096","CSP","1-1/4 ArmorPress Flange - Gas (HNBR)","4","12","12","C06-26D"
"P17097","CSP","1-1/2 ArmorPres CS Flange - Gas (HNBR)","4","12","12","C06-26D"
"P17098","CSP","2 ArmorPress Flange - Gas (HNBR)","4","12","12","C06-26D"
"P17099","CSP","1/2 ArmorPress x Fem Union - Gas (HNBR)","40","120","40","C06-28D"
"P17100","CSP","3/4 ArmorPress x Fem Union - Gas (HNBR)","40","120","40","C06-28D"
"P17101","CSP","1 ArmorPress x Fem Union - Gas (HNBR)","20","60","34","C06-28D"
"P17102","CSP","1-1/4 ArmorPress x Fem Union - Gas (HNBR)","12","36","24","C06-28D"
"P17103","CSP","1-1/2 ArmorPress x Fem Union - Gas (HNBR)","10","30","20","C06-28D"
"P17104","CSP","2 ArmorPress x Fem Union - Gas (HNBR)","6","18","12","C06-28D"
"P17105","CSP","3/4 ArmorPress Tee PxPxF - Gas (HNBR)","30","120","45","C06-30D"
"P17106","CSP","3/4x3/4x1/2 ArmorPress Tee PxPxF - Gas (HNBR)","15","15","45","C06-30D"
"P17107","CSP","1x1x3/4 ArmorPress Tee PxPxF - Gas (HNBR)","10","10","76","C06-30D"
"P17108","CSP","1x1/2 ArmorPress Tee PxPxF - Gas (HNBR)","10","10","26","C06-30D"
"P17109","CSP","1-1/4x1-1/4x1 ArmorPress Tee PxPxF - Gas (HNBR)","8","8","12","C06-30D"
"P17110","CSP","1-1/4x1-1/4x3/4 ArmorPress Tee PxPxF - Gas (HNBR)","16","64","16","C06-30D"
"P17111","CSP","1-1/4x1-1/4x1/2 ArmorPress Tee PxPxF - Gas (HNBR)","16","64","23","C06-30D"
"P17112","CSP","1-1/2x1-1/2x1-1/4 ArmorPress Tee PxPxF - Gas (HNBR)","12","48","16","C06-30D"
"P17113","CSP","1-1/2x1-1/2x1 ArmorPress Tee PxPxF - Gas (HNBR)","12","36","6","C06-30D"
"P17114","CSP","1-1/2x1-1/2x3/4 ArmorPress Tee PxPxF - Gas (HNBR)","12","36","19","C06-30D"
"P17115","CSP","1-1/2x1-1/2x1/2 ArmorPress Tee PxPxF - Gas (HNBR)","8","8","12","C06-30D"
"P17116","CSP","2x2x1-1/2 ArmorPress Tee PxPxF - Gas (HNBR)","4","12","8","C06-28D"
"P17117","CSP","2x2x1-1/4 ArmorPress Tee PxPxF - Gas (HNBR)","4","12","6","C06-28D"
"P17118","CSP","2x2x1 ArmorPress Tee PxPxF - Gas (HNBR)","2","4","4","C06-28D"
"P17119","CSP","2x2x3/4 ArmorPress Tee PxPxF - Gas (HNBR)","2","4","16","C06-28D"
"P17120","CSP","2x2x1/2 ArmorPress Tee PxPxF - Gas (HNBR)","2","4","16","C06-28D"
"P17121","CSP","1/2 ArmorPress x Fem ADPT - Gas (HNBR)","40","40","170","C06-30B"
"P17122","CSP","3/4 ArmorPress x Fem ADPT - Gas (HNBR)","30","30","26","C06-28B"
"P17123","CSP","1 ArmorPress x Fem ADPT - Gas (HNBR)","20","20","14","C06-28B"
"P17124","CSP","1-1/4 ArmorPress x Fem ADPT - Gas (HNBR)","10","10","26","C06-28B"
"P17125","CSP","1-1/2 ArmorPress x Fem ADPT - Gas (HNBR)","10","10","31","C06-26C"
"P17126","CSP","2 ArmorPress x Fem ADPT - Gas (HNBR)","10","10","80","C06-26C"
"P17127","CSP","3/4x1/2 ArmorPress x Fem ADPT - Gas (HNBR)","60","240","120","C06-26C"
"P17128","CSP","1x3/4 ArmorPress x Fem ADPT - Gas (HNBR)","20","20","60","C06-26C"
"P17129","CSP","1x1/2 ArmorPress x Fem ADPT - Gas (HNBR)","60","240","120","C06-26C"
"P17130","CSP","1-1/4x1 ArmorPress x Fem ADPT - Gas (HNBR)","20","80","20","C06-26C"
"P17131","CSP","1-1/4x3/4 ArmorPress x Fem ADPT - Gas (HNBR)","10","10","10","C06-26C"
"P17132","CSP","1-1/4x1/2 ArmorPress x Fem ADPT - Gas (HNBR)","20","80","20","C06-26C"
"P17133","CSP","1-1/2x1-1/4 ArmorPress x Fem ADPT - Gas (HNBR)","20","80","20","C06-26C"
"P17134","CSP","1-1/2x1 ArmorPress x Fem ADPT - Gas (HNBR)","20","80","0","C06-26C"
"P17135","CSP","1-1/2x3/4 ArmorPress x Fem ADPT - Gas (HNBR)","20","80","20","C06-26C"
"P17136","CSP","1-1/2x1/2 ArmorPress x Fem ADPT - Gas (HNBR)","20","80","20","C06-26C"
"P17137","CSP","2x1-1/2 ArmorPress x Fem ADPT - Gas (HNBR)","10","10","16","C06-30D"
"P17138","CSP","2x1-1/4 ArmorPress x Fem ADPT - Gas (HNBR)","20","80","16","C06-30D"
"P17139","CSP","2x1 ArmorPress x Fem ADPT - Gas (HNBR)","20","80","20","C06-30D"
"P17140","CSP","2x1/2 ArmorPress x Fem ADPT - Gas (HNBR)","20","80","10","C06-30D"
"P17141","CSP","1/2 ArmorPress x Male ADPT - Gas (HNBR)","40","40","320","C06-30B"
"P17142","CSP","3/4 ArmorPress x Male ADPT - Gas (HNBR)","60","90","340","C06-30B"
"P17143","CSP","1 ArmorPress x Male ADPT - Gas (HNBR)","20","40","211","C06-30B"
"P17144","CSP","1-1/4 ArmorPress x Male ADPT - Gas (HNBR)","15","15","140","C06-30B"
"P17145","CSP","1-1/2 ArmorPress x Male ADPT - Gas (HNBR)","10","10","113","C06-30B"
"P17146","CSP","2 ArmorPress x Male ADPT - Gas (HNBR)","10","10","109","C06-30B"
"P17147","CSP","1-1/4x3/4 ArmorPress Bushing - Gas (HNBR)","1","1","0","C06-24D"
"P17148","CSP","1-1/2x1 ArmorPress CPLG - Gas (HNBR)","1","1","0","C06-24D"
"P17149","CSP","1-1/2x3/4 ArmorPress CPLG - Gas (HNBR)","1","1","0","C06-24D"
"P17150","CSP","2x1 ArmorPress CPLG - Gas (HNBR)","1","1","0","C06-24D"
"P17151","CSP","2x3/4 ArmorPress x Fem ADPT - Gas (HNBR)","1","1","0","C06-24D"
"P17152","CSP","2-1/2 ArmorPress CPLG - Gas (HNBR)","32","128","125","C06-30G"
"P17153","CSP","3 ArmorPress CPLG - Gas (HNBR)","16","64","62","C06-30G"
"P17154","CSP","4 ArmorPress CPLG - Gas (HNBR)","8","32","32","C06-30G"
"P17155","CSP","2-1/2x2 ArmorPress CPLG - Gas (HNBR)","1","1","0","C06-24D"
"P17156","CSP","2-1/2x1-1/2 ArmorPress CPLG - Gas (HNBR)","1","1","0","C06-24D"
"P17157","CSP","2-1/2x1-1/4 ArmorPress CPLG - Gas (HNBR)","1","1","0","C06-24D"
"P17158","CSP","2-1/2x1 ArmorPress CPLG - Gas (HNBR)","1","1","0","C06-24D"
"P17159","CSP","3x2-1/2 ArmorPress CPLG - Gas (HNBR)","1","1","0","C06-24D"
"P17160","CSP","3x2 ArmorPress CPLG - Gas (HNBR)","1","1","0","C06-24D"
"P17161","CSP","3x1-1/2 ArmorPress CPLG - Gas (HNBR)","1","1","0","C06-24D"
"P17162","CSP","3x1-1/4 ArmorPress CPLG - Gas (HNBR)","1","1","0","C06-24D"
"P17163","CSP","4x3 ArmorPress CPLG - Gas (HNBR)","1","1","0","C06-24D"
"P17164","CSP","4x2-1/2 ArmorPress CPLG - Gas (HNBR)","1","1","0","C06-24D"
"P17165","CSP","4x2 ArmorPress CPLG - Gas (HNBR)","1","1","0","C06-24D"
"P17166","CSP","4x1-1/2 ArmorPress CPLG - Gas (HNBR)","1","1","0","C06-24D"
"P17167","CSP","2-1/2 ArmorPress CPLG w/o Stop - Gas (HNBR)","32","128","18","C06-28G"
"P17168","CSP","3 ArmorPress CPLG w/o Stop - Gas (HNBR)","16","64","17","C06-26G"
"P17169","CSP","4 ArmorPress CPLG w/o Stop - Gas (HNBR)","8","32","9","C06-26G"
"P17170","CSP","2-1/2x2 ArmorPress Bushing - Gas (HNBR)","40","160","27","C06-28G"
"P17171","CSP","2-1/2x1-1/2 ArmorPress Bushing - Gas (HNBR)","26","104","13","C06-26F"
"P17172","CSP","2-1/2x1-1/4 ArmorPress Bushing - Gas (HNBR)","26","104","13","C06-26F"
"P17173","CSP","2-1/2x1 ArmorPress Bushing - Gas (HNBR)","18","72","9","C06-26F"
"P17174","CSP","3x2-1/2 ArmorPress Bushing - Gas (HNBR)","20","80","16","C06-26G"
"P17175","CSP","3x2 ArmorPress Bushing - Gas (HNBR)","30","120","31","C06-26G"
"P17176","CSP","3x1-1/2 ArmorPress Bushing - Gas (HNBR)","20","80","10","C06-26F"
"P17177","CSP","3x1-1/4 ArmorPress Bushing - Gas (HNBR)","20","80","8","C06-26F"
"P17178","CSP","4x3 ArmorPress Bushing - Gas (HNBR)","12","48","11","C06-26G"
"P17179","CSP","4x2-1/2 ArmorPress Bushing - Gas (HNBR)","6","24","3","C06-26F"
"P17180","CSP","4x2 ArmorPress Bushing - Gas (HNBR)","12","48","9","C06-28G"
"P17181","CSP","4x1-1/2 ArmorPress Bushing - Gas (HNBR)","12","48","7","C06-28G"
"P17182","CSP","2-1/2 ArmorPress 45 Elbow - Gas (HNBR)","16","64","35","C06-28G"
"P17183","CSP","3 ArmorPress 45 Elbow - Gas (HNBR)","10","40","24","C06-28G"
"P17184","CSP","4 ArmorPress 45 Elbow - Gas (HNBR)","4","16","13","C06-30G"
"P17185","CSP","2-1/2 ArmorPress 45 FTG Elbow - Gas (HNBR)","16","64","15","C06-26G"
"P17186","CSP","3 ArmorPress 45 FTG Elbow - Gas (HNBR)","12","48","8","C06-28G"
"P17187","CSP","4 ArmorPress 45 FTG Elbow - Gas (HNBR)","4","16","6","C06-28G"
"P17188","CSP","2-1/2 ArmorPress 90 Elbow - Gas (HNBR)","10","40","31","C06-30G"
"P17189","CSP","3 ArmorPress 90 Elbow - Gas (HNBR)","8","32","0","C06-24C"
"P17190","CSP","4 ArmorPress 90 Elbow - Gas (HNBR)","2","8","0","C06-24C"
"P17191","CSP","2-1/2 ArmorPress 90 FTG Elbow - Gas (HNBR)","10","40","14","C06-26G"
"P17192","CSP","3 ArmorPress 90 FTG Elbow - Gas (HNBR)","8","32","9","C06-26G"
"P17193","CSP","4 ArmorPress 90 FTG Elbow - Gas (HNBR)","2","8","5","C06-28G"
"P17194","CSP","2-1/2 ArmorPress Tee - Gas (HNBR)","10","40","14","C06-26G"
"P17195","CSP","3 ArmorPress Tee - Gas (HNBR)","4","16","14","C06-30G"
"P17196","CSP","4 ArmorPress Tee - Gas (HNBR)","2","8","8","C06-30G"
"P17197","CSP","2-1/2 ArmorPress Cap - Gas (HNBR)","40","160","20","C06-28D"
"P17198","CSP","3 ArmorPress Cap - Gas (HNBR)","28","112","14","C06-26F"
"P17199","CSP","4 ArmorPress Cap - Gas (HNBR)","12","48","9","C06-28G"
"P17200","CSP","1/2 ArmorPress CPLG - Water (EPDM)","30","30","35","C06-26D"
"P17201","CSP","3/4 ArmorPress CPLG - Water (EPDM)","30","30","20","C06-26C"
"P17202","CSP","1 ArmorPress CPLG - Water (EPDM)","20","20","32","C06-26D"
"P17203","CSP","1-1/4 ArmorPress CPLG - Water (EPDM)","10","10","33","C06-26D"
"P17204","CSP","1-1/2 ArmorPress CPLG - Water (EPDM)","10","10","7","C06-30E"
"P17205","CSP","2 ArmorPress CPLG - Water (EPDM)","6","6","48","C06-30E"
"P17206","CSP","3/4x1/2 ArmorPress CPLG - Water (EPDM)","40","40","20","C06-28F"
"P17207","CSP","1x3/4 ArmorPress CPLG - Water (EPDM)","20","40","20","C06-28F"
"P17208","CSP","1x1/2 ArmorPress CPLG - Water (EPDM)","20","40","40","C06-28F"
"P17209","CSP","1-1/4x1 ArmorPress CPLG - Water (EPDM)","10","10","5","C06-28F"
"P17210","CSP","1-1/2x1-1/4 ArmorPress CPLG - Water (EPDM)","5","5","10","C06-28F"
"P17211","CSP","2x1-1/2 ArmorPress CPLG - Water (EPDM)","5","5","2","C06-28F"
"P17212","CSP","2x1-1/4 ArmorPress CPLG - Water (EPDM)","5","5","10","C06-28F"
"P17213","CSP","1/2 ArmorPress CPLG w/o Stop - Water (EPDM)","30","30","30","C06-30E"
"P17214","CSP","3/4 ArmorPress CPLG w/o Stop - Water (EPDM)","30","30","50","C06-30E"
"P17215","CSP","1 ArmorPress CPLG w/o Stop - Water (EPDM)","20","20","0","C06-24C"
"P17216","CSP","1-1/4 ArmorPress CPLG w/o Stop - Water (EPDM)","10","10","0","C06-24C"
"P17217","CSP","1-1/2 ArmorPress CPLG w/o Stop - Water (EPDM)","10","10","14","C06-30E"
"P17218","CSP","2 ArmorPress CPLG w/o Stop - Water (EPDM)","6","6","0","C06-30E"
"P17219","CSP","1/2 ArmorPress Ext. CPLG w/o Stop - Water (EPDM)","20","40","20","C06-28F"
"P17220","CSP","3/4 ArmorPress Ext. CPLG w/o Stop - Water (EPDM)","20","40","20","C06-28F"
"P17221","CSP","1 ArmorPress Ext. CPLG w/o Stop - Water (EPDM)","15","30","15","C06-28F"
"P17222","CSP","1-1/4 ArmorPress Ext. CPLG w/o Stop - Water (EPDM)","5","10","5","C06-28F"
"P17223","CSP","1-1/2 ArmorPress Ext. CPLG w/o Stop - Water (EPDM)","5","10","5","C06-28F"
"P17224","CSP","2 ArmorPress Ext. CPLG w/o Stop - Water (EPDM)","4","8","4","C06-28F"
"P17225","CSP","1/2 ArmorPress Union - Water (EPDM)","20","20","15","C06-30F"
"P17226","CSP","3/4 ArmorPress Union - Water (EPDM)","20","20","15","C06-30F"
"P17227","CSP","1 ArmorPress Union - Water (EPDM)","20","60","23","C06-30F"
"P17228","CSP","1-1/4 ArmorPress Union - Water (EPDM)","12","36","12","C06-30F"
"P17229","CSP","1-1/2 ArmorPress Union - Water (EPDM)","10","30","10","C06-30F"
"P17230","CSP","2 ArmorPress Union - Water (EPDM)","6","18","9","C06-30F"
"P17231","CSP","3/4x1/2 ArmorPress Bushing - Water (EPDM)","40","120","16","C06-30F"
"P17232","CSP","1x3/4 ArmorPress Bushing - Water (EPDM)","20","20","34","C06-30F"
"P17233","CSP","1x1/2 ArmorPress Bushing - Water (EPDM)","20","20","6","C06-30F"
"P17234","CSP","1-1/4x1 ArmorPress Bushing - Water (EPDM)","10","10","20","C06-30F"
"P17235","CSP","1-1/2x1-1/4 ArmorPress Bushing - Water (EPDM)","5","5","10","C06-30F"
"P17236","CSP","2x1-1/2 ArmorPress Bushing - Water (EPDM)","5","5","10","C06-30F"
"P17237","CSP","2x1-1/4 ArmorPress Bushing - Water (EPDM)","5","5","10","C06-28F"
"P17238","CSP","1/2 ArmorPress 45 Elbow - Water (EPDM)","20","20","15","C06-26D"
"P17239","CSP","3/4 ArmorPress 45 Elbow - Water (EPDM)","20","20","35","C06-26D"
"P17240","CSP","1 ArmorPress 45 Elbow - Water (EPDM)","10","10","38","C06-26D"
"P17241","CSP","1-1/4 ArmorPress 45 Elbow - Water (EPDM)","10","10","22","C06-26D"
"P17242","CSP","1-1/2 ArmorPress 45 Elbow - Water (EPDM)","4","4","21","C06-26D"
"P17243","CSP","2 ArmorPress 45 Elbow - Water (EPDM)","2","4","12","C06-26D"
"P17244","CSP","1/2 ArmorPress 45 FTG Elbow - Water (EPDM)","40","120","20","C06-30E"
"P17245","CSP","3/4 ArmorPress 45 FTG Elbow - Water (EPDM)","20","20","10","C06-30E"
"P17246","CSP","1 ArmorPress 45 FTG Elbow - Water (EPDM)","10","10","0","C06-30E"
"P17247","CSP","1-1/4 ArmorPress 45 FTG Elbow - Water (EPDM)","12","12","27","C06-30E"
"P17248","CSP","1-1/2 ArmorPress 45 FTG Elbow - Water (EPDM)","8","8","23","C06-30E"
"P17249","CSP","2 ArmorPress CS 45 FTG Elbow - Water (EPDM)","4","4","24","C06-30E"
"P17250","CSP","1/2 ArmorPress 90 Elbow - Water (EPDM)","20","20","120","C06-26D"
"P17251","CSP","3/4 ArmorPress 90 Elbow - Water (EPDM)","20","20","110","C06-26D"
"P17252","CSP","1 ArmorPress 90 Elbow - Water (EPDM)","10","10","49","C06-26D"
"P17253","CSP","1-1/4 ArmorPress 90 Elbow - Water (EPDM)","6","6","34","C06-26D"
"P17254","CSP","1-1/2 ArmorPress 90 Elbow - Water (EPDM)","4","4","24","C06-26D"
"P17255","CSP","2 ArmorPress 90 Elbow - Water (EPDM)","6","10","32","C06-26C"
"P17256","CSP","1/2 ArmorPress 90 FTG Elbow - Water (EPDM)","40","120","10","C06-26D"
"P17257","CSP","3/4 ArmorPress 90 FTG Elbow - Water (EPDM)","40","120","0","C06-26D"
"P17258","CSP","1 ArmorPress 90 FTG Elbow - Water (EPDM)","10","10","22","C06-26D"
"P17259","CSP","1-1/4 ArmorPress 90 FTG Elbow - Water (EPDM)","8","8","18","C06-26D"
"P17260","CSP","1-1/2 ArmorPress 90 FTG Elbow - Water (EPDM)","6","6","4","C06-26D"
"P17261","CSP","2 ArmorPress 90 FTG Elbow - Water (EPDM)","2","4","6","C06-26D"
"P17262","CSP","1/2 ArmorPress Tee - Water (EPDM)","15","15","0","C06-28E"
"P17263","CSP","3/4 ArmorPress Tee - Water (EPDM)","15","15","120","C06-28E"
"P17264","CSP","1 ArmorPress Tee - Water (EPDM)","10","10","0","C06-28E"
"P17265","CSP","1-1/4 ArmorPress Tee - Water (EPDM)","4","4","0","C06-28E"
"P17266","CSP","1-1/2 ArmorPress Tee - Water (EPDM)","3","6","17","C06-28E"
"P17267","CSP","2 ArmorPress Tee - Water (EPDM)","2","4","16","C06-28E"
"P17268","CSP","3/4x3/4x1/2 ArmorPress Tee - Water (EPDM)","30","90","15","C06-28E"
"P17269","CSP","1x1x3/4 ArmorPress Tee - Water (EPDM)","10","10","60","C06-28E"
"P17270","CSP","1x1x1/2 ArmorPress Tee - Water (EPDM)","20","60","10","C06-28E"
"P17271","CSP","1-1/4x1-1/4x1 ArmorPress Tee - Water (EPDM)","12","36","20","C06-26E"
"P17272","CSP","1-1/4x1-1/4x3/4 ArmorPress Tee - Water (EPDM)","8","24","28","C06-26E"
"P17273","CSP","1-1/4x1-1/4x1/2 ArmorPress Tee - Water (EPDM)","12","36","6","C06-26E"
"P17274","CSP","1-1/2x1-1/2x1-1/4 ArmorPress Tee - Water (EPDM)","6","6","3","C06-26E"
"P17275","CSP","1-1/2x1-1/2x1 ArmorPress Tee - Water (EPDM)","6","6","11","C06-26E"
"P17276","CSP","1-1/2x1-1/2x3/4 ArmorPress Tee - Water (EPDM)","12","36","16","C06-26E"
"P17277","CSP","1-1/2x1-1/2x1/2 ArmorPress Tee - Water (EPDM)","12","36","0","C06-26E"
"P17278","CSP","2x2x1-1/2 ArmorPress Tee - Water (EPDM)","2","4","5","C06-26E"
"P17279","CSP","2x2x1-1/4 ArmorPress Tee - Water (EPDM)","2","4","12","C06-26E"
"P17280","CSP","2x2x1 ArmorPress Tee - Water (EPDM)","2","4","12","C06-26E"
"P17281","CSP","2x2x3/4 ArmorPress Tee - Water (EPDM)","3","6","18","C06-26E"
"P17282","CSP","2x2x1/2 ArmorPress Tee - Water (EPDM)","2","4","0","C06-26E"
"P17283","CSP","1/2 ArmorPress Cap - Water (EPDM)","60","180","25","C06-30F"
"P17284","CSP","3/4 ArmorPress Cap - Water (EPDM)","30","30","0","C06-24C"
"P17285","CSP","1 ArmorPress Cap - Water (EPDM)","20","20","0","C06-24C"
"P17286","CSP","1-1/4 ArmorPress Cap - Water (EPDM)","10","20","0","C06-24C"
"P17287","CSP","1-1/2 ArmorPress Cap - Water (EPDM)","20","60","0","C06-24C"
"P17288","CSP","2 ArmorPress Cap - Water (EPDM)","10","10","20","C06-30F"
"P17289","CSP","1/2 ArmorPress Flange - Water (EPDM)","5","10","10","C06-28F"
"P17290","CSP","3/4 ArmorPress Flange - Water (EPDM)","5","10","10","C06-28F"
"P17291","CSP","1 ArmorPress Flange - Water (EPDM)","5","10","0","C06-24C"
"P17292","CSP","1-1/4 ArmorPress Flange - Water (EPDM)","2","4","4","C06-28F"
"P17293","CSP","1-1/2 ArmorPress Flange - Water (EPDM)","2","4","4","C06-28F"
"P17294","CSP","2 ArmorPress Flange - Water (EPDM)","2","4","4","C06-28F"
"P17295","CSP","1/2 ArmorPress x Fem Union - Water (EPDM)","40","120","20","C06-30F"
"P17296","CSP","3/4 ArmorPress x Fem Union - Water (EPDM)","40","120","20","C06-30F"
"P17297","CSP","1 ArmorPress x Fem Union - Water (EPDM)","20","60","10","C06-30F"
"P17298","CSP","1-1/4 ArmorPress x Fem Union - Water (EPDM)","12","36","6","C06-30F"
"P17299","CSP","1-1/2 ArmorPress x Fem Union - Water (EPDM)","10","30","5","C06-30F"
"P17300","CSP","2 ArmorPress x Fem Union - Water (EPDM)","6","18","3","C06-30F"
"P17301","CSP","3/4 ArmorPress Tee PxPxF - Water (EPDM)","30","90","15","C06-26E"
"P17302","CSP","3/4x3/4x1/2 ArmorPress Tee PxPxF - Water (EPDM)","30","90","15","C06-26E"
"P17303","CSP","1x1x3/4 ArmorPress Tee PxPxF - Water (EPDM)","20","60","10","C06-26E"
"P17304","CSP","1x1x1/2 ArmorPress Tee PxPxF - Water (EPDM)","20","60","10","C06-26E"
"P17305","CSP","1-1/4x1-1/4x1 ArmorPress Tee PxPxF - Water (EPDM)","16","48","4","C06-26E"
"P17306","CSP","1-1/4x1-1/4x3/4 ArmorPress Tee PxPxF - Water (EPDM)","8","16","0","C06-24C"
"P17307","CSP","1-1/4x1-1/4x1/2 ArmorPress Tee PxPxF - Water (EPDM)","16","48","4","C06-26E"
"P17308","CSP","1-1/2x1-1/2x1-1/4 ArmorPress Tee PxPxF - Water (EPDM)","12","36","2","C06-26E"
"P17309","CSP","1-1/2x1-1/2x1 ArmorPress Tee PxPxF - Water (EPDM)","12","36","6","C06-26E"
"P17310","CSP","1-1/2x1-1/2x3/4 ArmorPress Tee PxPxF - Water (EPDM)","12","36","12","C06-26E"
"P17311","CSP","1-1/2x1-1/2x1/2 ArmorPress Tee PxPxF - Water (EPDM)","16","48","2","C06-26E"
"P17312","CSP","2x2x1-1/2 ArmorPress Tee PxPxF - Water (EPDM)","4","12","2","C06-26E"
"P17313","CSP","2x2x1-1/4 ArmorPress Tee PxPxF - Water (EPDM)","2","4","11","C06-26E"
"P17314","CSP","2x2x1 ArmorPress Tee PxPxF - Water (EPDM)","4","12","8","C06-30F"
"P17315","CSP","2x2x3/4 ArmorPress Tee PxPxF - Water (EPDM)","4","12","8","C06-30F"
"P17316","CSP","2x2x1/2 ArmorPress Tee PxPxF - Water (EPDM)","4","12","2","C06-30F"
"P17317","CSP","1/2 ArmorPress x Fem ADPT - Water (EPDM)","40","40","16","C06-30E"
"P17318","CSP","3/4 ArmorPress x Fem ADPT - Water (EPDM)","30","30","30","C06-30E"
"P17319","CSP","1 ArmorPress x Fem ADPT - Water (EPDM)","20","20","18","C06-30E"
"P17320","CSP","1-1/4 ArmorPress x Fem ADPT - Water (EPDM)","10","10","18","C06-30E"
"P17321","CSP","1-1/2 ArmorPress x Fem ADPT - Water (EPDM)","10","10","4","C06-30E"
"P17322","CSP","2 ArmorPress x Fem ADPT - Water (EPDM)","10","10","0","C06-30E"
"P17323","CSP","3/4x1/2 ArmorPress x Fem ADPT - Water (EPDM)","60","180","30","C06-28E"
"P17324","CSP","1x3/4 ArmorPress x Fem ADPT - Water (EPDM)","40","120","20","C06-28E"
"P17325","CSP","1x1/2 ArmorPress x Fem ADPT - Water (EPDM)","60","180","30","C06-28E"
"P17326","CSP","1-1/4x1 ArmorPress x Fem ADPT - Water (EPDM)","20","60","9","C06-28E"
"P17327","CSP","1-1/4x3/4 ArmorPress x Fem ADPT - Water (EPDM)","20","60","10","C06-28E"
"P17328","CSP","1-1/4x1/2 ArmorPress x Fem ADPT - Water (EPDM)","20","60","10","C06-28E"
"P17329","CSP","1-1/2x1-1/4 ArmorPress x Fem ADPT - Water (EPDM)","20","60","0","C06-28E"
"P17330","CSP","1-1/2x1 ArmorPress x Fem ADPT - Water (EPDM)","20","60","0","C06-28E"
"P17331","CSP","1-1/2x3/4 ArmorPress x Fem ADPT - Water (EPDM)","20","60","0","C06-28E"
"P17332","CSP","1-1/2x1/2 ArmorPress x Fem ADPT - Water (EPDM)","20","60","0","C06-28E"
"P17333","CSP","2x1-1/2 ArmorPress x Fem ADPT - Water (EPDM)","20","60","10","C06-28E"
"P17334","CSP","2x1-1/4 ArmorPress x Fem ADPT - Water (EPDM)","20","60","10","C06-28E"
"P17335","CSP","2x1 ArmorPress x Fem ADPT - Water (EPDM)","20","60","10","C06-28E"
"P17336","CSP","2x3/4 ArmorPress x Fem ADPT - Water (EPDM)","20","60","10","C06-28E"
"P17337","CSP","2x1/2 ArmorPress x Fem ADPT - Water (EPDM)","20","60","10","C06-28E"
"P17338","CSP","1/2 ArmorPress x Male ADPT - Water (EPDM)","40","40","70","C06-30E"
"P17339","CSP","3/4 ArmorPress x Male ADPT - Water (EPDM)","30","30","130","C06-26C"
"P17340","CSP","1 ArmorPress x Male ADPT - Water (EPDM)","20","20","108","C06-30E"
"P17341","CSP","1-1/4 ArmorPress x Male ADPT - Water (EPDM)","15","15","-5","C06-30E"
"P17342","CSP","1-1/2 ArmorPress x Male ADPT - Water (EPDM)","10","10","39","C06-30E"
"P17343","CSP","2 ArmorPress x Male ADPT - Water (EPDM)","10","10","54","C06-30E"
"P17344","CSP","1-1/4x3/4 ArmorPress Bushing - Water (EPDM)","1","1","0","C06-24D"
"P17345","CSP","1-1/2x1 ArmorPress Bushing - Water (EPDM)","1","1","0","C06-24C"
"P17346","CSP","1-1/2x3/4 ArmorPress Bushing - Water (EPDM)","1","1","0","C06-24C"
"P17347","CSP","2x1 ArmorPress Bushing - Water (EPDM)","1","1","0","C06-24C"
"P17348","CSP","2x1 ArmorPress CPLG - Water (EPDM)","1","1","0","C06-24D"
"P17349","CSP","1-1/2x1 ArmorPress CPLG - Water (EPDM)","1","1","0","C06-24D"
"P17350","CSP","1-1/2x3/4 ArmorPress CPLG - Water (EPDM)","1","1","0","C06-24D"
"P17351","CSP","1-1/4x3/4 ArmorPress CPLG - Water (EPDM)","1","1","0","C06-24C"
"P17352","CSP","2-1/2x2-1/2x2 ArmorPress Tee - Gas (HNBR)","10","40","8","C06-26G"
"P17353","CSP","2-1/2x2-1/2x1-1/2 ArmorPress Tee - Gas (HNBR)","12","48","7","C06-28G"
"P17354","CSP","2-1/2x2-1/2x1-1/4 ArmorPress Tee - Gas (HNBR)","12","48","9","C06-26G"
"P17355","CSP","2-1/2x2-1/2x1 ArmorPress Tee - Gas (HNBR)","12","48","10","C06-26G"
"P17356","CSP","3x3x2-1/2 ArmorPress Tee - Gas (HNBR)","4","16","9","C06-28G"
"P17357","CSP","3x3x2 ArmorPress Tee - Gas (HNBR)","4","16","15","C06-30G"
"P17358","CSP","3x3x1-1/2 ArmorPress Tee - Gas (HNBR)","4","16","8","C06-28G"
"P17359","CSP","3x3x1-1/4 ArmorPress Tee - Gas (HNBR)","4","16","9","C06-28G"
"P17360","CSP","4x4x3 ArmorPress Tee - Gas (HNBR)","4","16","5","C06-26G"
"P17361","CSP","4x4x2-1/2 ArmorPress Tee - Gas (HNBR)","4","16","6","C06-26G"
"P17362","CSP","4x4x2 ArmorPress Tee - Gas (HNBR)","4","16","7","C06-28G"
"P17363","CSP","4x4x1-1/2 ArmorPress Tee - Gas (HNBR)","4","16","2","C06-28G"
"P17364","CSP","2-1/2 ArmorPress Flange - Gas (HNBR)","6","24","13","C06-28G"
"P17365","CSP","3 ArmorPress Flange - Gas (HNBR)","4","16","11","C06-30G"
"P17366","CSP","4 ArmorPress Flange - Gas (HNBR)","4","16","11","C06-28G"
"P17367","CSP","2-1/2x2-1/2x3/4 ArmorPress Tee PxPxF - Gas (HNBR)","16","64","6","C06-26F"
"P17368","CSP","3x3x3/4 ArmorPress Tee PxPxF - Gas (HNBR)","4","16","2","C06-26F"
"P17369","CSP","4x4x3/4 ArmorPress Tee PxPxF - Gas (HNBR)","1","1","0","C06-24D"
"P17370","CSP","2-1/2 ArmorPress x Fem ADPT - Gas (HNBR)","36","144","26","C06-28G"
"P17371","CSP","3 ArmorPress x Fem ADPT - Gas (HNBR)","24","96","17","C06-28G"
"P17372","CSP","4 ArmorPress x Fem ADPT - Gas (HNBR)","8","32","9","C06-26G"
"P17373","CSP","2-1/2 ArmorPress x Male ADPT - Gas (HNBR)","32","128","31","C06-26G"
"P17374","CSP","3 ArmorPress x Male ADPT - Gas (HNBR)","16","64","21","C06-26G"
"P17375","CSP","4 ArmorPress x Male ADPT - Gas (HNBR)","8","32","7","C06-26G"
"P12172","CUTLG","3 X 13-1/2 BLK NIPPLE","1","1","0","CUTLG"
"P12173","CUTLG","3/4 X 15-1/4 BLACK TBE","1","1","0","CUTLG"
"P12175","CUTLG","4 X 46 BLACK S-40 TBE","1","1","0","CUTLG"
"P12177","CUTLG","3/4 X 56 BLACK NIPPLE TBE","1","1","0","CUTLG"
"P12189","CUTLG","6 X 32 BLACK CUT LENGTH TBE","1","1","0","CUTLG"
"P12202","CUTLG","4 X 16 BLK TOE","1","1","0","CUTLG"
"P12214","CUTLG","3 X 22-1/4 BLACK NIPPLE TBE","1","1","0","CUTLG"
"P12216","CUTLG","3 X 14-3/4 BLK CUT LENGTH TBE","1","1","0","CUTLG"
"P12218","CUTLG","2-1/2 X 24 GALV TBE","1","1","0","CUTLG"
"P12221","CUTLG","1x25 Blk Steel Cut Length","1","1","0","CUTLG"
"P12232","CUTLG","2-1/2 X 13 GAL NIPPPLE TBE","1","1","0","CUTLG"
"P12233","CUTLG","2-1/2 X 63 GAL NIPPLE TBE","1","1","0","CUTLG"
"P12234","CUTLG","6x36 Blk Steel Cut Length","1","1","0","CUTLG"
"P12235","CUTLG","4 X 96 BLK PIPE TBE","1","1","0","CUTLG"
"P12246","CUTLG","2 X 21-3/4 BLK PIPE TBE","1","1","5","CUTLG"
"P12249","CUTLG","1-1/4x21-1/2 Blk Steel Cut Length","6","10","8","CUTLG"
"P12250","CUTLG","1-1/4 X 17-1/2 BLK TBE","1","1","0","CUTLG"
"P12260","CUTLG","2-1/2x60 BLK TOE SCH 40","1","1","0","CUTLG"
"P12264","CUTLG","2-1/2 X 35 BLACK PIPE TBE","1","1","0","CUTLG"
"P12268","CUTLG","4 X 13 GAL NIPPLE","1","1","0","CUTLG"
"P12269","CUTLG","4 X 13-1/2 GAL NIPPLE TBE","1","1","0","CUTLG"
"P12287","CUTLG","4 x 20-1/2 gal nipple tbe","1","1","0","CUTLG"
"P12288","CUTLG","4 x 21 gal nipple tbe","1","1","0","CUTLG"
"P12289","CUTLG","4 x 19-1/2 gal nipple tbe","1","1","0","CUTLG"
"P12290","CUTLG","4 x 19 gal nipple tbe","1","1","0","CUTLG"
"P12314","CUTLG","4x84 BLK BOLLARDS","1","1","0","CUTLG"
"P12323","CUTLG","2-1/2 X 54 BLK NIPPLE TBE","1","1","0","CUTLG"
"P12324","CUTLG","3 X 38 BLK NIPPLE TBE","1","1","0","CUTLG"
"P12325","CUTLG","4 X 54 BLK NIPPLE TBE","1","1","0","CUTLG"
"P12337","CUTLG","2-1/2 X 24-1/2 BLK NIPPLE TBE","1","1","0","CUTLG"
"P5172","CUTLG","1x43 Blk Steel Cut Length","1","1","0","CUTLG"
"P12468","CUTLG","3 X 90 BLACK NIPPLE TBE","1","1","0","CUTLG"
"P12469","CUTLG","3 X 108 BLACK NIPPLE TBE","1","1","0","CUTLG"
"P12470","CUTLG","2 X 26-1/4 BLK CUT LENGTH TBE","1","1","0","CUTLG"
"P12512","CUTLG","3 X 84 BLACK NIPPLE TBE","1","1","0","CUTLG"
"P12527","CUTLG","3/8 X 144 BLACK NIPPLE","1","1","0","CUTLG"
"P12553","CUTLG","3 X 22-1/2 BLK NIPPLE TBE","1","1","0","CUTLG"
"P12558","CUTLG","4 X 19 BLACK NIPPLE TBE","1","1","0","CUTLG"
"P12565","CUTLG","3 X 29 GAL NIPPLE TBE","1","1","0","CUTLG"
"P12566","CUTLG","4 X 82 BLACK NIPPLE TBE","1","1","0","CUTLG"
"P12570","CUTLG","1-1/4 X 17 XH BLACK NIPPLE TBE","1","1","0","CUTLG"
"P12681","CUTLG","4 X 44 BLACK NIPPLE TBE","1","1","0","CUTLG"
"P12690","CUTLG","2 X 25-1/2 GALV TOE","1","1","71","CUTLG"
"P12691","CUTLG","3/8X58-15/16 Blk Steel Cut Length","21","35","0","CUTLG"
"P12692","CUTLG","2 X 17-3/4 BLK TBE","3","5","0","CUTLG"
"P12693","CUTLG","4 X 24 GALV TOE","1","1","0","CUTLG"
"P5546","CUTLG","2-1/2x17 Blk Std Steel Nipple","1","1","0","CUTLG"
"P12759","CUTLG","1 x 56 black nipple tbe","1","1","0","CUTLG"
"P5605","CUTLG","5x14 Blk Std Steel Nipple","1","1","0","CUTLG"
"P5606","CUTLG","5x16 Blk Std Steel Nipple","1","1","0","CUTLG"
"P5607","CUTLG","5x60 Gal Steel Cut Length","1","1","0","CUTLG"
"P12777","CUTLG","3/4x13-3/4 Galv TBE","1","1","0","CUTLG"
"P12782","CUTLG","3/8 X 45-1/2 BLACK NIPPLE TBE","1","1","0","CUTLG"
"P5616","CUTLG","6x42 Gal Steel Cut Length","1","1","0","CUTLG"
"P5617","CUTLG","4x42 Gal Steel Cut Length","1","1","0","CUTLG"
"P12786","CUTLG","3/8 X 19 BLACK NIPPLE TBE","1","1","0","CUTLG"
"P12797","CUTLG","3/8x22-1/4 Blk Steel Cut Length","7","11","0","CUTLG"
"P5637","CUTLG","1/8x17 Blk Std Steel Nipple","1","1","0","CUTLG"
"P12804","CUTLG","3/8x37-1/4 Blk Steel Cut Length","1","1","0","CUTLG"
"P5645","CUTLG","2-1/2x16 Blk Steel Cut Length","5","10","65","CUTLG"
"P5646","CUTLG","2-1/2x18 Blk Steel Cut Length","18","32","113","CUTLG"
"P5647","CUTLG","2-1/2x20 Blk Steel Cut Length","2","4","8","CUTLG"
"P5648","CUTLG","2-1/2x22 Blk Steel Cut Length","1","1","0","CUTLG"
"P12816","CUTLG","3/8x30-1/2 Blk Steel Cut Length","6","10","0","CUTLG"
"P12832","CUTLG","3/8 X 19 BLK NIPPLE TBE","1","1","0","CUTLG"
"P12834","CUTLG","3/8 X 73-5/8 BLK NIPPLE TBE","1","1","0","CUTLG"
"P12843","CUTLG","2x14-1/4 Blk Cut Length","1","1","0","CUTLG"
"P12845","CUTLG","3/8x27-1/2 Blk Steel Cut Length","51","83","0","CUTLG"
"P12848","CUTLG","3/8x27-1/8 Blk Steel Cut Length","4","6","0","CUTLG"
"P12850","CUTLG","1-1/4x14-1/8 Galv TBE","1","1","0","CUTLG"
"P12852","CUTLG","2-1/2 X 81 BLK NIPPLE TBE","1","1","0","CUTLG"
"P5691","CUTLG","1/2x16 Gal Std Steel Nipple","1","1","0","CUTLG"
"P12865","CUTLG","3/4 x 78-1/2 BLACK NIPPLE TBE","1","1","0","CUTLG"
"P12866","CUTLG","3/8 X 60-1/2 BLK NIPPLE TBE","7","11","0","CUTLG"
"P12867","CUTLG","4 X 96 GAL NIPPLE TOE","1","1","0","CUTLG"
"P12871","CUTLG","3/8x29-3/4 BLK CUT LENGTH","1","1","0","CUTLG"
"P12876","CUTLG","3 X 12-1/2 BLK NIPPLE TBE","1","1","0","CUTLG"
"P12882","CUTLG","1-1/4 X 22 GAL NIPPLE TBE","1","1","0","CUTLG"
"P5716","CUTLG","3x17 Blk Steel Cut Length","2","4","3","CUTLG"
"P5717","CUTLG","2x21 Blk Steel Cut Length","1","1","0","CUTLG"
"P12885","CUTLG","3/8x15-3/8 Blk Steel Cut Length","84","138","10","CUTLG"
"P5718","CUTLG","2x27 Blk Steel Cut Length","1","1","2","CUTLG"
"P5719","CUTLG","2x42 Blk Steel Cut Length","1","1","17","CUTLG"
"P13051","CUTLG","3/8 X 29-34 BLACK NIPPLE TBE","1","1","0","CUTLG"
"P13060","CUTLG","1-1/2 X 13 GAL NIPPLE TBE","1","1","0","CUTLG"
"P13063","CUTLG","3/8 X 55-1/2 BLK NIPPLE TBE","1","1","0","CUTLG"
"P13090","CUTLG","1x23-1/8 Blk Steel Cut Length","1","1","0","CUTLG"
"P13099","CUTLG","1-1/2x28-1/4 Blk Steel Cut Length","1","1","0","CUTLG"
"P13128","CUTLG","1-1/2 X 27-3/8 BLACK NIPPLE TBE","1","1","0","CUTLG"
"P13168","CUTLG","3/8 X 22-1/2 BLACK NIPPLE TBE","4","6","0","CUTLG"
"P13237","CUTLG","3x21-1/8 Blk Steel Cut Length","1","1","0","CUTLG"
"SP*001334","CUTLG","3 X 104 BLK CUT LENGTH","1","1","0","CUTLG"
"SP*001335","CUTLG","3 X 54 BLK CUT LENGTH TBE","1","1","0","CUTLG"
"SP*001336","CUTLG","2-1/2 X 52 BLK CUT LENGTH TBE","1","1","0","CUTLG"
"SP*001337","CUTLG","2-1/2 X 16-1/2 GALV TBE","1","1","0","CUTLG"
"SP*001340","CUTLG","2-1/2 X 53 BLK CUT LENGTH TBE","1","1","0","CUTLG"
"SP*001341","CUTLG","2-1/2 X 38 BLK CUT LENGTH TBE","1","1","0","CUTLG"
"SP*001342","CUTLG","3/4x39 Blk Steel Cut Length","1","1","0","CUTLG"
"SP*001343","CUTLG","4 x 18-1/2 BLK TBE","1","1","0","CUTLG"
"SP*001344","CUTLG","4 X 36-1/2 BLK CUT LENGTH","1","1","0","CUTLG"
"SP*001345","CUTLG","4 X 118 BLK PIPE TBE","1","1","0","CUTLG"
"SP*001346","CUTLG","1/2 X 63 BLACK CUT LENGTH TBE","1","1","0","CUTLG"
"SP*001354","CUTLG","3/4 X 46 GALV NIPPLE TBE","1","1","0","CUTLG"
"SP*001360","CUTLG","1-1/2 X 24-3/4 BLK TBE","1","1","0","CUTLG"
"SP*001361","CUTLG","1-1/2 X 45-3/4 BLK TBE","1","1","0","CUTLG"
"SP*001367","CUTLG","4 x 29 BLACK NIPPLE TBE","1","1","0","CUTLG"
"SP*001371","CUTLG","3 X 96 GALV PIPE TBE","1","1","0","CUTLG"
"SP*001372","CUTLG","3 X 95 GALV PIPE TBE","1","1","0","CUTLG"
"SP*001373","CUTLG","5 X 18 BLACK PIPE PLAIN ENDS","1","1","0","CUTLG"
"SP*001374","CUTLG","6 X 21-3/4 BLK PIPE TBE","1","1","0","CUTLG"
"SP*001378","CUTLG","2 X 44 BLK STEEL CUT LENGTH","1","1","14","CUTLG"
"SP*001385","CUTLG","4 X 40 BLACK CUT LENGTH","1","1","0","CUTLG"
"SP*001387","CUTLG","3 X 25 BLACK TOE","1","1","0","CUTLG"
"SP*001394","CUTLG","3/4 X 46 BLACK CUT LENGTH TBE","1","1","0","CUTLG"
"SP*001395","CUTLG","3 x 23 3/4"" Blk CUT LENGTH TBE","1","1","0","CUTLG"
"SP*001396","CUTLG","2-1/2 X 108"" BLACK CUT LENGTH TBE","1","1","0","CUTLG"
"SP*001397","CUTLG","2 X 111"" BLACK CUT LENGTH TBE","1","1","0","CUTLG"
"SP*001399","CUTLG","6 X 30 BLK NIPPLE TBE","1","1","0","CUTLG"
"SP*001404","CUTLG","4x72 GALV CUT LENGTH","1","1","0","CUTLG"
"SP*001413","CUTLG","3 X 15-1/2 BLK TOE","1","1","0","CUTLG"
"SP*001416","CUTLG","1-1/2 X 18-1/8 BLK CUT LENGTH","1","1","0","CUTLG"
"SP*001418","CUTLG","3/4 X 15-7/8 BLK CUT LENGTH","1","1","0","CUTLG"
"SP*001424","CUTLG","3/8 X 33 1/4 BLACK NIPPLE","1","1","0","CUTLG"
"SP*001429","CUTLG","3/4 X 25 GAL CUT LENGTH TBE","1","1","0","CUTLG"
"SP*001434","CUTLG","1/2 X 24 GALV CUT LENGTH P/E","1","1","0","CUTLG"
"SP*001435","CUTLG","2 X 17 GALV CUT LENGTH TBE","1","1","0","CUTLG"
"SP*001436","CUTLG","1 X 78"" BLK CUT LENGTH","1","1","0","CUTLG"
"SP*001437","CUTLG","1 X 77 BLK CUT LENGTH","1","1","0","CUTLG"
"SP*001439","CUTLG","2-1/2 X 84 BLK CUT LENGTH","1","1","0","CUTLG"
"SP*001440","CUTLG","1/2"" x 40"" GALVANIZED NIPPLE PLAIN ENDS","1","1","0","CUTLG"
"SP*001480","CUTLG","1-1/2 X 40-1/4 GALV CUT LENGTH","1","1","0","CUTLG"
"SP*001486","CUTLG","1-1/2 X 24 GALV TOE","1","1","0","CUTLG"
"P6364","CUTLG","SEE P3804 e","1","1","0","CUTLG"
"P6365","CUTLG","SEE P3803","1","1","0","CUTLG"
"P6371","CUTLG","3/4x17-1/2 Gal Std Steel Nippl e","1","1","0","CUTLG"
"P6416","CUTLG","1/2x20 Blk Steel Cut Length","50","80","369","CUTLG"
"SP*001834","CUTLG","3/8 X 63"" BLK CUT LENGTH","1","1","0","CUTLG"
"SP*001836","CUTLG","4x84 Gal Steel Cut Length","1","1","0","CUTLG"
"SP*001842","CUTLG","1 X 1 BLK MI PIPE PE","1","1","0","CUTLG"
"SP*001844","CUTLG","2-1/2x72 Blk Steel Cut Length","1","1","0","CUTLG"
"SP*001854","CUTLG","1/2x25 Blk Steel Cut Length","1","1","0","CUTLG"
"SP*001858","CUTLG","3 X 18-1/4 BLK NIPPLE","1","1","2","CUTLG"
"SP*001860","CUTLG","3/4 X 30 BLACK TOE","1","1","0","CUTLG"
"SP*001863","CUTLG","3/8x18-3/4 Blk Steel Cut Length","4","6","0","CUTLG"
"SP*001878","CUTLG","2x96 Blk Steel Cut Length","1","1","0","CUTLG"
"SP*001881","CUTLG","3X72 BRASS NIPPLE TBE","1","1","0","CUTLG"
"SP*001882","CUTLG","4 X 45 GAL NIPPLE CUT LENGTH","1","1","0","CUTLG"
"SP*001886","CUTLG","1-1/2 X 13-1/2 GAL CUT LENGTH TBE","1","1","0","CUTLG"
"SP*001888","CUTLG","4 X 83 BLK TBE","1","1","0","CUTLG"
"SP*001898","CUTLG","1/2x18-1/2 Blk Steel Cut Length","89","145","300","CUTLG"
"SP*001901","CUTLG","2X13-3/4 Galv Steel Cut Length","1","1","0","CUTLG"
"P14141","CUTLG","1/8x22 Blk Steel Cut Length","1","1","0","CUTLG"
"P7209","CUTLG","1x17 Blk Steel Cut Length","5","9","15","CUTLG"
"P7326","CUTLG","1/4x23 Blk Steel Cut Length","1","1","41","CUTLG"
"P7335","CUTLG","1""x18.38"" BLK NIPPLE BENT","1","1","0","CUTLG"
"P7389","CUTLG","3/8x15-1/4 Blk Steel Cut Length","9","15","1","CUTLG"
"P7390","CUTLG","3/8x14-3/8 Blk Steel Cut Lengt","5","5","15","CUTLG"
"P7391","CUTLG","3/8x13 Blk Steel Cut Length","1","1","50","CUTLG"
"P7395","CUTLG","1/2x19 Blk Steel Cut Length","1","1","0","CUTLG"
"P7399","CUTLG","1/2x21-1/2 Blk Steel Cut Lengt","1","1","110","CUTLG"
"P7402","CUTLG","1/2x21 Blk Steel Cut Length","1","1","147","CUTLG"
"P7403","CUTLG","1/2x30-1/2 Blk Steel Cut Length","62","102","226","CUTLG"
"P7404","CUTLG","3/8x15-3/4 Blk Steel Cut Length","30","50","70","CUTLG"
"P7405","CUTLG","1/2x15-1/2 Blk Steel Cut Length","9","15","80","CUTLG"
"P7408","CUTLG","1/2x16-1/2 Blk Steel Cut lengt h","1","1","0","CUTLG"
"P7623","CUTLG","1-1/2x13 Gal Steel Cut Length","3","5","0","CUTLG"
"P7648","CUTLG","3/8x16-3/4 Blk Steel Cut Lengt","1","1","86","CUTLG"
"P7665","CUTLG","1-1/2x14 Blk Steel Cut Length","3","3","33","CUTLG"
"P7666","CUTLG","1-1/2x42 Blk Steel Cut Length","1","1","0","CUTLG"
"P7667","CUTLG","2x22 Blk Steel Cut Length","5","5","22","CUTLG"
"P7803","CUTLG","3/8x12-1/2 Blk STD CUT LENGTH","1","1","0","CUTLG"
"P7804","CUTLG","3/8 X 14 1/2 BLK NIPPLE","1","1","0","CUTLG"
"P7818","CUTLG","2 X 13 BLK TOE/PERC NIPPLE","5","9","0","CUTLG"
"P7823","CUTLG","1-1/4x13 BLK NIP TOE/REAM&CHAM","3","5","140","CUTLG"
"P7828","CUTLG","2-1/2x13 BLK TOE/PERC NIPPLE","1","1","0","CUTLG"
"P7948","CUTLG","1 X 17-3/4 BLK TOE/R&C NIPPLE","1","1","0","CUTLG"
"P7982","CUTLG","1-1/4 X 22-3/16 BLK NIPPLE","1","1","18","CUTLG"
"P7986","CUTLG","1-1/2 X 20-5/8 BLK NIPPLE","1","1","0","CUTLG"
"P7990","CUTLG","3 X 15-1/8 BLK NIPPLE","1","1","0","CUTLG"
"P8036","CUTLG","1-1/4x19 Blk Steel Cut Length","2","4","23","CUTLG"
"P8063","CUTLG","1/2x13 Blk Steel Nipple","8","14","55","CUTLG"
"P8064","CUTLG","1/2x22 Blk Steel Cut Length","2","4","94","CUTLG"
"P8065","CUTLG","1/2x23 Blk Steel Cut Length","1","1","0","CUTLG"
"P8084","CUTLG","2-1/2x36 Galv Steel Cut Length","1","1","0","CUTLG"
"P8085","CUTLG","2-1/2x48 Galv Steel Cut Length","1","1","0","CUTLG"
"P8104","CUTLG","3/4x25 Blk Steel Cut Length","1","1","0","CUTLG"
"P8105","CUTLG","3/4x26 Blk Steel Cut Length","1","1","0","CUTLG"
"P8106","CUTLG","3/4 X 27 BLK NIPPLE TBE","1","1","0","CUTLG"
"P8163","CUTLG","3x19 BLK NIPPLE","1","1","0","CUTLG"
"P8169","CUTLG","1-1/2x22 GALV NIPPLE","1","1","0","CUTLG"
"P8182","CUTLG","1-1/4x26 Gal Stl Cut Length","1","1","2","CUTLG"
"P8189","CUTLG","3/4X96 GAL PIPE P/E","1","1","0","CUTLG"
"P8199","CUTLG","1-1/4x25-1/4 GAL NIPPLE","1","1","0","CUTLG"
"P8203","CUTLG","3x36 Galv Steel Cut Length","2","2","0","CUTLG"
"P8222","CUTLG","3x28 Blk Steel Cut Length","1","1","0","CUTLG"
"P8223","CUTLG","4x28 BLK STEEL CUT LENGHT","1","1","0","CUTLG"
"P8225","CUTLG","6x28 BLK STEEL CUT LENGHT","1","1","0","CUTLG"
"P8227","CUTLG","1/8x14 BLK STEEL CUT LENGHT","1","1","0","CUTLG"
"P8234","CUTLG","3/8x17-3/8 BLK NIPPLE","1","1","0","CUTLG"
"P8243","CUTLG","1/4x26-3/4 BLK NIPPLE","1","1","0","CUTLG"
"P8246","CUTLG","1/4x42-1/2 BLK NIPPLE","1","1","0","CUTLG"
"P8256","CUTLG","3/4x34 Blk Steel Cut Length","1","1","0","CUTLG"
"P8358","CUTLG","4x24 Gal Steel Cut Length","2","4","3","CUTLG"
"P8412","CUTLG","1/2x66 GAL P/E PIPE","310","500","0","CUTLG"
"P8424","CUTLG","1/2x96 Blk Steel Cut Length","1","1","0","CUTLG"
"P8433","CUTLG","3/4x13 Blk Steel Cut Length","2","4","28","CUTLG"
"P8453","CUTLG","1x22-3/8 Gal Steel Cut Length","1","1","0","CUTLG"
"P8454","CUTLG","1x34-11/16 Gal Steel Cut Lengt h","1","1","0","CUTLG"
"P8455","CUTLG","1x17-1/8"" GAL PIPE TBE","1","1","0","CUTLG"
"P8457","CUTLG","1-1/4x43-1/2 Gal Steel Cut Len gth","1","1","0","CUTLG"
"P8459","CUTLG","1-1/2x79-3/8 Gal Steel Cut Len gth","1","1","0","CUTLG"
"P8461","CUTLG","1x23 Gal Steel Cut Length","1","1","0","CUTLG"
"P8465","CUTLG","1x13 Gal Steel Cut Length","1","1","0","CUTLG"
"P8473","CUTLG","1x37 BLK NIPPLE","1","1","0","CUTLG"
"P8483","CUTLG","1/4x60 BLK NIPPLE","1","1","3","CUTLG"
"P8484","CUTLG","1/4x24 Blk Steel Cut Length","2","4","0","CUTLG"
"P8495","CUTLG","1/2x15-1/2 GAL NIPPLE","1","1","0","CUTLG"
"P8499","CUTLG","1-1/4x17-7/8 GALV NIPPLE","1","1","0","CUTLG"
"P8503","CUTLG","1x27 GAL NIPPLE TBE","1","1","5","CUTLG"
"P8504","CUTLG","1x25-1/4 GAL NIPPLE TBE","1","1","0","CUTLG"
"P8510","CUTLG","2x15 Blk STD STL NIPPLE (TOE)","1","1","0","CUTLG"
"P8538","CUTLG","1x29 Blk Steel Cut Length","1","1","2","CUTLG"
"P8542","CUTLG","1-1/2x19-3/4 BLK STL NIPPLE","1","1","0","CUTLG"
"P8551","CUTLG","1/4x14 Blk Steel Cut Length","1","1","5","CUTLG"
"P8571","CUTLG","1-1/2x54 GALV SCH 40 NIPPLE","1","1","0","CUTLG"
"P8585","CUTLG","3/4x15-7/8 BLACK TBE","1","1","75","CUTLG"
"P8586","CUTLG","3/4x30-7/16 BLACK TBE","1","1","0","CUTLG"
"P8588","CUTLG","3/4 x 12-3/4 BLK NIPPLE TBE","1","1","0","CUTLG"
"P8609","CUTLG","2-1/2x13 Blk Steel Cut Length","1","1","0","CUTLG"
"P8663","CUTLG","2x20 BLK STD STEEL NIP (TOE)","1","1","0","CUTLG"
"P8673","CUTLG","3/8 x 22-7/8 BLK CUT LENGTH","1","1","45","CUTLG"
"P8790","CUTLG","1x84 (7Ft) GAL PIPE TBE","9","15","0","CUTLG"
"P8791","CUTLG","2x84"" Galv TBE","1","1","0","CUTLG"
"P8884","CUTLG","3x22 Blk Steel Cut Length","2","4","11","CUTLG"
"P8893","CUTLG","3/8x14-3/4 BLACK TBE","1","1","0","CUTLG"
"P8894","CUTLG","3/8x24-3/8 BLACK TBE","1","1","0","CUTLG"
"P8895","CUTLG","3/4x22-1/4 Blk Steel Cut Length","1","1","0","CUTLG"
"P8898","CUTLG","3/4x13-5/8 BLACK TBE","1","1","0","CUTLG"
"P8900","CUTLG","3/4x20-1/2 BLACK TBE","1","1","0","CUTLG"
"P8925","CUTLG","1-1/2x26 Blk Steel Cut Length","1","1","0","CUTLG"
"P8926","CUTLG","3/4 X 2-1/2 BLACK TOE","1","1","0","CUTLG"
"P8931","CUTLG","1 X 27-1/2 BLACK S-40 TBE","1","1","0","CUTLG"
"P8933","CUTLG","3/8 x17 GALV NIPPLE SCH 40 TBE","1","1","0","CUTLG"
"P8941","CUTLG","1x22 Blk Steel Cut Length","3","5","21","CUTLG"
"P8970","CUTLG","1/2 X 39 BLACK S-40 TOE","1","1","0","CUTLG"
"P8972","CUTLG","5 X 12 BLACK S-40 PLAIN END","1","1","0","CUTLG"
"P8996","CUTLG","2-1/2 X 15 BLACK S-40 TOE","1","1","0","CUTLG"
"P8997","CUTLG","2-1/2 X 23 BLACK S-40 TOE","1","1","0","CUTLG"
"P8998","CUTLG","2-1/2 X 9 BLACK S-40 TOE","1","1","0","CUTLG"
"P8999","CUTLG","2-1/2 X 2"" BLACK S-40 TOE","1","1","0","CUTLG"
"P9008","CUTLG","2 X 72 BLACK S-40 PE","1","1","0","CUTLG"
"P9022","CUTLG","1/2x13 Galv Steel Cut Length","51","83","355","CUTLG"
"P9023","CUTLG","4x48 Blk Steel Cut Length","2","4","1","CUTLG"
"P9024","CUTLG","2-1/2x30 Blk Steel Cut Length","4","6","20","CUTLG"
"P9028","CUTLG","1-1/4x45-1/2 GALV TBE","1","1","0","CUTLG"
"P9030","CUTLG","3x13 Blk Steel Cut Length","2","4","-1","CUTLG"
"P9033","CUTLG","3/8 X 39 BLACK S-40 TOE","1","1","0","CUTLG"
"P9035","CUTLG","2x22 Gal Steel Cut Length","1","1","0","CUTLG"
"P9036","CUTLG","3/8x16 Blk Steel Cut Length","15","25","63","CUTLG"
"P9045","CUTLG","3/4 X 43 BLACK S-40 TBE","1","1","0","CUTLG"
"P9046","CUTLG","3/4 X 44 BLACK S-40 TBE","1","1","0","CUTLG"
"P9047","CUTLG","3/4 X 59 BLACK S-40 TBE","1","1","0","CUTLG"
"P9048","CUTLG","3/4 X 63 BLACK S-40 TBE","1","1","0","CUTLG"
"P9049","CUTLG","3/4 X 65 BLACK S-40 TBE","1","1","0","CUTLG"
"P9050","CUTLG","3/4 X 67 BLACK S-40 TBE","1","1","0","CUTLG"
"P9051","CUTLG","3/4 X 40-1/2 BLACK S-40 TBE","2","4","0","CUTLG"
"P9052","CUTLG","3/4 X 39-3/4 BLACK S-40 TBE","1","1","0","CUTLG"
"P9067","CUTLG","3 X 24 BLACK S-40 PLAIN END","1","1","0","CUTLG"
"P9070","CUTLG","3/4 X 25-1/4 BLACK S-40 TBE","1","1","0","CUTLG"
"P9071","CUTLG","3/4x18-1/2 Blk Cut Length TBE","1","1","0","CUTLG"
"P9072","CUTLG","1/4x36 Blk Steel Cut Length","1","1","0","CUTLG"
"P9073","CUTLG","3/4x28-1/2 Blk Steel Cut Length","1","1","0","CUTLG"
"P9082","CUTLG","1 X 13-1/2 BLACK S-40 TBE","1","1","0","CUTLG"
"P9083","CUTLG","1x14-1/2 Blk Steel Cut Length","1","1","0","CUTLG"
"P9084","CUTLG","1 X 15-1/2 BLACK S-40 TBE","1","1","0","CUTLG"
"P9085","CUTLG","1 X 16-1/2 BLACK S-40 TBE","1","1","0","CUTLG"
"P9086","CUTLG","1x17-1/2 Blk Steel Cut Length","1","1","0","CUTLG"
"P9087","CUTLG","1x18-1/2 Blk Steel Cut Length","1","1","0","CUTLG"
"P9088","CUTLG","1x19 Blk Steel Cut Length","3","5","7","CUTLG"
"P9089","CUTLG","1 X 19-1/2 BLACK S-40 TBE","1","1","0","CUTLG"
"P9091","CUTLG","1/2x16 Galv Steel Cut Length","1","1","0","CUTLG"
"P9092","CUTLG","1 X 20-1/2 BLACK S-40 TBE","1","1","5","CUTLG"
"P9093","CUTLG","1x21 Blk Steel Cut Length","4","6","42","CUTLG"
"P9094","CUTLG","1 X 21-1/2 BLACK S-40 TBE","1","1","0","CUTLG"
"P9096","CUTLG","1 X 22-1/2 BLACK S-40 TBE","1","1","0","CUTLG"
"P9097","CUTLG","1 X 23 BLACK S-40 TBE","3","5","1","CUTLG"
"P9098","CUTLG","1-1/4x17 Blk Steel Cut Length","5","5","34","CUTLG"
"P9100","CUTLG","1-1/4x21 Blk Steel Cut Length","5","5","20","CUTLG"
"P9101","CUTLG","1-1/4x22 Blk Steel Cut Length","5","5","28","CUTLG"
"P9102","CUTLG","1-1/4x23 Blk Steel Cut Length","2","4","15","CUTLG"
"P9103","CUTLG","1-1/2x13 Blk Steel Cut Length","2","4","5","CUTLG"
"P9104","CUTLG","1-1/2x17 Blk Steel Cut Length","1","1","0","CUTLG"
"P9105","CUTLG","1-1/2x19 Blk Steel Cut Length","1","1","0","CUTLG"
"P9106","CUTLG","1-1/2x21 Blk Steel Cut Length","2","4","17","CUTLG"
"P9107","CUTLG","1-1/2x22 Blk Steel Cut Length","1","1","7","CUTLG"
"P9108","CUTLG","1-1/2x23 Blk Steel Cut Length","1","1","0","CUTLG"
"P9110","CUTLG","1-1/2x42 BLACK S-40 PE","1","1","0","CUTLG"
"P9111","CUTLG","2x14 Gal Steel Cut Length","2","4","6","CUTLG"
"P9112","CUTLG","1-1/4 x 17-1/2 GALV CUT LENGTH TBE","1","1","0","CUTLG"
"P9113","CUTLG","1-1/4 x 20-1/2 GALV CUT LENGTH TBE","1","1","0","CUTLG"
"P9114","CUTLG","3x20 Blk Steel Cut Length","4","6","8","CUTLG"
"P9119","CUTLG","1-1/2x20-3/4 BLK CUT LENGTH","1","1","2","CUTLG"
"P9123","CUTLG","3x24 Gal Steel Cut Length","2","4","14","CUTLG"
"P9126","CUTLG","2x17-1/2 Blk Steel Cut Length","1","1","0","CUTLG"
"P9128","CUTLG","4 X 17 BLACK S-40 TBE","1","1","0","CUTLG"
"P9129","CUTLG","3x60 Blk Steel Cut Length","2","4","22","CUTLG"
"P9130","CUTLG","1-1/4 x 13-3/4 GALV CUT LENGTH","1","1","0","CUTLG"
"P9136","CUTLG","3/4 X 25-7/8 BLACK S-40 TBE","1","1","0","CUTLG"
"P9137","CUTLG","3/4 X 22-1/2 BLACK S-40 TBE","1","1","0","CUTLG"
"P9138","CUTLG","3/4x13-1/8 BLACK S-40 TBE","1","1","0","CUTLG"
"P9139","CUTLG","1/2 X 46 BLACK S-40 TBE","1","1","0","CUTLG"
"P9140","CUTLG","1/2 X 27 BLACK S-40 TBE","1","1","0","CUTLG"
"P9141","CUTLG","1/2 X 27-1/4 BLACK S-40 TBE","1","1","0","CUTLG"
"P9146","CUTLG","1-1/2 X 54 BLACK S-40 TBE","1","1","0","CUTLG"
"P9147","CUTLG","1-1/2 X 31 BLACK S-40 TBE","1","1","0","CUTLG"
"P9148","CUTLG","1-1/2 X 22-1/4 BLACK S-40 TBE","1","1","0","CUTLG"
"P9149","CUTLG","1-1/2 X 31-3/4 BLACK S-40 TBE","1","1","0","CUTLG"
"P9181","CUTLG","1/4x22 BLK CUT LENGTH TBE","1","1","0","CUTLG"
"P9182","CUTLG","1 X 50 GALVANIZED S-40 TBE","1","1","0","CUTLG"
"P9193","CUTLG","2x26 Galv Steel Cut Length","2","4","0","CUTLG"
"P9195","CUTLG","2 X 18 GALVANIZED S-40 TOE","1","1","0","CUTLG"
"P9205","CUTLG","3/8 X 14-3/4 BLACK S-40 TBE","1","1","0","CUTLG"
"P9214","CUTLG","1/2 X 25-3/4 BLACK S-40 TBE","1","1","0","CUTLG"
"P9215","CUTLG","3x23 Blk Steel Cut Length","1","1","0","CUTLG"
"P9216","CUTLG","3/4x21 Blk Steel Cut Length","1","1","0","CUTLG"
"P9217","CUTLG","3x21 Blk Steel Cut Length","1","1","0","CUTLG"
"P9218","CUTLG","1/2 X 24-7/8 BLACK S-40 TBE","1","1","0","CUTLG"
"P9230","CUTLG","1 X 31 BLACK S-40 TBE","1","1","12","CUTLG"
"P9231","CUTLG","1 X 29-1/2 BLACK S-40 TBE","1","1","0","CUTLG"
"P9232","CUTLG","1 X 40-1/4 BLACK S-40 TBE","1","1","0","CUTLG"
"P9233","CUTLG","1x18-1/4 Blk Steel Cut Length","1","1","35","CUTLG"
"P9234","CUTLG","1x12-1/2 Blk Steel Cut Length","16","26","15","CUTLG"
"P9235","CUTLG","1/2 X 40 BLACK S-40 TBE","1","1","0","CUTLG"
"P9236","CUTLG","1/2 X 19-1/2 BLACK S-40 TBE","1","1","0","CUTLG"
"P9239","CUTLG","1x32-3/8 GALV CUT LENGTH TBE","1","1","20","CUTLG"
"P9246","CUTLG","1/2 X 13 BLACK S-40 TBE","1","1","0","CUTLG"
"P9255","CUTLG","3/4 X 96 BLACK S-40 TBE","1","1","0","CUTLG"
"P9263","CUTLG","1-1/4x19"" LG GALV TBE","1","1","0","CUTLG"
"P9265","CUTLG","3/8x19-1/4 Blk Steel Cut Length","3","5","0","CUTLG"
"P9270","CUTLG","4 X 72 BLACK S-40 PE","1","1","0","CUTLG"
"P9272","CUTLG","2x17 Blk Steel Cut Length","2","4","0","CUTLG"
"P9273","CUTLG","2x19 Blk Steel Cut Length","1","1","0","CUTLG"
"P9279","CUTLG","1-1/4 X 17 GALVANIZED S-40 TBE","1","1","0","CUTLG"
"P9281","CUTLG","2-1/2x36 Blk Steel Cut Length","4","8","38","CUTLG"
"P9282","CUTLG","3/4 X 27-3/8 BLACK TBE","1","1","0","CUTLG"
"P9284","CUTLG","3x72 Blk Steel Cut Length","1","1","0","CUTLG"
"P9286","CUTLG","3x48 Blk Steel Cut Length","6","10","9","CUTLG"
"P9287","CUTLG","1/2 X 19-5/8 BLACK TBE","1","1","0","CUTLG"
"P9293","CUTLG","1-1/14x13 Gal Steel Pipe Nip","1","1","0","CUTLG"
"P9299","CUTLG","2x23 BLK CUT LENGTH TBE","1","1","0","CUTLG"
"P9300","CUTLG","3 X 15 BLACK TOE","1","1","0","CUTLG"
"P9301","CUTLG","3 X 15 BLACK S-40 TOE","1","1","0","CUTLG"
"P9302","CUTLG","1-1/4""x24-1/4"" Sch 40 Gal TBE","1","1","0","CUTLG"
"P9303","CUTLG","1-1/2 X 84 BLACK S-40 PE","1","1","0","CUTLG"
"P9304","CUTLG","1-1/4""x16-1/2"" Gal Sch 40 TBE","1","1","0","CUTLG"
"P9305","CUTLG","1""x26-1/4"" Gal Sch 40 TBE","1","1","1","CUTLG"
"P9308","CUTLG","6 X 18 BLACK S-40 TBE","1","1","0","CUTLG"
"P9311","CUTLG","1-1/4 X 48 GALV S-40 TOE","1","1","0","CUTLG"
"P9312","CUTLG","1 X 48 GALV S-40 TOE","1","1","0","CUTLG"
"P9313","CUTLG","3/8 X 19-1/2 BLACK S-40 TBE","1","1","0","CUTLG"
"P9314","CUTLG","3/8x23 Blk Steel Cut Length","1","1","0","CUTLG"
"P9317","CUTLG","3/8 X 26 BLACK S-40 TBE","1","1","0","CUTLG"
"P9318","CUTLG","3/8x20 Blk Steel Cut Length","15","25","80","CUTLG"
"P9319","CUTLG","3/8 X 13-1/2 BLACK S-40 TBE","1","1","48","CUTLG"
"P9324","CUTLG","2-1/2x60 Blk Steel Cut Length","2","4","13","CUTLG"
"P9325","CUTLG","1-1/4x31 Blk Cut Length TBE","1","1","0","CUTLG"
"P9326","CUTLG","3/4x31 Blk Sch 40 TOE","1","1","12","CUTLG"
"P9327","CUTLG","1-1/2 X 68 BLACK S-40 TBE","1","1","0","CUTLG"
"P9328","CUTLG","1-1/2 X 80 BLACK TBE","1","1","0","CUTLG"
"P9329","CUTLG","1-1/2 X 44 BLACK TBE","1","1","2","CUTLG"
"P9330","CUTLG","2 X 23 GALV S-40 TBE","1","1","0","CUTLG"
"P9335","CUTLG","1 X 46 BLACK S-40 TBE","1","1","0","CUTLG"
"P9336","CUTLG","4x16 Blk Steel Cut Length","2","4","11","CUTLG"
"P9342","CUTLG","3/4x96"" (8Ft) Galv TBE","1","1","0","CUTLG"
"P9344","CUTLG","3x43 Blk Sch 40 TBE","1","1","0","CUTLG"
"P9365","CUTLG","1/2 X 45 BLACK S-40 TBE","1","1","0","CUTLG"
"P9366","CUTLG","3/4 X 45 BLACK S-40 TBE","1","1","0","CUTLG"
"P9372","CUTLG","3/4x17 Blk Steel Cut Length","72","118","23","CUTLG"
"P9414","CUTLG","3/8 X 14-3/4 BLACK TBE","1","1","0","CUTLG"
"P9417","CUTLG","3/4 X 9-1/4 BLACK S-40 TBE","1","1","0","CUTLG"
"P9418","CUTLG","3/4 X 6-1/4 BLACK S-40 TBE","1","1","0","CUTLG"
"P9455","CUTLG","1/2x26 Blk Steel Cut Length","1","1","0","CUTLG"
"P9456","CUTLG","2-1/2 X 14-7/8 BLACK TOE","1","1","0","CUTLG"
"P9457","CUTLG","2-1/2 X 8-7/8 BLACK TOE","1","1","0","CUTLG"
"P9458","CUTLG","2-1/2 X 1-7/8 BLACK TOE","1","1","0","CUTLG"
"P9463","CUTLG","4x15 Blk Steel Cut Length","1","1","0","CUTLG"
"P9464","CUTLG","1-1/2 X 20 BLACK TOE","1","1","0","CUTLG"
"P9469","CUTLG","3/4 X 13-1/4 BLACK TBE","1","1","1","CUTLG"
"P9476","CUTLG","2-1/2 X 14-15/16 BLACK TOE","1","1","0","CUTLG"
"P9479","CUTLG","3/4x32 Blk Steel Cut Length","1","1","0","CUTLG"
"P9480","CUTLG","3/4 X 14-1/2 BLACK TBE","1","1","3","CUTLG"
"P9481","CUTLG","3/4 X 14-3/16 BLACK TBE","1","1","0","CUTLG"
"P9505","CUTLG","1x13-3/4 GALV NIPPLE TBE","1","1","0","CUTLG"
"P9511","CUTLG","6 X 3-15/16 BLACK TOE","1","1","0","CUTLG"
"P9542","CUTLG","1-1/2 X 42 BLACK PE","1","1","0","CUTLG"
"P9543","CUTLG","1x23-1/4 GAL NIPPLE TBE","1","1","0","CUTLG"
"P9544","CUTLG","1x52 GAL NIPPLE TBE","1","1","0","CUTLG"
"P9547","CUTLG","1-1/2 X 17-7/8 BLACK TBE","1","1","0","CUTLG"
"P9561","CUTLG","1-1/2 X 38 BLACK TBE","1","1","0","CUTLG"
"P9562","CUTLG","3/4 X 22-1/2 BLACK TOE","1","1","0","CUTLG"
"P9563","CUTLG","3/4 X 11-3/16 BLACK TOE","1","1","0","CUTLG"
"P9588","CUTLG","1/4 X 13 BLACK TBE","1","1","0","CUTLG"
"P9596","CUTLG","1/2 X 28 GALV S-40 TBE","1","1","0","CUTLG"
"P9609","CUTLG","1-1/4x28.53"" GALV SCH 40 TBE","1","1","0","CUTLG"
"P9610","CUTLG","1-1/4x31"" GALV SCH 40 TBE","1","1","0","CUTLG"
"P9614","CUTLG","1/2x13-1/4"" GALV TOE x R&COE","32","52","0","CUTLG"
"P9620","CUTLG","1/2 X 20-1/2 BLACK TBE","1","1","0","CUTLG"
"P9627","CUTLG","3/8 X 15-1/2 BLACK S-40 TBE","1","1","0","CUTLG"
"P9628","CUTLG","3/8 X 16-1/2 BLACK S-40 TBE","1","1","0","CUTLG"
"P9629","CUTLG","3/8 X 17 BLACK S-40 TBE","1","1","70","CUTLG"
"P9630","CUTLG","3/8x37 Blk Steel Cut Length","1","1","0","CUTLG"
"P9643","CUTLG","4 x 14 Gal Steel Cut Length","1","1","0","CUTLG"
"P9645","CUTLG","1-1/4x34 GALV CUT LENGTH TBE","1","1","0","CUTLG"
"P9652","CUTLG","3/8 X 13-1/4 SCH 40 BLK TBE","1","1","0","CUTLG"
"P9653","CUTLG","2-1/2 X 8-15/16 BLACK TOE","1","1","0","CUTLG"
"P9654","CUTLG","3 X 3 BLACK NIPPLE TOE","1","1","0","CUTLG"
"P9657","CUTLG","2-1/2 X 72-3/4 BLACK TBE","1","1","1","CUTLG"
"P9660","CUTLG","3/4 X 8-9/16 BLACK TOE","1","1","0","CUTLG"
"P9661","CUTLG","3/4 X 10-1/16 BLACK TOE","1","1","0","CUTLG"
"P9678","CUTLG","1/2x14 Galv Steel Cut Length","1","1","0","CUTLG"
"P9679","CUTLG","3/4 X 13 GALV NIPPLE","1","1","0","CUTLG"
"P9685","CUTLG","1-1/4x28-1/2 GALV TBE","1","1","0","CUTLG"
"P9687","CUTLG","3/8 X 19-1/2 BLACK TBE","1","1","0","CUTLG"
"P9688","CUTLG","4 X 18 BLK CUT LENGTH TOE","1","1","0","CUTLG"
"P9706","CUTLG","1/2 X 17-3/4 BLK PIPE TBE","1","1","0","CUTLG"
"P9708","CUTLG","1 X 34 BLACK S-40 TBE","1","1","0","CUTLG"
"P9712","CUTLG","3/4x19 Blk Steel Cut Length","1","1","20","CUTLG"
"P9713","CUTLG","3/4 X 58 BLACK S-40 TBE","1","1","0","CUTLG"
"P9714","CUTLG","1/2 X 25-1/2 BLACK S-40 TBE","1","1","0","CUTLG"
"P9715","CUTLG","3/8x47 Blk Steel Cut Length","5","5","0","CUTLG"
"P9724","CUTLG","1-1/4x16-1/2 BLK CUT LENGTH","1","1","0","CUTLG"
"P9750","CUTLG","1/4 X 19 GALV NIPPLE TBE","1","1","0","CUTLG"
"P9756","CUTLG","1-1/2x73-3/8 Blk Steel Cut Lth","1","1","0","CUTLG"
"P9757","CUTLG","1-1/2x73-3/8 GalvStl Cut Lengt","1","1","0","CUTLG"
"P9760","CUTLG","3x34 BLK CUT LENGTH TBE","1","1","0","CUTLG"
"P9763","CUTLG","2-1/2 X 15 GALV PIPE TBE","1","1","0","CUTLG"
"P9767","CUTLG","1-1/4""x14.38"" BLK TOE","1","1","0","CUTLG"
"P9770","CUTLG","2""x14.75"" BLK TOExRCOE","1","1","0","CUTLG"
"P9771","CUTLG","2-1/2""x17"" BLK TOE","1","1","0","CUTLG"
"P9772","CUTLG","1-1/2""x15.88"" BLK TOExRCOE","1","1","0","CUTLG"
"P9773","CUTLG","1-1/2""x21.50"" BLK TOE","1","1","0","CUTLG"
"P9776","CUTLG","1-1/4""x15.47"" BLK TOExRCOE","1","1","0","CUTLG"
"P9786","CUTLG","2x20-1/2 BLK STEEL CUT LENGTH","1","1","0","CUTLG"
"P9793","CUTLG","2""x16.25"" BLK TOE","1","1","0","CUTLG"
"P9804","CUTLG","1x19-1/2"" GALV TBE","1","1","0","CUTLG"
"P9810","CUTLG","1-1/4x14 BLK TOExRCOE","3","5","149","CUTLG"
"P9833","CUTLG","1-1/2""x20.50"" BLK TOE","1","1","0","CUTLG"
"P9834","CUTLG","1-/2""x17"" BLK TOE","1","1","0","CUTLG"
"P9835","CUTLG","1-1/4""x16.25"" BLK TOE","1","1","0","CUTLG"
"P9843","CUTLG","1/4x42 Blk Cut Length TBE","1","1","0","CUTLG"
"P9857","CUTLG","1-1/2 X 19 GALV CUT LENGTH","1","1","0","CUTLG"
"P9858","CUTLG","1-1/2x18-1/2 GAL CUT LENGTH","1","1","0","CUTLG"
"P9859","CUTLG","1-1/2x17-1/2 GAL CUT LENGTH","1","1","0","CUTLG"
"P9861","CUTLG","1-1/2x16-1/2 Gal Steel Cut Length","1","1","0","CUTLG"
"P9887","CUTLG","1x26 Blk Steel Cut Length","1","1","0","CUTLG"
"P9888","CUTLG","1 X 54"" SCH 80 BLK PIPE TBE","1","1","0","CUTLG"
"P9894","CUTLG","3x11-1/2 Blk Std Steel Nipple","1","1","0","CUTLG"
"P9896","CUTLG","3 X 14-1/2 BLK TBE","1","1","0","CUTLG"
"P9897","CUTLG","3 X 15-1/2 BLK TBE","1","1","0","CUTLG"
"P9898","CUTLG","3 X 16-1/2 BLK TBE","1","1","0","CUTLG"
"P9899","CUTLG","3x17-1/2 Blk Steel Cut Length","1","1","0","CUTLG"
"P9900","CUTLG","3x18-1/2 Blk Steel Cut Length","1","1","1","CUTLG"
"P9901","CUTLG","3 X 19-1/2 BLK TBE","1","1","1","CUTLG"
"P9902","CUTLG","3 X 20-1/2 BLK TBE","1","1","0","CUTLG"
"P9949","CUTLG","3/8 X 21-3/4 BLK PIPE TBE","1","1","0","CUTLG"
"P9964","CUTLG","4x22 Blk Steel Cut Length","1","1","0","CUTLG"
"SP*00001915","CUTLG","6 X 72 BLK PRIMED BOLLARDS P/E","21","35","0","CUTLG"
"SP*00001927","CUTLG","2-1/2 X 46 BLK TBE","1","1","0","CUTLG"
"SP*00001928","CUTLG","2-1/2 X 25 BLK TBE","1","1","0","CUTLG"
"SP*00001929","CUTLG","2-1/2 X 45 BLK TBE","1","1","0","CUTLG"
"SP*00001930","CUTLG","2-1/2 X 32 BLK TBE","1","1","0","CUTLG"
"SP*00001931","CUTLG","2-1/2 X 38 BLK TBE","1","1","0","CUTLG"
"SP*00001935","CUTLG","3/8 X 20-1/2 BLK TBE","1","1","0","CUTLG"
"SP*00001936","CUTLG","3/8 X 17-7/8 BLK TBE","1","1","0","CUTLG"
"SP*00001944","CUTLG","8 x 84 BLK P/E BOLLARD PRIMED","25","41","0","CUTLG"
"SP*00001948","CUTLG","3/4 X 19-3/8 BLK TBE","1","1","0","CUTLG"
"SP*00001962","CUTLG","2 X 66 GAL CUT LENGTH TBE","1","1","0","CUTLG"
"SP*00001964","CUTLG","3 X 92-1/2 BLK TBE","1","1","0","CUTLG"
"SP*00001965","CUTLG","1 x 24-1/2 BLK TBE","6","10","0","CUTLG"
"SP*00001966","CUTLG","3/4 X 26-1/2 BLK TBE","1","1","19","CUTLG"
"SP*00001969","CUTLG","2 X 25-1/2 BLK TBE","1","1","28","CUTLG"
"SP*00001985","CUTLG","1-1/2x18-1/4 Blk Cut Length","1","1","0","CUTLG"
"SP*00001986","CUTLG","2x10-1/4 Blk Std Steel Nipple","1","1","0","CUTLG"
"SP*00001987","CUTLG","2x8-5/8 Blk Std Steel Nipple","1","1","0","CUTLG"
"SP*00001988","CUTLG","1/2 X 29"" GALV TBE","1","1","0","CUTLG"
"SP*00001989","CUTLG","1/2 X 65 GALV TBE","1","1","0","CUTLG"
"SP*00001990","CUTLG","1/2 X 95"" GALV TBE","1","1","0","CUTLG"
"SP*00001991","CUTLG","1/2 X 83 GALV TBE","1","1","0","CUTLG"
"SP*00001992","CUTLG","1/2 X 43 GALV TBE","1","1","0","CUTLG"
"SP*00001993","CUTLG","1/2 X 84 GALV TBE","1","1","0","CUTLG"
"SP*00001994","CUTLG","1/2 X 96 GALV TBE","1","1","0","CUTLG"
"SP*00002000","CUTLG","1-1/4 x 13-1/2 BLK TBE","2","4","0","CUTLG"
"SP*00002011","CUTLG","1-1/4 X 25-1/4 BLK TBE","1","1","0","CUTLG"
"SP*00002018","CUTLG","1-1/4 X 8-1/4 BLK TOE","1","1","0","CUTLG"
"SP*00002028","CUTLG","2-1/2"" X 41"" BLACK CUT LENGTH TBE","1","1","0","CUTLG"
"SP*00002033","CUTLG","3/8 X 12-3/4 BLK TBE","1","1","0","CUTLG"
"SP*00002035","CUTLG","3/8x21-1/4 Blk Steel Cut Length","54","88","375","CUTLG"
"SP*00002036","CUTLG","3/8x35 Blk Steel Cut Length","59","97","0","CUTLG"
"SP*00002037","CUTLG","1/2 X 44-3/8 BLK TBE","1","1","0","CUTLG"
"SP*00002038","CUTLG","3/8 X 14 GALV TBE","1","1","0","CUTLG"
"SP*00002048","CUTLG","1-1/2x25 BLK STEEL CUT LENGTH","1","1","0","CUTLG"
"SP*00002049","CUTLG","1-1/2X27 BLK STEEL CUT LENGTH","1","1","0","CUTLG"
"SP*00002050","CUTLG","1-1/2X28 BLK TBE CUT LENGTH","1","1","0","CUTLG"
"SP*00002054","CUTLG","3/4 X 29-1/2 BLK TBE","1","1","0","CUTLG"
"SP*00002055","CUTLG","3/4 X 17-3/4 BLK TBE","1","1","0","CUTLG"
"SP*00002060","CUTLG","6 x 29 BLK CUT LENGTH","1","1","0","CUTLG"
"SP*00002064","CUTLG","1-1/4 X 18-1/2 BLK TBE","1","1","0","CUTLG"
"SP*00002076","CUTLG","1-1/2x27 Blk Steel Cut Length","1","1","0","CUTLG"
"SP*00002077","CUTLG","1-1/2x28 Blk Steel Cut Length","1","1","12","CUTLG"
"SP*00002078","CUTLG","1-1/2x25 Blk Steel Cut Length","1","1","0","CUTLG"
"SP*00002079","CUTLG","6 X 84"" BLK PRIMED BOLLARD PE","19","31","0","CUTLG"
"SP*00002080","CUTLG","2 X 26-1/4 BLK TBE","1","1","0","CUTLG"
"SP*00002083","CUTLG","1-1/2 X 13-1/2 BLK TBE","1","1","0","CUTLG"
"SP*00002084","CUTLG","6 X 108"" BLK PRIMED BOLLARD PE","1","1","0","CUTLG"
"SP*00002085","CUTLG","2 X 25-1/2 GALV TOE","1","1","0","CUTLG"
"SP*00002087","CUTLG","1 X 45-1/2 BLK TBE","1","1","0","CUTLG"
"SP*00002089","CUTLG","2 X 45 BLK CUT LENGTH TBE","1","1","0","CUTLG"
"SP*00002090","CUTLG","2 X 26-1/2 BLK TBE","1","1","0","CUTLG"
"SP*00002093","CUTLG","2 X 70 BLK TBE","1","1","0","CUTLG"
"SP*00002096","CUTLG","2 X 73 BLK CUT LENGTH","1","1","0","CUTLG"
"SP*00002097","CUTLG","1-1/4x24-1/4 Blk Steel Cut Length","1","1","40","CUTLG"
"SP*00002099","CUTLG","2 X 24-1/2 BLK TBE","1","1","0","CUTLG"
"SP*00002100","CUTLG","3/4x24-1/2 Blk Steel Cut Length","9","15","0","CUTLG"
"SP*00002101","CUTLG","2 X 14-1/2 BLK TBE","1","1","0","CUTLG"
"SP*00002102","CUTLG","2 X 84-1/2 BLK TBE","1","1","0","CUTLG"
"SP*00002103","CUTLG","2 X 66-3/8 BLK TBE","1","1","0","CUTLG"
"SP*00002104","CUTLG","2 X 72-1/4 BLK TBE","1","1","0","CUTLG"
"SP*00002105","CUTLG","2 X 83-5/8 BLK TBE","1","1","0","CUTLG"
"SP*00002119","CUTLG","1/2x114"" BLK pipe nipple TBE","1","1","0","CUTLG"
"SP*00002120","CUTLG","1-1/4 X 19-1/2 BLK TBE","1","1","0","CUTLG"
"SP*00002121","CUTLG","3 X 16-7/8 BLK CUT LENGTH TBE","1","1","0","CUTLG"
"SP*00002122","CUTLG","3 X 20-1/8 BLK CUT LENGTH TBE","1","1","0","CUTLG"
"SP*00002123","CUTLG","3 X 23-3/8 BLK CUT LENGTH TBE","1","1","0","CUTLG"
"SP*00002124","CUTLG","1-1/2 X 5-1/4 BLK CUT LENGTH TBE","1","1","0","CUTLG"
"SP*00002126","CUTLG","1-1/2 x 12 GAL TOE NIPPLE","1","1","0","CUTLG"
"SP*00002140","CUTLG","3/8 X 18 SCH 40 BLK TOE","1","1","0","CUTLG"
"SP*00002143","CUTLG","3 X 45"" BLK CUT LENGTH TBE","1","1","0","CUTLG"
"SP*00002145","CUTLG","1/2 X 30 BLK TOE NIPPLE","1","1","0","CUTLG"
"SP*00002153","CUTLG","1/2 X 64 BLK TBE","1","1","0","CUTLG"
"SP*00002169","CUTLG","1-1/4 X 34-3/4 BLK TBE","1","1","0","CUTLG"
"SP*00002183","CUTLG","2 X 18-3/4 BLK TBE","1","1","0","CUTLG"
"SP*00002192","CUTLG","4 X 63 BLK CUT LENGTH","1","1","0","CUTLG"
"SP*00002193","CUTLG","4 X 50 BLK CUT LENGTH","1","1","0","CUTLG"
"SP*00002202","CUTLG","2 X 14-1/4 GALV TOE","1","1","0","CUTLG"
"SP*00002203","CUTLG","1/4 X 16 BLK CUT LENGTH","1","1","0","CUTLG"
"SP*00002221","CUTLG","2-1/2 x 22-1/2 BLK TBE","1","1","0","CUTLG"
"SP*00002248","CUTLG","3 x 14-1/2 BLK TOE","1","1","0","CUTLG"
"SP*00002266","CUTLG","3/8x16-7/8 Blk Steel Cut Length","48","78","5","CUTLG"
"SP*00002267","CUTLG","3/8 X 18-1/4 BLK TBE","6","10","0","CUTLG"
"SP*00002268","CUTLG","3/8 X 13-3/4 BLK TBE","1","1","0","CUTLG"
"SP*00002308","CUTLG","3 X 13-1/2 GALV TBE","1","1","0","CUTLG"
"SP*00002309","CUTLG","3 X 18-1/2 GALV TBE","1","1","0","CUTLG"
"SP*00002311","CUTLG","3 X 19 GALV TBE","1","1","0","CUTLG"
"SP*00002312","CUTLG","3 X 19 GALV TBE","1","1","0","CUTLG"
"SP*00002319","CUTLG","1/2 X 15-1/4"" BLK TBE","1","1","0","CUTLG"
"SP*00002320","CUTLG","1/2 X 29-1/4 BLK TBE","4","6","0","CUTLG"
"SP*00002327","CUTLG","1-1/4 X 30-1/2 BLK TBE","1","1","0","CUTLG"
"SP*00002359","CUTLG","3/4 X 20"" BLK NIPPLE TOE","1","1","0","CUTLG"
"SP*00002360","CUTLG","3/4 X 16-3/4"" BLK CUT TBE","1","1","0","CUTLG"
"SP*00002384","CUTLG","3/4 X 17-1/2 BLK TBE","1","1","0","CUTLG"
"SP*00002415","CUTLG","3/8x18 BLK TxPE REAM/CHAMF","1","1","0","CUTLG"
"SP*00002428","CUTLG","18"" X 96"" SCH 40 PIPE PE BOLLARD","2","4","0","CUTLG"
"SP*00002440","CUTLG","1-1/2 x 14-1/4 BLK TBE","1","1","0","CUTLG"
"SP*00002455","CUTLG","3/8 X 55"" BLACK TOE","2","4","0","CUTLG"
"P1660","CUTLG","3/4x18 Blk Steel Cut Length","140","325","507","CUTLG"
"P1661","CUTLG","3/4x24 Blk Steel Cut Length","185","435","389","CUTLG"
"P1662","CUTLG","3/4x30 Blk Steel Cut Length","40","90","85","CUTLG"
"P1663","CUTLG","3/4x36 Blk Steel Cut Length","135","285","253","CUTLG"
"P1664","CUTLG","3/4x42 Blk Steel Cut Length","10","10","24","CUTLG"
"P1665","CUTLG","3/4x48 Blk Steel Cut Length","115","245","1005","CUTLG"
"P1666","CUTLG","3/4x60 Blk Steel Cut Length","65","140","679","CUTLG"
"P1689","CUTLG","1/2x12-1/2 Blk Steel Cut Length","35","60","60","CUTLG"
"P1724","CUTLG","1x18 Blk Steel Cut Length","126","282","18","CUTLG"
"P1725","CUTLG","1x24 Blk Steel Cut Length","126","246","198","CUTLG"
"P1726","CUTLG","1x30 Blk Steel Cut Length","24","54","129","CUTLG"
"P1727","CUTLG","1x36 Blk Steel Cut Length","78","153","169","CUTLG"
"P1728","CUTLG","1x42 Blk Steel Cut Length","5","5","24","CUTLG"
"P1729","CUTLG","1x48 Blk Steel Cut Length","189","327","766","CUTLG"
"P1730","CUTLG","1x60 Blk Steel Cut Length","45","93","85","CUTLG"
"P1746","CUTLG","1-1/4x18 Blk Steel Cut Length","183","378","523","CUTLG"
"P1747","CUTLG","1-1/4x24 Blk Steel Cut Length","165","336","235","CUTLG"
"P1748","CUTLG","1-1/4x30 Blk Steel Cut Length","48","99","111","CUTLG"
"P1749","CUTLG","1-1/4x36 Blk Steel Cut Length","69","135","142","CUTLG"
"P1750","CUTLG","1-1/4x48 Blk Steel Cut Length","24","54","71","CUTLG"
"P1751","CUTLG","1-1/4x16 Blk Steel Cut Length","45","85","288","CUTLG"
"P1768","CUTLG","1-1/2x18 Blk Steel Cut Length","78","144","108","CUTLG"
"P1769","CUTLG","1-1/2x24 Blk Steel Cut Length","60","126","288","CUTLG"
"P1770","CUTLG","1-1/2x30 Blk Steel Cut Length","42","69","37","CUTLG"
"P1771","CUTLG","1-1/2x36 Blk Steel Cut Length","57","105","59","CUTLG"
"P1772","CUTLG","1-1/2x48 Blk Steel Cut Length","15","30","114","CUTLG"
"P1773","CUTLG","1-1/2x60 Blk Steel Cut Length","9","21","11","CUTLG"
"P1774","CUTLG","1-1/2x66 Blk Steel Cut Length","3","3","0","CUTLG"
"P1775","CUTLG","1-1/2x72 Blk Steel Cut Length","6","9","36","CUTLG"
"P1793","CUTLG","2x18 Blk Steel Cut Length","96","183","521","CUTLG"
"P1796","CUTLG","2x24 Blk Steel Cut Length","72","150","198","CUTLG"
"P1797","CUTLG","2x30 Blk Steel Cut Length","12","27","51","CUTLG"
"P1798","CUTLG","2x36 Blk Steel Cut Length","24","54","36","CUTLG"
"P1799","CUTLG","2x60 Blk Steel Cut Length","15","33","164","CUTLG"
"P1887","CUTLG","1/2x18 Blk Steel Cut Length","320","665","147","CUTLG"
"P1890","CUTLG","1/2x24 Blk Steel Cut Length","280","600","87","CUTLG"
"P1891","CUTLG","1/2x30 Blk Steel Cut Length","75","130","373","CUTLG"
"P1892","CUTLG","1/2x36 Blk Steel Cut Length","155","310","123","CUTLG"
"P1893","CUTLG","1/2x42 Blk Steel Cut Length","10","10","10","CUTLG"
"P1894","CUTLG","1/2x48 Blk Steel Cut Length","105","210","728","CUTLG"
"P1895","CUTLG","1/2x54 Blk Steel Cut Length","10","10","0","CUTLG"
"P1896","CUTLG","1/2x60 Blk Steel Cut Length","70","135","524","CUTLG"
"P1897","CUTLG","1/2x72 Blk Steel Cut Length","15","30","128","CUTLG"
"P2526","CUTLG","3/8x48 Gal Steel Cut Length","1","1","0","CUTLG"
"P2544","CUTLG","3/4x18 Gal Steel Cut Length","25","55","253","CUTLG"
"P2545","CUTLG","3/4x24 Gal Steel Cut Length","45","75","494","CUTLG"
"P2546","CUTLG","3/4x30 Gal Steel Cut Length","10","10","50","CUTLG"
"P2547","CUTLG","3/4x36 Gal Steel Cut Length","20","35","17","CUTLG"
"P2548","CUTLG","3/4x42 Gal Steel Cut Length","10","10","0","CUTLG"
"P2549","CUTLG","3/4x48 Gal Steel Cut Length","10","20","64","CUTLG"
"P2550","CUTLG","3/4x60 Gal Steel Cut Length","10","20","18","CUTLG"
"P2608","CUTLG","1x18 Gal Steel Cut Length","39","66","206","CUTLG"
"P2609","CUTLG","1x24 Gal Steel Cut Length","42","66","291","CUTLG"
"P2610","CUTLG","1x30 Gal Steel Cut Length","3","6","217","CUTLG"
"P2611","CUTLG","1x36 Gal Steel Cut Length","18","30","-2","CUTLG"
"P2612","CUTLG","1x42 Gal Steel Cut Length","5","5","0","CUTLG"
"P2613","CUTLG","1x48 Gal Steel Cut Length","12","21","210","CUTLG"
"P2614","CUTLG","1x60 Gal Steel Cut Length","12","24","75","CUTLG"
"P2630","CUTLG","1-1/4x18 Gal Steel Cut Length","12","24","72","CUTLG"
"P2631","CUTLG","1-1/4x24 Gal Steel Cut Length","27","45","224","CUTLG"
"P2632","CUTLG","1-1/4x30 Gal Steel Cut Length","3","3","40","CUTLG"
"P2633","CUTLG","1-1/4x36 Gal Steel Cut Length","6","9","49","CUTLG"
"P2634","CUTLG","1-1/4x48 Gal Steel Cut Length","6","9","30","CUTLG"
"P2635","CUTLG","1-1/4x60 Gal Steel Cut Length","9","15","7","CUTLG"
"P2652","CUTLG","1-1/2x18 Gal Steel Cut Length","9","18","45","CUTLG"
"P2653","CUTLG","1-1/2x24 Gal Steel Cut Length","9","15","6","CUTLG"
"P2654","CUTLG","1-1/2x30 Gal Steel Cut Length","3","3","17","CUTLG"
"P2655","CUTLG","1-1/2x36 Gal Steel Cut Length","9","15","20","CUTLG"
"P2656","CUTLG","1-1/2x48 Gal Steel Cut Length","3","6","-7","CUTLG"
"P2657","CUTLG","1-1/2x60 Gal Steel Cut Length","6","9","7","CUTLG"
"P2658","CUTLG","1-1/2x66 Gal Steel Cut Length","3","3","0","CUTLG"
"P2659","CUTLG","1-1/2x72 Gal Steel Cut Length","3","3","24","CUTLG"
"P2677","CUTLG","2x18 Gal Steel Cut Length","18","30","113","CUTLG"
"P2680","CUTLG","2x24 Gal Steel Cut Length","18","33","27","CUTLG"
"P2681","CUTLG","2x30 Gal Steel Cut Length","3","3","15","CUTLG"
"P2682","CUTLG","2x36 Gal Steel Cut Length","24","42","66","CUTLG"
"P2683","CUTLG","2x60 Gal Steel Cut Length","6","9","31","CUTLG"
"P2729","CUTLG","3/8x36 Gal Steel Cut Length","1","1","0","CUTLG"
"P2740","CUTLG","1/4x48 Gal Steel Cut Length","1","1","0","CUTLG"
"P2744","CUTLG","1/4x36 Gal Steel Cut Length","1","1","0","CUTLG"
"P2768","CUTLG","1/2x18 Gal Steel Cut Length","270","445","1170","CUTLG"
"P2771","CUTLG","1/2x24 Gal Steel Cut Length","15","25","63","CUTLG"
"P2772","CUTLG","1/2x30 Gal Steel Cut Length","40","65","27","CUTLG"
"P2773","CUTLG","1/2x36 Gal Steel Cut Length","10","20","90","CUTLG"
"P2774","CUTLG","1/2x42 Gal Steel Cut Length","10","10","0","CUTLG"
"P2775","CUTLG","1/2x48 Gal Steel Cut Length","10","20","229","CUTLG"
"P2776","CUTLG","1/2x54 Gal Steel Cut Length","10","10","0","CUTLG"
"P2777","CUTLG","1/2x60 Gal Steel Cut Length","5","10","1","CUTLG"
"P10031","CUTLG","3/8x14 Blk Steel Cut Length","5","5","6","CUTLG"
"P2897","CUTLG","2-1/2x14-1/4 Blk Steel Cut Length","1","1","0","CUTLG"
"P2898","CUTLG","1-1/2x11-1/4 Blk Steel Cut Length","1","1","0","CUTLG"
"P2899","CUTLG","3x20-3/4 Blk Steel Cut Length","1","1","0","CUTLG"
"P10081","CUTLG","1/2x17 Blk Steel Cut Length","2","4","0","CUTLG"
"P10108","CUTLG","4x48 Galv Steel Cut Length","1","1","0","CUTLG"
"P2945","CUTLG","1/8x18 Gal Steel Cut Length","1","1","0","CUTLG"
"P2946","CUTLG","1/8x24 Gal Steel Cut Length","1","1","0","CUTLG"
"P2947","CUTLG","1/8x30 Gal Steel Cut Length","1","1","0","CUTLG"
"P2951","CUTLG","1/4x14 Gal Steel Cut Length","1","1","0","CUTLG"
"P2952","CUTLG","1/4x16 Gal Steel Cut Length","1","1","0","CUTLG"
"P2953","CUTLG","1/4x18 Gal Steel Cut Length","1","1","0","CUTLG"
"P2954","CUTLG","1/4x20 Gal Steel Cut Length","1","1","0","CUTLG"
"P2955","CUTLG","1/4x24 Gal Steel Cut Length","1","1","0","CUTLG"
"P2956","CUTLG","1/4x30 Gal Steel Cut Length","1","1","0","CUTLG"
"P2961","CUTLG","3/8x18 Gal Steel Cut Length","1","1","0","CUTLG"
"P2962","CUTLG","3/8x24 Gal Steel Cut Length","1","1","0","CUTLG"
"P2963","CUTLG","3/8x30 Gal Steel Cut Length","1","1","0","CUTLG"
"P2966","CUTLG","3/4x54 Gal Steel Cut Length","10","10","0","CUTLG"
"P2967","CUTLG","3/4x66 Gal Steel Cut Length","10","10","0","CUTLG"
"P2968","CUTLG","3/4x72 Gal Steel Cut Length","10","10","95","CUTLG"
"P2970","CUTLG","1/2x15 Gal Steel Cut Length","1","1","0","CUTLG"
"P2971","CUTLG","1/2x72 Gal Steel Cut Length","5","5","50","CUTLG"
"P2973","CUTLG","1/2x66 Gal Steel Cut Length","5","5","0","CUTLG"
"P2974","CUTLG","1x54 Blk Steel Cut Length","1","1","0","CUTLG"
"P2975","CUTLG","1x66 Gal Steel Cut Length","5","5","8","CUTLG"
"P2976","CUTLG","1x72 Gal Steel Cut Length","3","3","3","CUTLG"
"P2981","CUTLG","1-1/4x42 Blk Steel Cut Length","15","24","72","CUTLG"
"P2982","CUTLG","1-1/4x54 Blk Steel Cut Length","3","3","0","CUTLG"
"P2983","CUTLG","1-1/4x66 Gal Steel Cut Length","3","3","0","CUTLG"
"P2984","CUTLG","1-1/4x72 Gal Steel Cut Length","3","3","24","CUTLG"
"P2985","CUTLG","1-1/4x14 Gal Std Steel Nipple","1","1","0","CUTLG"
"P2986","CUTLG","1-1/4x16 Gal Std Steel Nipple","1","1","0","CUTLG"
"P2992","CUTLG","1-1/2x14 Gal Std Steel Nipple","1","1","0","CUTLG"
"P2993","CUTLG","1-1/2x16 Gal Std Steel Nipple","1","1","10","CUTLG"
"P2994","CUTLG","1-1/2x42 Gal Steel Cut Length","3","3","0","CUTLG"
"P2995","CUTLG","2x42 Gal Steel Cut Length","4","4","0","CUTLG"
"P2996","CUTLG","2x48 Gal Steel Cut Length","9","15","1","CUTLG"
"P2997","CUTLG","2x72 Gal Steel Cut Length","3","3","5","CUTLG"
"P3141","CUTLG","3/4x72 Blk Steel Cut Length","25","45","83","CUTLG"
"P3153","CUTLG","3-1/2x18 Gal Steel Cut Length","1","1","0","CUTLG"
"P3172","CUTLG","1x72 Blk Steel Cut Length","12","24","67","CUTLG"
"P3179","CUTLG","2x48 Blk Steel Cut Length","18","39","37","CUTLG"
"P3206","CUTLG","3/4x17-5/8 Blk Steel Cut Lengt h","1","1","0","CUTLG"
"P3248","CUTLG","1/2x15 Blk Steel Cut Length","2","4","0","CUTLG"
"P10436","CUTLG","1/4x22 Galv Steel Cut Length","1","1","0","CUTLG"
"P3332","CUTLG","3/8x60 Gal Steel Cut Length","1","1","0","CUTLG"
"P3375","CUTLG","1/4x60 Gal Steel Cut Length","1","1","0","CUTLG"
"P3376","CUTLG","1/2x14 Blk Steel Cut Length","65","110","768","CUTLG"
"P3377","CUTLG","3/4x14 Gal Steel Cut Length","1","1","0","CUTLG"
"P3382","CUTLG","1x15 Blk Steel Cut Length","13","21","59","CUTLG"
"P3383","CUTLG","2x15 Blk Steel Cut Length","40","70","116","CUTLG"
"P3384","CUTLG","2x13 Blk Steel Cut Length","2","4","65","CUTLG"
"P3385","CUTLG","1-1/4x72 Blk Steel Cut Length","9","15","13","CUTLG"
"P3400","CUTLG","1-1/2x12-1/2 Blk Steel Cut Length","3","5","25","CUTLG"
"P3410","CUTLG","2x72 Blk Steel Cut Length","6","9","61","CUTLG"
"P3427","CUTLG","1-1/4x20 Blk Steel Cut Length","9","15","55","CUTLG"
"P3428","CUTLG","1-1/2x20 Blk Steel Cut Length","3","3","35","CUTLG"
"P3429","CUTLG","2x20 Blk Steel Cut Length","6","9","23","CUTLG"
"P3430","CUTLG","2x20 Gal Steel Cut Length","1","1","0","CUTLG"
"P3431","CUTLG","1-1/2x20 Gal Steel Cut Length","23","37","16","CUTLG"
"P3432","CUTLG","1-1/2x16 Gal Steel Cut Length","1","1","0","CUTLG"
"P3433","CUTLG","1-1/4x20 Gal Steel Cut Length","1","1","0","CUTLG"
"P3476","CUTLG","4x20 Blk Steel Cut Length","2","4","6","CUTLG"
"P3477","CUTLG","4x30 Blk Steel Cut Length","2","4","23","CUTLG"
"P3478","CUTLG","4x24 Blk Steel Cut Length","6","12","21","CUTLG"
"P3481","CUTLG","1/2x20 Gal Steel Cut Length","1","1","0","CUTLG"
"P3493","CUTLG","3/4x54 Blk Steel Cut Length","10","10","0","CUTLG"
"P3496","CUTLG","3/8x30 Blk Steel Cut Length","5","5","64","CUTLG"
"P10674","CUTLG","1 X 23-1/8 BLACK PIPE TOE","1","1","0","CUTLG"
"P10681","CUTLG","2x36 BLACK TOExR&COE","1","1","0","CUTLG"
"P3534","CUTLG","3-1/2x18 Blk Steel Cut Length","1","1","0","CUTLG"
"P10710","CUTLG","3/8 X 21-1/2 BLACK TBE","1","1","0","CUTLG"
"P10717","CUTLG","3/4 X 50 BLACK TBE","1","1","0","CUTLG"
"P10718","CUTLG","3/4x70 BLACK PIPE TBE","1","1","0","CUTLG"
"P10719","CUTLG","3/4x88 BLACK PIPE TBE","1","1","0","CUTLG"
"P10752","CUTLG","1-1/4x28 Blk Steel Cut Length","5","5","15","CUTLG"
"P10763","CUTLG","3 X 3-1/2 BLACK TOE NIPPLE","1","1","0","CUTLG"
"P10764","CUTLG","3 X 14 BLACK TOE NIPPLE","1","1","0","CUTLG"
"P10794","CUTLG","2x12-1/2 Blk Nipple","1","1","0","CUTLG"
"P10798","CUTLG","1x32 Blk Cut Length (TBE)","1","1","0","CUTLG"
"P3640","CUTLG","3/4x16 Gal Steel Cut Length","1","1","0","CUTLG"
"P10818","CUTLG","1-1/2x13-1/2 Gal Steel Cut Length","2","4","0","CUTLG"
"P10819","CUTLG","3x26 Blk Cut Length (TBE)","1","1","0","CUTLG"
"P10821","CUTLG","6 X 84 BLACK CUT LENGTH TBE","1","1","0","CUTLG"
"P10834","CUTLG","3/4x110 Blk Steel Cut Length","1","1","0","CUTLG"
"P10835","CUTLG","3/4x85 Blk Steel Cut Length","1","1","0","CUTLG"
"P10836","CUTLG","3/4x78 Blk Steel Cut Length","1","1","0","CUTLG"
"P10841","CUTLG","3x81 Blk Cut Length (TBE)","1","1","0","CUTLG"
"P10846","CUTLG","4x60 Galv Steel Cut Length","1","1","0","CUTLG"
"P10858","CUTLG","6x24 Blk Cut Length (TBE)","1","1","1","CUTLG"
"P10859","CUTLG","6x26 Blk Cut Length (TBE)","1","1","0","CUTLG"
"P3693","CUTLG","1x14 Gal Steel Cut Length","2","4","19","CUTLG"
"P10862","CUTLG","5x18 Blk Steel Cut Length","2","4","0","CUTLG"
"P10863","CUTLG","5 X 15 BLACK NIPPLE TBE","1","1","1","CUTLG"
"P10864","CUTLG","5 X 36 BLACK CUT LENGTH TOE","1","1","0","CUTLG"
"P10884","CUTLG","5 X 24 BLACK NIPPLE TBE","1","1","0","CUTLG"
"P3722","CUTLG","3/4x15 Blk Steel Cut Length","5","5","7","CUTLG"
"P10896","CUTLG","1 X 44 Blk Steel Cut Length","1","1","0","CUTLG"
"P3729","CUTLG","1/4x48 Blk Steel Cut Length","1","1","0","CUTLG"
"P10897","CUTLG","1 X 41 Blk Steel Cut Length","1","1","0","CUTLG"
"P3732","CUTLG","2-1/2x24 Blk Steel Cut Length","12","20","57","CUTLG"
"P10903","CUTLG","3-1/2 X 14 BLACK PIPE TOE","1","1","0","CUTLG"
"P10904","CUTLG","3-1/2 X 11 BLACK NIPPLE TOE","1","1","0","CUTLG"
"P10905","CUTLG","5 X 14 BLK CUT LENGTH P/E","1","1","0","CUTLG"
"P3741","CUTLG","3/8x72 Gal Steel Cut Length","1","1","0","CUTLG"
"P10909","CUTLG","2x39"" Galv TOE","1","1","0","CUTLG"
"P3742","CUTLG","2-1/2x18 Gal Steel Cut Length","1","1","0","CUTLG"
"P3743","CUTLG","1/4x15 Blk Steel Cut Length","1","1","0","CUTLG"
"P3744","CUTLG","1/4x17 Blk Steel Cut Length","1","1","0","CUTLG"
"P10911","CUTLG","2x43"" Galv TOE","1","1","3","CUTLG"
"P10912","CUTLG","2x49"" Galv TOE","1","1","0","CUTLG"
"P10913","CUTLG","2x55"" Galv TOE","1","1","0","CUTLG"
"P10914","CUTLG","2x61"" Galv TOE","1","1","0","CUTLG"
"P10915","CUTLG","2x67"" Galv TOE","1","1","0","CUTLG"
"P10916","CUTLG","2x73"" Galv TOE","1","1","0","CUTLG"
"P10917","CUTLG","2x78"" Galv TOE","1","1","0","CUTLG"
"P10918","CUTLG","2x84"" Galv TOE","1","1","1","CUTLG"
"P10919","CUTLG","2x90"" Galv TOE","1","1","0","CUTLG"
"P10920","CUTLG","2x156"" Galv TBE","1","1","1","CUTLG"
"P10921","CUTLG","2x192"" Galv TBE","1","1","1","CUTLG"
"P10922","CUTLG","2x27"" Galv TOE","1","1","0","CUTLG"
"P10923","CUTLG","2x32"" Galv TOE","1","1","0","CUTLG"
"P10924","CUTLG","2x36"" Galv TOE","1","1","0","CUTLG"
"P10925","CUTLG","2x41"" Galv TOE","1","1","0","CUTLG"
"P3759","CUTLG","4x60 Blk Steel Cut Length","2","4","0","CUTLG"
"P10926","CUTLG","2x45"" Galv TOE","1","1","0","CUTLG"
"P10927","CUTLG","2x50"" Galv TOE","1","1","0","CUTLG"
"P10928","CUTLG","2x54"" Galv TOE","1","1","0","CUTLG"
"P3761","CUTLG","2-1/2x16 Gal Steel Cut Length","1","1","0","CUTLG"
"P10929","CUTLG","2x59"" Galv TOE","1","1","0","CUTLG"
"P3762","CUTLG","3/4x16 Blk Steel Cut Length","30","60","223","CUTLG"
"P10930","CUTLG","2x63"" Galv TOE","1","1","0","CUTLG"
"P3763","CUTLG","4x36 Blk Steel Cut Length","4","6","16","CUTLG"
"P10931","CUTLG","2x68"" Galv TOE","1","1","0","CUTLG"
"P3764","CUTLG","3x24 Blk Steel Cut Length","16","32","30","CUTLG"
"P10932","CUTLG","2x72"" Galv TOE","1","1","0","CUTLG"
"P3765","CUTLG","3x18 Blk Steel Cut Length","34","62","86","CUTLG"
"P3766","CUTLG","3x30 Blk Steel Cut Length","4","6","12","CUTLG"
"P10933","CUTLG","2x77"" Galv TOE","1","1","0","CUTLG"
"P10934","CUTLG","2x81"" Galv TOE","1","1","0","CUTLG"
"P10935","CUTLG","2x86"" Galv TOE","1","1","0","CUTLG"
"P10938","CUTLG","2x95"" Galv TOE","1","1","0","CUTLG"
"P10939","CUTLG","2x99"" Galv TOE","1","1","0","CUTLG"
"P10940","CUTLG","2x96"" Galv TBE","1","1","0","CUTLG"
"P3773","CUTLG","1-1/4x14 Blk Steel Cut Length","39","69","2","CUTLG"
"P10941","CUTLG","2x44"" Galv TOE","1","1","0","CUTLG"
"P3774","CUTLG","1x16 Blk Steel Cut Length","40","70","-25","CUTLG"
"P10942","CUTLG","2x64"" Galv TOE","1","1","0","CUTLG"
"P3775","CUTLG","1x20 Blk Steel Cut Length","12","21","100","CUTLG"
"P10943","CUTLG","2x69"" Galv TOE","1","1","0","CUTLG"
"P3776","CUTLG","1-1/2x16 Blk Steel Cut Length","55","100","422","CUTLG"
"P10944","CUTLG","2x74"" Galv TOE","1","1","0","CUTLG"
"P3777","CUTLG","2x16 Blk Steel Cut Length","15","30","91","CUTLG"
"P10945","CUTLG","2x79"" Galv TOE","1","1","0","CUTLG"
"P10946","CUTLG","2x88"" Galv TOE","1","1","0","CUTLG"
"P10947","CUTLG","2x94"" Galv TOE","1","1","0","CUTLG"
"P10948","CUTLG","2x24"" Galv TOE","1","1","2","CUTLG"
"P10949","CUTLG","2x30"" Galv TOE","1","1","0","CUTLG"
"P3782","CUTLG","3/4x20 Gal Steel Cut Length","1","1","0","CUTLG"
"P10950","CUTLG","2x37"" Galv TOE","1","1","0","CUTLG"
"P3783","CUTLG","1x25 Gal Steel Cut Length","1","1","0","CUTLG"
"P10951","CUTLG","2x76"" Galv TOE","1","1","0","CUTLG"
"P3784","CUTLG","2x50 Gal Steel Cut Length","1","1","0","CUTLG"
"P10952","CUTLG","2x132"" Galv TBE","1","1","1","CUTLG"
"P10962","CUTLG","6x48 Blk Cut Length TBE","1","1","0","CUTLG"
"P10963","CUTLG","6x16 Blk Cut Length TBE","1","1","0","CUTLG"
"P3801","CUTLG","2x16 Gal Steel Cut Length","2","4","10","CUTLG"
"P3802","CUTLG","2-1/2x14 Blk Steel Cut Length","4","6","23","CUTLG"
"P3803","CUTLG","3x16 Blk Steel Cut Length","10","20","53","CUTLG"
"P3804","CUTLG","3x14 Blk Steel Cut Length","6","10","20","CUTLG"
"P3805","CUTLG","1-1/2x21 Gal Steel Cut Length","1","1","0","CUTLG"
"P10972","CUTLG","6x44 Blk Cut Length TBE","1","1","0","CUTLG"
"P10973","CUTLG","5x36 Blk Cut Length TBE","1","1","0","CUTLG"
"P3809","CUTLG","2-1/2x17 Gal Steel Cut Length","1","1","0","CUTLG"
"P3811","CUTLG","1x13 Blk Steel Cut Length","15","25","345","CUTLG"
"P10980","CUTLG","1 X 65 BLACK CUT LENGTH TBE","1","1","0","CUTLG"
"P10982","CUTLG","1-1/4x29-1/2 BLACK TBE","1","1","0","CUTLG"
"P10983","CUTLG","6x15 Blk Cut Length TBE","1","1","0","CUTLG"
"P3820","CUTLG","4x18 Blk Steel Cut Length","8","14","43","CUTLG"
"P10990","CUTLG","1 X 24-1/4 BLK CUT LENGTH TBE","1","1","0","CUTLG"
"P10991","CUTLG","1 X 35 BLK CUT LENGTH TBE","1","1","0","CUTLG"
"P3825","CUTLG","1-1/2x14 Gal Steel Cut Length","4","6","8","CUTLG"
"P10992","CUTLG","1 X 33-1/2 BLK CUT LENGTH TBE","1","1","0","CUTLG"
"P10993","CUTLG","1 X 45-1/4 BLK CUT LENGTH TBE","1","1","0","CUTLG"
"P10994","CUTLG","1 X 51-1/2 BLK CUT LENGTH TBE","1","1","0","CUTLG"
"P3827","CUTLG","6x18 Gal Steel Cut Length","1","1","0","CUTLG"
"P10995","CUTLG","2-1/2 X 100 BLK CUT LENGTH TBE","1","1","0","CUTLG"
"P3830","CUTLG","1x20 Gal Steel Cut Length","1","1","32","CUTLG"
"P10997","CUTLG","5 X 13 BLK NIPPLE TBE","1","1","0","CUTLG"
"P11002","CUTLG","2-1/2X80-1/4 BLK NIPPLE TBE","1","1","0","CUTLG"
"P11031","CUTLG","2-1/2x21-1/2 Blk Nipple TBE","1","1","0","CUTLG"
"P11041","CUTLG","3 X 42 BLK CUT LENGTH TBE","1","1","0","CUTLG"
"P11042","CUTLG","4 X 42 BLK CUT LENGTH TBE","1","1","0","CUTLG"
"P11044","CUTLG","1/4x20 Blk Steel Cut Length","13","21","0","CUTLG"
"P11048","CUTLG","3 X 37 BLK CUT LENGTH TBE","1","1","0","CUTLG"
"P11055","CUTLG","1/2-NPTx68"" BLK PIPE TOE","1","1","0","CUTLG"
"P11064","CUTLG","3-1/2 X 13-1/2 BLK NIPPLE TBE","1","1","0","CUTLG"
"P11065","CUTLG","2-1/2 X 17 BLK CUT LENGTH TBE","1","1","0","CUTLG"
"P11066","CUTLG","2-1/2 X 50 BLK CUT LENGTH TBE","1","1","0","CUTLG"
"P11067","CUTLG","2-1/2 X 66 BLK CUT LENGTH TBE","1","1","0","CUTLG"
"P11069","CUTLG","3 X 24 BLK NIPPLE TOE","1","1","0","CUTLG"
"P11070","CUTLG","5 X 14 BLACK NIPPLE TBE","1","1","0","CUTLG"
"P11074","CUTLG","1-1/4 X 34 BLK CUT LENGTH TBE","1","1","0","CUTLG"
"P11078","CUTLG","4x105"" Blk Cut Length TBE","1","1","0","CUTLG"
"P11087","CUTLG","1-1/2 X 17 GALV NIPPLE TBE","1","1","0","CUTLG"
"P11089","CUTLG","6 x 72 BLK CUT LENGTH TBE","1","1","0","CUTLG"
"P11090","CUTLG","1-1/4x84 (7Ft) Galv TBE","1","1","0","CUTLG"
"P11092","CUTLG","1-1/4x16 GALV CUT LENGTH NIP","1","1","0","CUTLG"
"P11094","CUTLG","3 X 13-1/4 BLK CUT LENGTH TBE","1","1","0","CUTLG"
"P11095","CUTLG","6 X 37 BLK CUT LENGTH TBE","1","1","0","CUTLG"
"P3933","CUTLG","1/2x66 Blk Steel Cut Length","1","1","0","CUTLG"
"P3934","CUTLG","3/4x66 Blk Steel Cut Length","1","1","0","CUTLG"
"P11101","CUTLG","3 X 18 GALV PIPE TOE","1","1","0","CUTLG"
"P11102","CUTLG","6 X 19 BLACK NIPPLE TBE","1","1","0","CUTLG"
"P11105","CUTLG","1 X 41-1/2 BLK CUT LENGTH TBE","1","1","0","CUTLG"
"P11106","CUTLG","1 X 40 BLK CUT LENGTH TBE","1","1","0","CUTLG"
"P11107","CUTLG","3/4 X 99 BLK CUT LENGTH TBE","1","1","0","CUTLG"
"P11110","CUTLG","1-1/4 X 34-1/2 GALV TBE","1","1","0","CUTLG"
"P11113","CUTLG","1x33 Blk Steel Cut Length","1","1","0","CUTLG"
"P11114","CUTLG","1 X 35-1/2 BLK CUT LENGTH TBE","1","1","0","CUTLG"
"P11115","CUTLG","4 X 19 BLACK NIPPLE TOE","1","1","0","CUTLG"
"P11116","CUTLG","1 x 84 BLACK CUT LENGTH TBE","1","1","0","CUTLG"
"P11117","CUTLG","1-1/2x71-11/16"" GALV CUT LENGT","1","1","10","CUTLG"
"P11124","CUTLG","1 X 53 BLK CUT LENGTH TBE","1","1","0","CUTLG"
"P11125","CUTLG","1 X 69 BLK CUT LENGTH TBE","1","1","0","CUTLG"
"P11127","CUTLG","1-1/2 X 14-1/2 GALV NIPPLE TBE","1","1","0","CUTLG"
"P11128","CUTLG","2-1/2x48 Blk Steel Cut Length","2","4","9","CUTLG"
"P3962","CUTLG","1x54 Gal Steel Cut Length","1","1","0","CUTLG"
"P11133","CUTLG","3 X 39 BLACK CUT LENGTH TBE","1","1","0","CUTLG"
"P11137","CUTLG","3 X 53-1/2 BLK CUT LENGTH TBE","1","1","0","CUTLG"
"P11138","CUTLG","4 X 24 BLACK TOE NIPPLE","1","1","0","CUTLG"
"P11139","CUTLG","2-1/2 X 23 BLACK NIPPLE TBE","1","1","0","CUTLG"
"P11140","CUTLG","4 X 23 BLACK NIPPLE TBE","1","1","0","CUTLG"
"P11145","CUTLG","4 X 20-1/2 BLACK NIPPLE TBE","1","1","0","CUTLG"
"P11147","CUTLG","2 X 78"" BLK CUT LENGTH TBE","1","1","0","CUTLG"
"P11148","CUTLG","1-1/2 X 168"" BLK PIPE TBE","1","1","0","CUTLG"
"P11149","CUTLG","1-1/2 X 144"" BLK PIPE TBE","1","1","0","CUTLG"
"P11150","CUTLG","3/4 X 84"" BLK CUT LENGTH TBE","1","1","0","CUTLG"
"P11163","CUTLG","3 X 13 BLACK CUT LENGTH TOE","1","1","0","CUTLG"
"P11165","CUTLG","3x25 Blk Steel Cut Length","1","1","0","CUTLG"
"P11178","CUTLG","3x76 BLK NIPPLE TBE","1","1","0","CUTLG"
"P11184","CUTLG","4x18 Gal Steel Cut Length","1","1","0","CUTLG"
"P11186","CUTLG","6 X 11 BLK PIPE TOE","1","1","0","CUTLG"
"P11187","CUTLG","3/4 X 22 GALV NIPPLE","1","1","0","CUTLG"
"P11188","CUTLG","1 X 22 GALV CUT LENGTH TBE","1","1","0","CUTLG"
"P11191","CUTLG","3 X 23-1/2 BLK CUT LENGTH TBE","1","1","6","CUTLG"
"P11201","CUTLG","3 X 83 BLACK PIPE TBE","1","1","0","CUTLG"
"P11211","CUTLG","4 X 27 BLACK NIPPLE TBE","1","1","0","CUTLG"
"P11219","CUTLG","1/2 x 72 BLK CUT LENGTH TOE","1","1","0","CUTLG"
"P4068","CUTLG","2x14 Blk Steel Cut Length","15","24","67","CUTLG"
"P4072","CUTLG","1-1/4x25 Blk Steel Cut Length","5","9","49","CUTLG"
"P4073","CUTLG","1/2x15 Gal Std Steel Nipple","1","1","0","CUTLG"
"P4077","CUTLG","1-1/4x60 Blk Steel Cut Length","27","51","88","CUTLG"
"P11254","CUTLG","5 X 44 BLK CUT LENGTH TBE","1","1","0","CUTLG"
"P11255","CUTLG","5 X 34 BLK CUT LENGTH TBE","1","1","0","CUTLG"
"P11256","CUTLG","6 X 119"" BLK CUT LENGTH TOE","1","1","0","CUTLG"
"P11261","CUTLG","3 X 29 BLACK CUT LENGTH","1","1","0","CUTLG"
"P11263","CUTLG","3x48 Galv Steel Cut Length","2","2","0","CUTLG"
"P11319","CUTLG","2 X 13-1/2 BLACK CUT LENGTH","1","1","0","CUTLG"
"P11330","CUTLG","2-1/2 X 17-1/2 BLK NIPPLE","1","1","0","CUTLG"
"P4165","CUTLG","1-1/4x42 Gal Steel Cut Length","1","1","12","CUTLG"
"P4166","CUTLG","1-1/4x54 Gal Steel Cut Length","1","1","0","CUTLG"
"P11336","CUTLG","1x58 Blk Steel Cut Length","1","1","0","CUTLG"
"P11339","CUTLG","3 X 77-1/4 BLK CUT LENGTH TBE","1","1","0","CUTLG"
"P11342","CUTLG","1/4x19 Blk Steel Cut Length","1","1","6","CUTLG"
"P11343","CUTLG","1/4x21-1/2 Blk Steel Cut Lengt h CUT LENGTH","1","1","5","CUTLG"
"P11344","CUTLG","5 X 20 BLACK NIPPLE TBE","1","1","0","CUTLG"
"P11348","CUTLG","3 X 60-7/16"" BLK PIPE TOE","1","1","0","CUTLG"
"P11349","CUTLG","1-1/2x103-3/8 GALV TBE","1","1","0","CUTLG"
"P11350","CUTLG","1-1/2x95-11/16 GALV TBE","1","1","0","CUTLG"
"P11353","CUTLG","1 X 67 SCH 80 BLK PIPE TBE","1","1","0","CUTLG"
"P4188","CUTLG","4x14 Blk Steel Cut Length","2","4","6","CUTLG"
"P11358","CUTLG","5 X 22 BLACK CUT LENGTH TOE","1","1","0","CUTLG"
"P11360","CUTLG","3 X 36 SCH 80 BLK PE PIPE","1","1","0","CUTLG"
"P11361","CUTLG","3/8x84 Blk Steel Cut Length","2","4","541","CUTLG"
"P11377","CUTLG","3/4x28 Blk Steel Cut Length","9","15","98","CUTLG"
"P11378","CUTLG","1/2x28 Blk Steel Cut Length","1","1","0","CUTLG"
"P11379","CUTLG","1/2x34 Blk Steel Cut Length","1","1","0","CUTLG"
"P11381","CUTLG","1-1/2 X 12-1/2 GALV NIPPLE","3","5","0","CUTLG"
"P11383","CUTLG","6 X 36 BLK TOE NIPPLE","1","1","0","CUTLG"
"P11398","CUTLG","1-1/2x65-11/16 Galv Cut Length","1","1","0","CUTLG"
"P11399","CUTLG","1x14-3/8 Blk Steel Cut Length","1","1","0","CUTLG"
"P11400","CUTLG","5 X 8-1/2 BLK PIPE PE","1","1","0","CUTLG"
"P11405","CUTLG","1-1/4 X 57 BLK CUT LENGTH","1","1","1","CUTLG"
"P11406","CUTLG","1-1/4 X 32 BLK CUT LENGTH","1","1","0","CUTLG"
"P11411","CUTLG","4 X 60 BLACK PIPE PE","1","1","0","CUTLG"
"P11412","CUTLG","2x29 Blk Cut Length TBE","2","4","1","CUTLG"
"P11415","CUTLG","2-1/2x26 Blk Cut Length TBE","1","1","0","CUTLG"
"P11417","CUTLG","2-1/2x27 Blk Cut Length TBE","1","1","0","CUTLG"
"P11418","CUTLG","3-1/2 X 15-5/8 BLK PIPE TBE","1","1","0","CUTLG"
"P11419","CUTLG","3 X 21-1/2 BLK NIPPLE TBE","1","1","0","CUTLG"
"P11420","CUTLG","3 X 20 GALV NIPPLE TBE","1","1","0","CUTLG"
"P11421","CUTLG","8 X 36 BLK CUT LENGTH TOE","1","1","0","CUTLG"
"P4258","CUTLG","1-1/2x15 Blk Steel Cut Length","2","4","9","CUTLG"
"P11425","CUTLG","3 X 17-1/2 GAL NIPPLE TBE","1","1","0","CUTLG"
"P11427","CUTLG","2x13 Gal Steel Cut Length","1","1","0","CUTLG"
"P11430","CUTLG","6 X 72 GALV CUT LENGTH TOE","1","1","0","CUTLG"
"P4268","CUTLG","2-1/2x16 Gal Std Steel Nipple","1","1","0","CUTLG"
"P11435","CUTLG","6 X 42 BLK CUT LENGTH TBE","1","1","0","CUTLG"
"P11436","CUTLG","1-1/2 X 84 BLK CUT LENGTH TBE","1","1","0","CUTLG"
"P4271","CUTLG","3/8x15 Blk Steel Cut Length","5","5","39","CUTLG"
"P4272","CUTLG","3/8x18 Blk Steel Cut Length","70","115","91","CUTLG"
"P11444","CUTLG","3 X 65 BLACK CUT LENGTH TBE","1","1","0","CUTLG"
"P11445","CUTLG","2-1/2 X 21 BLK CUT LENGTH TBE","1","1","0","CUTLG"
"P11446","CUTLG","1-1/2x15-1/2 Gal Steel Cut Length","1","1","0","CUTLG"
"P11448","CUTLG","6 X 60 BLACK CUT LENGTH TBE","1","1","0","CUTLG"
"P11451","CUTLG","4x72 Blk Steel Cut Length","1","1","0","CUTLG"
"P11484","CUTLG","4 X 36 GALV CUT LENGTH TBE","1","1","0","CUTLG"
"P11491","CUTLG","3/4x40 Gal Steel Cut Length","1","1","34","CUTLG"
"P11493","CUTLG","1-1/2x67-3/8 GAL CUT LENTH","1","1","0","CUTLG"
"P11494","CUTLG","1-1/2x59-11/16 GAL CUT LENGTH","1","1","0","CUTLG"
"P11502","CUTLG","1/8 X 13 BLK NIPPLE TBE","1","1","0","CUTLG"
"P11503","CUTLG","3x15 Gal Std Nipple TBE","1","1","0","CUTLG"
"P11507","CUTLG","1/2 X 27-1/2 BLK CUT LENGTH","1","1","0","CUTLG"
"P11512","CUTLG","2 X 27 BLK PLAIN END PIPE","1","1","0","CUTLG"
"P11514","CUTLG","2X12 BLK NIPPLE PE","1","1","0","CUTLG"
"P4347","CUTLG","2x54 Gal Steel Cut Length","1","1","0","CUTLG"
"P11515","CUTLG","1-1/2X12 BLK NIPPLE PE","1","1","0","CUTLG"
"P11516","CUTLG","1-1/2X36 BLK NIPPLE TOE","1","1","0","CUTLG"
"P11518","CUTLG","3X32 BLK NIPPLE PLAIN ENDS","1","1","0","CUTLG"
"P11520","CUTLG","2-1/2X32 BLK NIPPLE PLAIN ENDS","1","1","0","CUTLG"
"P11521","CUTLG","3 X 30 GAL NIPPLE TBE","1","1","0","CUTLG"
"P11522","CUTLG","3x42 Gal Steel Cut Length","1","1","0","CUTLG"
"P11532","CUTLG","6 X 16 BLACK TOE NIPPLE","1","1","0","CUTLG"
"P11541","CUTLG","4 X 33 Blk Steel Cut Length","1","1","0","CUTLG"
"P11547","CUTLG","3/4 X 84 GALV CUT LENGTH","1","1","0","CUTLG"
"P11549","CUTLG","2-1/2x96"" BLK PIPE TBE","1","1","0","CUTLG"
"P11550","CUTLG","2-1/2 x 54 GALV CUT LENGTH TBE","1","1","0","CUTLG"
"P4385","CUTLG","1-1/4x12-1/2 Blk Steel Cut Len gth","1","1","0","CUTLG"
"P11552","CUTLG","3 X 88 BLK NIPPLE TBE","1","1","0","CUTLG"
"P4386","CUTLG","1-1/4x13 Blk Steel Cut Length","45","85","168","CUTLG"
"P11553","CUTLG","3 X 62 BLK NIPPLE TBE","1","1","0","CUTLG"
"P11554","CUTLG","2-1/2 X 102 BLK NIPPLE TBE","1","1","0","CUTLG"
"P11555","CUTLG","2-1/2 X 62-1/2 BLK NIPPLE TBE","1","1","0","CUTLG"
"P11561","CUTLG","3 X 14-1/2 GAL NIPPLE TBE","1","1","0","CUTLG"
"P11562","CUTLG","3 X 50-1/2 GALL NIPPLE TBE","1","1","0","CUTLG"
"P4401","CUTLG","1x16 Gal Steel Cut Length","2","4","38","CUTLG"
"P4403","CUTLG","3/4x20 Blk Steel Cut Length","7","11","25","CUTLG"
"P11578","CUTLG","1/2x24-1/2 Blk Steel Cut Length","1","1","0","CUTLG"
"P11581","CUTLG","1/4 X 21"" GAL NIPPLE TBE","1","1","0","CUTLG"
"P4417","CUTLG","6x24 Gal Steel Cut Length","1","1","0","CUTLG"
"P11584","CUTLG","1 X 63 BLK CUT LENGTH TBE","1","1","0","CUTLG"
"P4419","CUTLG","1-1/4x15 Gal Steel Cut Length","1","1","5","CUTLG"
"P11586","CUTLG","2 X 32 GALV PIPE TBE","1","1","0","CUTLG"
"P11600","CUTLG","3 X 33-1/2 BLK NIPPLE TBE","1","1","0","CUTLG"
"P11601","CUTLG","4 X 43 BLK NIPPLE TBE","1","1","0","CUTLG"
"P4435","CUTLG","3/4x14 Blk Steel Cut Length","20","35","20","CUTLG"
"P11603","CUTLG","4 X 53 BLK NIPPLE TBE","1","1","0","CUTLG"
"P11605","CUTLG","4 X 21 BLK NIPPLE TBE","1","1","0","CUTLG"
"P4438","CUTLG","3/4x22 Blk Steel Cut Length","2","4","25","CUTLG"
"P11606","CUTLG","3 X 41 BLACK NIPPLE TBE","1","1","1","CUTLG"
"P4440","CUTLG","3x15 Blk Steel Cut Length","3","5","7","CUTLG"
"P11613","CUTLG","1 X 27-1/4 STEEL PIPE TOE","1","1","0","CUTLG"
"P11614","CUTLG","1/2 X 142"" BLK PIPE TOE","1","1","0","CUTLG"
"P11615","CUTLG","1-1/4 X 14 GAL NIPPLE TBE","1","1","0","CUTLG"
"P11617","CUTLG","3 X 60 BLK SCH 40 PIPE TOE","1","1","0","CUTLG"
"P11618","CUTLG","1 X 28 BLACK NIPPLE TBE","1","1","0","CUTLG"
"P11619","CUTLG","1/2 X 44 BLACK NIPPLE TBE","1","1","0","CUTLG"
"P11624","CUTLG","3 X 36 BLACK TOE","1","1","0","CUTLG"
"P4465","CUTLG","1/4x18 Blk Steel Cut Length","1","1","0","CUTLG"
"P4466","CUTLG","1-1/4x15 Blk Steel Cut Length","5","10","39","CUTLG"
"P11637","CUTLG","1 X 45 BLK TBE","1","1","0","CUTLG"
"P11638","CUTLG","1 X 74 BLK CUT LENGTH","1","1","0","CUTLG"
"P11639","CUTLG","1 X 55 BLK TBE","1","1","0","CUTLG"
"P11640","CUTLG","1 X 57-1/2 BLK TBE","1","1","0","CUTLG"
"P11641","CUTLG","1 X 81 BLK CUT LENGTH","1","1","0","CUTLG"
"P11642","CUTLG","1 X 99 BLK CUT LENGTH","1","1","0","CUTLG"
"P11645","CUTLG","3/4x35 Blk Steel Cut Length","1","1","0","CUTLG"
"P11646","CUTLG","3/4x29 Blk Steel Cut Length","1","1","0","CUTLG"
"P11654","CUTLG","6 X 24 BLACK PIPE PLAIN END","1","1","0","CUTLG"
"P4490","CUTLG","1-1/4x26 Blk Std Steel Nipple","1","1","0","CUTLG"
"P11657","CUTLG","2 X 40 BLACK NIPPLE TBE","1","1","0","CUTLG"
"P4491","CUTLG","2x14 Gal Std Steel Nipple","1","1","12","CUTLG"
"P11659","CUTLG","1-1/2x41-5/16"" GALV TBE","1","1","0","CUTLG"
"P11660","CUTLG","1-1/2x33-5/8"" GALV TBE","1","1","0","CUTLG"
"P11663","CUTLG","6 X 48 BLACK THREAD ONE END","1","1","0","CUTLG"
"P4508","CUTLG","3/8x24 Blk Steel Cut Length","115","195","16","CUTLG"
"P4509","CUTLG","3/8x36 Blk Steel Cut Length","30","50","1","CUTLG"
"P4510","CUTLG","3/8x42 Blk Steel Cut Length","1","1","0","CUTLG"
"P4511","CUTLG","3/8x48 Blk Steel Cut Length","15","20","3","CUTLG"
"P4512","CUTLG","3/8x54 Blk Steel Cut Length","1","1","0","CUTLG"
"P4513","CUTLG","3/8x60 Blk Steel Cut Length","5","5","0","CUTLG"
"P4514","CUTLG","3/8x66 Blk Steel Cut Length","1","1","0","CUTLG"
"P4515","CUTLG","3/8x72 Blk Steel Cut Length","5","5","0","CUTLG"
"P11683","CUTLG","2-1/2 X 54-1/4 BLK NIPPLE TBE","1","1","0","CUTLG"
"P11684","CUTLG","2-1/2 X 64 BLACK NIPPLE TBE","1","1","0","CUTLG"
"P11686","CUTLG","2-1/2 X 44 BLACK NIPPLE TBE","1","1","0","CUTLG"
"P11687","CUTLG","2-1/2 X 83 BLACK NIPPLE TBE","1","1","0","CUTLG"
"P4528","CUTLG","2x16 Gal Std Steel Nipple","1","1","0","CUTLG"
"P4531","CUTLG","3x15 Gal Std Steel Nipple","1","1","0","CUTLG"
"P4532","CUTLG","2x15 Gal Std Steel Nipple","1","1","0","CUTLG"
"P4534","CUTLG","2x17 Gal Std Steel Nipple","1","1","0","CUTLG"
"P11701","CUTLG","1x20-3/8 Galv Steel Cut Length","1","1","0","CUTLG"
"P4535","CUTLG","1x14 Blk Steel Cut Length","39","69","79","CUTLG"
"P4536","CUTLG","1x16 Blk Std Steel Nipple","1","1","49","CUTLG"
"P11707","CUTLG","2x92.5"" Galv TOE","1","1","0","CUTLG"
"P11708","CUTLG","2x80"" Galv TOE","1","1","0","CUTLG"
"P11709","CUTLG","2x67.5"" Galv TOE","1","1","0","CUTLG"
"P11710","CUTLG","2x30.5"" Galv TOE","1","1","0","CUTLG"
"P11713","CUTLG","1x17-1/2 Galv Cut Length TBE","1","1","0","CUTLG"
"P4548","CUTLG","3x36 Blk Steel Cut Length","4","8","1","CUTLG"
"P11718","CUTLG","3 X 40 BLK NIPPLE TBE","1","1","0","CUTLG"
"P11719","CUTLG","3x44 Blk Steel Cut Length","1","1","0","CUTLG"
"P4559","CUTLG","3/4x23 Blk Steel Cut Length","1","1","0","CUTLG"
"P4567","CUTLG","3x14 Gal Std Steel Nipple","1","1","0","CUTLG"
"P4581","CUTLG","2-1/2x15 Blk Steel Cut Length","35","55","103","CUTLG"
"P4587","CUTLG","3x18 Gal Steel Cut Length","2","4","3","CUTLG"
"P4609","CUTLG","1/2x21 Gal Steel Cut Length","1","1","0","CUTLG"
"P4610","CUTLG","3/4x15 Gal Steel Cut Length","1","1","0","CUTLG"
"P4611","CUTLG","3/4x21 Gal Steel Cut Length","1","1","0","CUTLG"
"P4612","CUTLG","1x15 Gal Steel Cut Length","1","1","0","CUTLG"
"P4613","CUTLG","1-1/4x21 Gal Steel Cut Length","1","1","0","CUTLG"
"P4614","CUTLG","1-1/2x15 Gal Steel Cut Length","1","1","2","CUTLG"
"P4615","CUTLG","2x15 Gal Steel Cut Length","1","1","0","CUTLG"
"P4618","CUTLG","2x21 Gal Steel Cut Length","1","1","0","CUTLG"
"P4627","CUTLG","1/2x16 Blk Steel Cut Length","70","120","886","CUTLG"
"P11828","CUTLG","4 X 48 GALV THREAD ONE END","1","1","0","CUTLG"
"P11833","CUTLG","1-1/2 x84 (7Ft) GAL PIPE","1","1","0","CUTLG"
"P11834","CUTLG","3 X 33 BLK NIPPLE TBE","1","1","10","CUTLG"
"P11836","CUTLG","1/2 X 12 BLK TOE NIPPLE","1","1","0","CUTLG"
"P11846","CUTLG","1-1/2 x 21-1/2 BLK NIPPLE","1","1","15","CUTLG"
"P11847","CUTLG","1-1/2 X 15-1/2 BLK NIPPLE","1","1","8","CUTLG"
"P11849","CUTLG","2 X 14-3/4 BLK NIPPLE","1","1","0","CUTLG"
"P11850","CUTLG","3 X 26-1/2 BLK NIPPLE","1","1","9","CUTLG"
"P11851","CUTLG","1-1/2 X 18-1/2 BLK NIPPLE","1","1","2","CUTLG"
"P11860","CUTLG","1-1/4 X 15-3/4 BLK NIPPLE","1","1","0","CUTLG"
"P11861","CUTLG","1-1/4 X 22-1/4 BLK TBE","1","1","2","CUTLG"
"P11862","CUTLG","1-1/4 X 54-1/4 BLK NIPPLE","1","1","0","CUTLG"
"P11863","CUTLG","1-1/4 X 38-1/4 BLK TBE","1","1","0","CUTLG"
"P11865","CUTLG","3 X 32 BLACK CUT LENGTH TBE","1","1","34","CUTLG"
"P11867","CUTLG","1/2 X 48-1/2 BLK CUT LENGTH","1","1","0","CUTLG"
"P11868","CUTLG","1-1/2x399"" BLK PIPE TBE","1","1","0","CUTLG"
"P11869","CUTLG","1-1/2 X 228 BLK PIPE TBE","1","1","0","CUTLG"
"P11875","CUTLG","1/2 X 12-3/4 BLK NIPPLE TBE","1","1","0","CUTLG"
"P11876","CUTLG","1/2 X 22-3/8 BLK NIPPLE TBE","1","1","0","CUTLG"
"P11880","CUTLG","1/2 X 14-1/2 GALV NIPPLE","1","1","8","CUTLG"
"P11893","CUTLG","1 X 27 BLACK NIPPLE TBE","1","1","0","CUTLG"
"P11894","CUTLG","1-1/4x26 Blk Steel Cut Length","6","10","60","CUTLG"
"P11904","CUTLG","3 X 32-1/4 BLACK NIPPLE TBE","1","1","0","CUTLG"
"P11913","CUTLG","5 X 48 BLACK NIPPLE","1","1","0","CUTLG"
"P11921","CUTLG","4 X 16 GALV TOE","1","1","0","CUTLG"
"P11924","CUTLG","3 X 84 GALV PIPE PLAIN ENDS","1","1","0","CUTLG"
"P11926","CUTLG","1/4 X 23-1/4 BLK NIPPLE TBE","1","1","0","CUTLG"
"P11927","CUTLG","5 X 46 BLACK NIPPLE TBE","1","1","0","CUTLG"
"P11928","CUTLG","2 X 36-1/2 BLACK NIPPLE TBE","1","1","0","CUTLG"
"P11944","CUTLG","1-1/4x27 Blk Steel Cut Length","5","5","35","CUTLG"
"P11945","CUTLG","1-1/2 X 34 BLACK NIPPLE TBE","1","1","0","CUTLG"
"P11946","CUTLG","1-1/2 X 33 BLACK NIPPLE TBE","1","1","0","CUTLG"
"P11947","CUTLG","2 X 31 BLACK NIPPLE TBE","1","1","0","CUTLG"
"P11948","CUTLG","2-1/2 X 28 BLACK NIPPLE TBE","1","1","0","CUTLG"
"P11949","CUTLG","2-1/2 X 31 BLACK NIPPLE TBE","1","1","0","CUTLG"
"P11963","CUTLG","5 X 32"" BLACK NIPPLE TBE","1","1","0","CUTLG"
"P11964","CUTLG","5 X 108 BLACK CUT LENGTH","1","1","0","CUTLG"
"P11967","CUTLG","4 X41-1/2 BLACK CUT LENGTH TBE","1","1","0","CUTLG"
"P11968","CUTLG","4 X40-1/2 BLK CUT LENGTH TBE","1","1","0","CUTLG"
"P11973","CUTLG","1/4 X 72 BLACK NIPPLE TBE","1","1","0","CUTLG"
"P11981","CUTLG","1-1/4 X 36 BLACK NIPPLE TOE","1","1","0","CUTLG"
"P11985","CUTLG","3 X 31-1/2 BLACK NIPPLE TBE","1","1","0","CUTLG"
"P11986","CUTLG","1/4x30 BLK CUT LENGTH","1","1","0","CUTLG"
"P11987","CUTLG","4 X 32 BLACK TBE","1","1","0","CUTLG"
"P11989","CUTLG","5 X 60 BLACK PIPE PLAIN ENDS","1","1","0","CUTLG"
"P11990","CUTLG","5 X 18 BLACK CUT LENGTH P/E","1","1","0","CUTLG"
"P12002","CUTLG","1 X 26 GALV CUT LENGTH PIPE","1","1","0","CUTLG"
"P12017","CUTLG","6 X 24 BLACK PIPE TOE","1","1","0","CUTLG"
"P12019","CUTLG","1/2 X 22 GALV PIPE NIPPLE","1","1","0","CUTLG"
"P12024","CUTLG","2-1/2 X 13-3/4 SCH 40 BLK TBE","1","1","0","CUTLG"
"P12025","CUTLG","1-1/2x29 Blk Steel Cut Length","1","1","12","CUTLG"
"P12027","CUTLG","1/2 X 29 BLACK NIPPLE TBE","1","1","3","CUTLG"
"P12030","CUTLG","1-1/2 x 7Ft GALV S-40 PE","1","1","0","CUTLG"
"P12032","CUTLG","3/4x31 Blk Steel Cut Length","1","1","0","CUTLG"
"P12034","CUTLG","1-1/4x29 Blk Steel Cut Length","3","5","35","CUTLG"
"P12035","CUTLG","1-1/4 X 62 BLACK NIPPLE TBE","1","1","0","CUTLG"
"P12036","CUTLG","1-1/4 X 64 BLACK NIPPLE TBE","1","1","0","CUTLG"
"P12037","CUTLG","1-1/4 X 90 BLACK NIPPLE TBE","1","1","0","CUTLG"
"P12041","CUTLG","3x18-5/8 BLK PIPE NIPPLE TBE","1","1","0","CUTLG"
"P12042","CUTLG","1-1/4x33 Blk Steel Cut Length","1","1","0","CUTLG"
"P12043","CUTLG","3x27 Blk Steel Cut Length","1","1","0","CUTLG"
"P12044","CUTLG","1-1/4 X 41 BLACK NIPPLE TBE","1","1","0","CUTLG"
"P12045","CUTLG","5 X 18 BLACK TOE PIPE","1","1","0","CUTLG"
"P12048","CUTLG","3 X 60 GAL NIPPLE TOE","1","1","0","CUTLG"
"P12049","CUTLG","2 X 74 BLACK NIPPLE TBE","1","1","0","CUTLG"
"P12050","CUTLG","2 X 84 BLK NIPPLE TBE","1","1","0","CUTLG"
"P12051","CUTLG","2 X 19-3/4 BLK NIPPLE TBE","1","1","0","CUTLG"
"P12052","CUTLG","1-1/2 X 27-1/4 BLK NIPPLE TBE","1","1","0","CUTLG"
"P12053","CUTLG","1-1/2 X 27-1/2 BLK NIPPLE TBE","1","1","0","CUTLG"
"P12054","CUTLG","1-1/2 X 108 BLACK NIPPLE TBE","1","1","0","CUTLG"
"P12055","CUTLG","1-1/2 X 67 BLK NIPPLE TBE","1","1","0","CUTLG"
"P12056","CUTLG","1-1/2 X 14-3/4 BLK NIPPLE TBE","1","1","0","CUTLG"
"P12057","CUTLG","1-1/4 X 27-5/8 BLK NIPPLE TBE","1","1","0","CUTLG"
"P12058","CUTLG","1-1/4 X 13-3/4 BLK NIPPLE TBE","1","1","0","CUTLG"
"P12059","CUTLG","1-1/4 X 19-3/4 BLK NIPPLE TBE","1","1","0","CUTLG"
"P12060","CUTLG","1 X 51-1/2 BLK NIPPLE TBE","1","1","0","CUTLG"
"P12061","CUTLG","2 X 22-1/2 BLACK NIPPLE TBE","1","1","0","CUTLG"
"P12062","CUTLG","1-1/4x12-3/8 Blk Steel Cut Length","125","200","0","CUTLG"
"P12063","CUTLG","1/2x32 Blk Steel Cut Length","1","1","0","CUTLG"
"P12064","CUTLG","2 X 54 BLK CUT LENGTH","1","1","2","CUTLG"
"P12083","CUTLG","1-1/2 X 6-1/8 BLK NIPPLE TBE","1","1","0","CUTLG"
"P12086","CUTLG","5 X 19-1/2 BLACK NIPPLE TBE","1","1","0","CUTLG"
"P12088","CUTLG","2-1/2 X 32 BLACK NIPPLE TBE","1","1","0","CUTLG"
"P12089","CUTLG","2-1/2 X 34 BLACK NIPPLE TBE","1","1","0","CUTLG"
"P12090","CUTLG","2-1/2 X 42 BLACK NIPPLE TBE","1","1","0","CUTLG"
"P12092","CUTLG","1 X 10-3/4 BLK PIPE TBE","50","50","0","CUTLG"
"P12095","CUTLG","3 X 64 BLK CUT LENGTH TBE","1","1","0","CUTLG"
"P12096","CUTLG","4 X 25 BLK TBE","1","1","0","CUTLG"
"P12101","CUTLG","6X18 BLK NIPPLE TOE","1","1","0","CUTLG"
"P12103","CUTLG","2 X 20-3/8 SCH 40 BLK NIPPLE","1","1","0","CUTLG"
"P12106","CUTLG","3x60 Gal Steel Cut Length","2","4","0","CUTLG"
"P12113","CUTLG","3 X 16 GALV NIPPLE","1","1","0","CUTLG"
"P12114","CUTLG","3x72 Gal Steel Cut Length","2","4","0","CUTLG"
"P12116","CUTLG","3 X 15 BLACK TOE","1","1","0","CUTLG"
"P12117","CUTLG","1/2 X 25-3/8 BLK NIPPLE TBE","1","1","0","CUTLG"
"P12121","CUTLG","1/2 X 33 BLACK NIPPLE TBE","1","1","0","CUTLG"
"P12122","CUTLG","1/2 X 35 BLACK NIPPLE TBE","1","1","0","CUTLG"
"P12123","CUTLG","1/2 X 41 BLACK NIPPLE TBE","1","1","0","CUTLG"
"P12124","CUTLG","3/4x33 Blk Steel Cut Length","1","1","0","CUTLG"
"P12125","CUTLG","3/4 X 37 BLACK NIPPLE TBE","1","1","0","CUTLG"
"P12126","CUTLG","3/4 X 41 BLACK NIPPLE TBE","1","1","0","CUTLG"
"P12127","CUTLG","1/2 X 31 BLACK NIPPLE TBE","1","1","0","CUTLG"
"P12129","CUTLG","3/4 X 40 BLACK NIPPLE TBE","1","1","0","CUTLG"
"P12130","CUTLG","1 X 28 BLACK NIPPLE TBE","1","1","0","CUTLG"
"P12131","CUTLG","2 X 25 BLACK NIPPLE TBE","1","1","0","CUTLG"
"P12132","CUTLG","1-1/2 X 32 BLACK NIPPLE TBE","1","1","0","CUTLG"
"P12133","CUTLG","2 X 34 BLACK NIPPLE TBE","1","1","0","CUTLG"
"P12147","CUTLG","3/4 X 52 GAL NIPPLE TBE","1","1","0","CUTLG"
"P12151","CUTLG","2-1/2 X 20 BLK TOE","1","1","0","CUTLG"
"P12154","CUTLG","3 X 17"" GALV PIPE TBE","1","1","0","CUTLG"
"P12156","CUTLG","3 X 17-1/4 GALV PIPE TBE","1","1","0","CUTLG"
"P12158","CUTLG","3 X 16-1/4 GALV PIPE TBE","1","1","0","CUTLG"
"P12167","CUTLG","4 X 30 BLACK PIPE TOE","1","1","0","CUTLG"
"P12559","DIEU","1/2 Dielectric Union CxFIP","144","1008","21","C06-37B"
"P12560","DIEU","3/4 Dielectric Union CxFIP","480","840","142","C06-37B"
"P12561","DIEU","1 Dielectric Union CxFIP","72","504","275","C06-37B"
"P12562","DIEU","1-1/4 Dielectric Union CxFIP","48","336","78","C06-37B"
"P12563","DIEU","1-1/2 Dielectric Union CxFIP","36","252","0","C06-37B"
"P12564","DIEU","2 Dielectric Union CxFIP","18","126","0","C06-37B"
"P12569","DIEU","2-1/2 Dielectric Union CxFIP","45","60","0","C06-37E"
"P13420","DIEU","3/4 Dielectric Union Press x FIP","120","840","480","C06-37C"
"P13421","DIEU","1/2 Dielectric Union Press x FIP","144","1008","194","C06-37B"
"P13422","DIEU","1 Dielectric Union Press x FIP","72","504","102","C06-37C"
"P13459","DIEU","1/2x3 Dielectric Nipple","1200","2800","800","C06-37C"
"P13460","DIEU","1/2x4 Dielectric Nipple","900","2100","600","C06-37C"
"P13461","DIEU","3/4x3 Dielectric Nipple","600","800","1315","C06-37D"
"P13462","DIEU","3/4x4 Dielectric Nipple","600","800","599","C06-37D"
"P13463","DIEU","1x4 Dielectric Nipple","300","700","475","C06-37D"
"P13464","DIEU","1-1/4x4 Dielectric Nipple","300","700","765","C06-37C"
"P13465","DIEU","1-1/2x4 Dielectric Nipple","150","350","434","C06-37C"
"P13466","DIEU","2x4 Dielectric Nipple","120","160","165","C06-37D"
"P13467","DIEU","2-1/2x6 Dielectric Nipple","60","80","100","C06-37D"
"P13468","DIEU","3x6 Dielectric Nipple","30","40","65","C06-37E"
"P13469","DIEU","4x6 Dielectric Nipple","24","32","54","C06-37E"
"P13473","DIEU","2x4 Dielectric Nipple THxGR","120","160","388","C06-37D"
"P13474","DIEU","2-1/2x6 Dielectric Nipple THxGR","60","80","100","C06-37D"
"P13475","DIEU","3x6 Dielectric Nipple THxGR","30","40","50","C06-37E"
"P13476","DIEU","4x6 Dielectric Nipple THxGR","24","32","40","C06-37E"
"P13477","DIEU","3x6 Dielectric Nipple GRxGR","30","40","20","C06-37E"
"P13478","DIEU","4x6 Dielectric Nipple GRxGR","24","32","32","C06-37E"
"P13479","DIEU","1x3 Dielectric Nipple","450","1050","415","C06-37C"
"P13490","DIEU","1-1/4 Dielectric Union Press x FIP","144","336","0","C06-37E"
"P13491","DIEU","1-1/2 Dielectric Union Press x FIP","108","252","0","C06-37E"
"P13492","DIEU","2 Dielectric Union Press x FIP","54","126","0","C06-37E"
"P12546","EPEXFT","1-1/2 Brass F1960 EXPN PEX x FIP ADPT","20","40","0","C06-27E"
"P13000","EPEXFT","1/2 Brass F1960 EXPN PEX Tee","900","2100","791","C06-27D"
"P13001","EPEXFT","3/4 Brass F1960 EXPN PEX Tee","300","700","915","C06-27D"
"P13002","EPEXFT","1 Brass F1960 EXPN PEX Tee","100","200","40","C06-27E"
"P13003","EPEXFT","1/2x1/2x3/4 Brass F1960 EXPN PEX Tee","300","600","0","C06-27E"
"P13004","EPEXFT","3/4x3/4x1 Brass F1960 EXPN PEX Tee","160","320","0","C06-27E"
"P13005","EPEXFT","1x3/4x1 Brass F1960 EXPN PEX Tee","120","240","0","C06-27E"
"P13006","EPEXFT","1x1x1/2 Brass F1960 EXPN PEX Tee","120","240","0","C06-27E"
"P13007","EPEXFT","3/4x1/2x1/2 Brass F1960 EXPN Pex Tee","450","1050","479","C06-27D"
"P13008","EPEXFT","3/4x1/2x3/4 Brass F1960 EXPN PEX Tee","200","400","176","C06-27E"
"P13009","EPEXFT","3/4x3/4x1/2 Brass F1960 EXPN Pex Tee","300","700","1260","C06-27D"
"P13010","EPEXFT","1x3/4x3/4 Brass F1960 EXPN PEX Tee","160","320","0","C06-27E"
"P13011","EPEXFT","1x1x3/4 Brass F1960 EXPN PEX Tee","120","240","0","C06-27E"
"P13012","EPEXFT","1x1/2x1 Brass F1960 EXPN PEX Tee","120","240","0","C06-27E"
"P13013","EPEXFT","1/2 Brass F1960 EXPN PEX 90 Elbow","1400","4200","4408","C06-27C"
"P13014","EPEXFT","3/4 Brass F1960 EXPN PEX 90 Elbow","600","1800","2265","C06-27C"
"P13015","EPEXFT","1 Brass F1960 EXPN PEX 90 Elbow","400","1200","393","C06-27C"
"P13016","EPEXFT","3/4x1/2 Brass F1960 EXPN PEX 90 Elbow","600","1200","0","C06-27E"
"P13017","EPEXFT","1/2 Brass F1960 EXPN PEX Drop Ear Elbow PEXxFIP","150","12150","2328","C06-27A"
"P13018","EPEXFT","1/2 Brass F1960 EXPN PEX x MIP 90 Elbow","800","1600","35","C06-27E"
"P13019","EPEXFT","1/2x3/4 Brass F1960 EXPN PEX x MIP 90 Elbow","600","1200","0","C06-27E"
"P13020","EPEXFT","3/4 Brass F1960 EXPN PEX x MIP 90 Elbow","500","1000","125","C06-27E"
"P13021","EPEXFT","1/2 Brass F1960 EXPN PEX CPLG","1800","5400","1044","C06-27B"
"P13022","EPEXFT","3/4 Brass F1960 EXPN PEX CPLG","1000","3000","950","C06-27B"
"P13023","EPEXFT","1 Brass F1960 EXPN PEX CPLG","600","1800","0","C06-27B"
"P13024","EPEXFT","3/4x1/2 Brass F1960 EXPN PEX CPLG","1200","3600","175","C06-27B"
"P13025","EPEXFT","1/2 Brass F1960 EXPN PEX x MIP ADPT","1600","4800","1799","C06-27B"
"P13026","EPEXFT","1/2x3/4 Brass F1960 EXPN PEX x MIP ADPT","1200","3600","314","C06-27C"
"P13027","EPEXFT","3/4x1/2 Brass F1960 EXPN PEX x MIP ADPT","600","1200","0","C06-27E"
"P13028","EPEXFT","3/4 Brass F1960 EXPN PEX x MIP ADPT","1000","3000","677","C06-27B"
"P13029","EPEXFT","1 Brass F1960 EXPN PEX x MIP ADPT","600","1800","1398","C06-27B"
"P13030","EPEXFT","3/4x1 Brass F1960 EXPN PEX x MIP ADPT","600","1800","0","C06-27C"
"P13031","EPEXFT","1x3/4 Brass F1960 EXPN PEX x MIP ADPT","400","800","0","C06-27E"
"P13032","EPEXFT","1/2 Brass F1960 EXPN PEX x FIP ADPT","3600","10800","3797","C06-27C"
"P13033","EPEXFT","1/2x3/4 Brass F1960 PEXxFIP ADPT","1200","3600","516","C06-27C"
"P13034","EPEXFT","3/4x1/2 Brass F1960 EXPN PEX x FIP ADPT","1200","3600","88","C06-27C"
"P13035","EPEXFT","3/4 Brass F1960 EXPN PEX x FIP ADPT","800","2400","3099","C06-27C"
"P13036","EPEXFT","1 Brass F1960 EXPN PEX x FIP ADPT","200","400","0","C06-27E"
"P13037","EPEXFT","1/2 Brass F1960 EXPN PEX x Male Cop ADPT","1500","3500","4679","C06-27D"
"P13038","EPEXFT","1/2x3/4 Brass F1960 EXPN PEX x Male Cop ADPT","600","1200","0","C06-27E"
"P13039","EPEXFT","3/4 Brass F1960 EXPN PEX x Male Cop ADPT","750","1750","2597","C06-27D"
"P13040","EPEXFT","1 Brass F1960 EXPN PEX x Male Cop ADPT","300","600","163","C06-27E"
"P13041","EPEXFT","3/4x1/2 Brass F1960 EXPN PEX x Male Cop ADPT","600","1200","0","C06-27E"
"P13042","EPEXFT","1/2 Brass F1960 EXPN PEX x Fem Cop ADPT","1000","2000","1516","C06-27E"
"P13043","EPEXFT","3/4 Brass F1960 EXPN PEX x Fem Cop ADPT","500","1000","803","C06-27E"
"P13044","EPEXFT","1 Brass F1960 EXPN PEX x Fem Cop ADPT","240","480","1047","C06-27E"
"P13045","EPEXFT","1/2x3/4 Brass F1960 EXPN PEX x Fem Cop ADPT","600","1200","275","C06-27E"
"P13046","EPEXFT","1/2 Brass F1960 EXPN PEX Plug","1600","3200","830","C06-27E"
"P13047","EPEXFT","3/4 Brass F1960 EXPN PEX Plug","1500","3500","100","C06-27D"
"P13048","EPEXFT","1 Brass F1960 EXPN PEX Plug","900","2100","100","C06-27D"
"P13049","EPEXFT","3/4 Brass F1960 EXPN PEX x FTG Male Cop 90 Elbow","300","600","0","C06-27E"
"P13050","EPEXFT","3/4 Brass F1960 EXPN PEX x Fem Cop 90 Elbow","400","800","26","C06-27E"
"P13053","EPEXFT","3/8 Brass F1960 EXPN PEX CPLG","2000","6000","0","C06-27B"
"P13056","EPEXFT","5/8 Brass F1960 EXPN PEX CPLG","1200","3600","0","C06-27B"
"P13058","EPEXFT","1/2 Brass F1960 EXPN PEX x FTG Male Cop 90 Elbow","500","1000","0","C06-27E"
"P13065","EPEXFT","3/4 Brass F1960 EXPN PEX Drop Ear Elbow PEXxFIP","300","700","944","C06-27D"
"P23200","EPEXFT","3/8 Brass F1960 EXPN PEX Tee","1000","2000","0","C06-27E"
"P23201","EPEXFT","1/2x3/8x3/8 Brass F1960 EXPN PEX Tee","600","1200","0","C06-27E"
"P23202","EPEXFT","1-1/4 Brass F1960 EXPN PEX Tee","100","200","0","C06-27E"
"P23203","EPEXFT","3/8x3/8x1/2 Brass F1960 EXPN PEX Tee","1000","2000","0","C06-27E"
"P23204","EPEXFT","1/2x3/8x1/2 Brass F1960 EXPN PEX Tee","600","1200","0","C06-27E"
"P23205","EPEXFT","1/2x1/2x3/8 Brass F1960 EXPN PEX Tee","600","1200","0","C06-27E"
"P23206","EPEXFT","3/4x3/4x3/8 Brass F1960 EXPN PEX Tee","200","400","0","C06-27E"
"P23207","EPEXFT","1x3/4x1/2 Brass F1960 EXPN PEX Tee","120","240","0","C06-27E"
"P23208","EPEXFT","1x1/2x3/4 Brass F1960 EXPN PEX Tee","120","240","0","C06-27E"
"P23209","EPEXFT","1-1/4x1x1 Brass F1960 EXPN PEX Tee","100","200","0","C06-27E"
"P23210","EPEXFT","1-1/4x1-1/4x1/2 Brass F1960 EXPN PEX Tee","40","80","0","C06-27E"
"P23211","EPEXFT","1-1/4x1-1/4x3/4 Brass F1960 EXPN PEX Tee","40","80","0","C06-27E"
"P23212","EPEXFT","1-1/4x1-1/4x1 Brass F1960 EXPN PEX Tee","40","80","0","C06-27E"
"P23213","EPEXFT","1-1/4x1x3/4 Brass F1960 EXPN PEX Tee","60","120","0","C06-27E"
"P23214","EPEXFT","1-1/2x3/4x3/4 Brass F1960 EXPN PEX Tee","20","40","0","C06-27E"
"P23215","EPEXFT","1-1/2x1x3/4 Brass F1960 EXPN PEX Tee","40","80","0","C06-27E"
"P23216","EPEXFT","1-1/2x1x1 Brass F1960 EXPN PEX Tee","20","40","0","C06-27E"
"P23217","EPEXFT","1-1/2x1-1/4x3/4 Brass F1960 EXPN PEX Tee","20","40","0","C06-27E"
"P23218","EPEXFT","1-1/2x1-1/4x1 Brass F1960 EXPN PEX Tee","20","40","0","C06-27E"
"P23219","EPEXFT","1-1/2x1-1/4x1-1/4 Brass F1960 EXPN PEX Tee","20","40","0","C06-27E"
"P23220","EPEXFT","1-1/2x1-1/2x3/4 Brass F1960 EXPN PEX Tee","60","120","0","C06-27E"
"P23221","EPEXFT","1-1/2x1-1/2x1 Brass F1960 EXPN PEX Tee","20","40","0","C06-27E"
"P23222","EPEXFT","1-1/2x1-1/2x1-1/4 Brass F1960 EXPN PEX Tee","20","40","0","C06-27E"
"P23223","EPEXFT","1-1/2 Brass F1960 EXPN PEX Tee","20","40","0","C06-27E"
"P23224","EPEXFT","2 Brass F1960 EXPN PEX Tee","20","40","0","C06-27E"
"P23225","EPEXFT","2x1-1/4x1-1/4 Brass F1960 EXPN PEX Tee","20","40","0","C06-27E"
"P23226","EPEXFT","2x1-1/2x3/4 Brass F1960 EXPN PEX Tee","20","40","0","C06-27E"
"P23227","EPEXFT","2x1-1/2x1 Brass F1960 EXPN PEX Tee","20","40","0","C06-27E"
"P23228","EPEXFT","2x1-1/2x1-1/4 Brass F1960 EXPN PEX Tee","20","40","0","C06-27E"
"P23229","EPEXFT","2x1-1/2x1-1/2 Brass F1960 EXPN PEX Tee","20","40","0","C06-27E"
"P23230","EPEXFT","2x2x3/4 Brass F1960 EXPN PEX Tee","20","40","0","C06-27E"
"P23231","EPEXFT","2x2x1 Brass F1960 EXPN PEX Tee","20","40","0","C06-27E"
"P23232","EPEXFT","2x2x1-1/4 Brass F1960 EXPN PEX Tee","20","40","0","C06-27E"
"P23233","EPEXFT","2x2x1-1/2 Brass F1960 EXPN PEX Tee","20","40","0","C06-27E"
"P23234","EPEXFT","1/2 Brass F1960 EXPN PEXxPEXxFIP Tee","280","560","0","C06-27E"
"P23235","EPEXFT","3/8 Brass F1960 EXPN PEX 90 Elbow","1000","2000","0","C06-27E"
"P23236","EPEXFT","1-1/4 Brass F1960 EXPN PEX 90 Elbow","100","200","0","C06-27E"
"P23237","EPEXFT","1-1/2 Brass F1960 EXPN PEX 90 Elbow","60","120","0","C06-27E"
"P23238","EPEXFT","2 Brass F1960 EXPN PEX 90 Elbow","60","120","0","C06-27E"
"P23239","EPEXFT","3/8x1/2 Brass F1960 EXPN PEX 90 Elbow","1000","2000","0","C06-27E"
"P23240","EPEXFT","1x3/4 Brass F1960 EXPN PEX 90 Elbow","120","240","0","C06-27E"
"P23241","EPEXFT","1/2 Brass F1960 EXPN PEX x FIP Elbow","400","800","0","C06-27E"
"P23242","EPEXFT","3/4x1/2 Brass F1960 EXPN PEX x FIP Elbow","200","400","0","C06-27E"
"P23243","EPEXFT","3/4 Brass F1960 EXPN PEX x FIP Elbow","200","400","0","C06-27E"
"P23244","EPEXFT","3/8 Brass F1960 EXPN PEX x MIP Elbow","1000","2000","0","C06-27E"
"P23245","EPEXFT","3/8x1/2 Brass F1960 EXPN PEX x MIP Elbow","1000","2000","0","C06-27E"
"P23246","EPEXFT","1/2x3/8 Brass F1960 EXPN PEX x MIP Elbow","600","1200","0","C06-27E"
"P23248","EPEXFT","3/4x1/2 Brass F1960 EXPN PEX x MIP Elbow","320","640","0","C06-27E"
"P23250","EPEXFT","3/8x1/2 Brass F1960 EXPN PEX CPLG","1000","2000","0","C06-27E"
"P23251","EPEXFT","1/2x3/4 Brass F1960 EXPN PEX CPLG","600","1200","0","C06-27E"
"P23252","EPEXFT","3/4x1 Brass F1960 EXPN PEX CPLG","300","600","0","C06-27E"
"P23253","EPEXFT","1-1/4x1 Brass F1960 EXPN PEX CPLG","100","200","0","C06-27E"
"P23254","EPEXFT","1-1/4 Brass F1960 EXPN PEX CPLG","100","200","0","C06-27E"
"P23255","EPEXFT","1-1/4x3/4 Brass F1960 EXPN PEX CPLG","100","200","0","C06-27E"
"P23256","EPEXFT","1-1/2x3/4 Brass F1960 EXPN PEX CPLG","120","240","0","C06-27E"
"P23257","EPEXFT","1-1/2x1 Brass F1960 EXPN PEX CPLG","120","240","0","C06-27E"
"P23258","EPEXFT","1-1/2x1-1/4 Brass F1960 EXPN PEX CPLG","80","160","0","C06-27E"
"P23259","EPEXFT","1-1/2 Brass F1960 EXPN PEX CPLG","120","240","0","C06-27E"
"P23260","EPEXFT","2 Brass F1960 EXPN PEX CPLG","20","40","0","C06-27E"
"P23261","EPEXFT","2x1 Brass F1960 EXPN PEX CPLG","20","40","0","C06-27E"
"P23262","EPEXFT","2x1-1/4 Brass F1960 EXPN PEX CPLG","20","40","0","C06-27E"
"P23263","EPEXFT","2x1-1/2 Brass F1960 EXPN PEX CPLG","80","160","0","C06-27E"
"P23264","EPEXFT","3/8 Brass F1960 EXPN PEX x MIP ADPT","1000","2000","0","C06-27E"
"P23265","EPEXFT","3/8x1/2 Brass F1960 EXPN PEX x MIP ADPT","1000","2000","0","C06-27E"
"P23266","EPEXFT","1/2x3/8 Brass F1960 EXPN PEX x MIP ADPT","600","1200","0","C06-27E"
"P23267","EPEXFT","1-1/4x1 Brass F1960 EXPN PEX x MIP ADPT","100","200","0","C06-27E"
"P23268","EPEXFT","1-1/4 Brass F1960 EXPN PEX x MIP ADPT","120","240","0","C06-27E"
"P23269","EPEXFT","1-1/2x1-1/4 Brass F1960 EXPN PEX x MIP ADPT","20","40","0","C06-27E"
"P23270","EPEXFT","1-1/2 Brass F1960 EXPN PEX x MIP ADPT","100","200","0","C06-27E"
"P23271","EPEXFT","2x1-1/2 Brass F1960 EXPN PEX x MIP ADPT","20","40","0","C06-27E"
"P23272","EPEXFT","2 Brass F1960 EXPN PEX x MIP ADPT","20","40","0","C06-27E"
"P23273","EPEXFT","3/8x1/2 Brass F1960 EXPN PEX x FIP Adapter","1000","2000","0","C06-27E"
"P23274","EPEXFT","3/8 Brass F1960 EXPN PEX x FIP Adapter","1000","2000","0","C06-27E"
"P23275","EPEXFT","3/4x1 Brass F1960 EXPN PEX x FIP Adapter","200","400","0","C06-27E"
"P23276","EPEXFT","1x3/4 Brass F1960 EXPN PEX x FIP Adapter","120","240","0","C06-27E"
"P23277","EPEXFT","1-1/4 Brass F1960 EXPN PEX x FIP Adapter","120","240","0","C06-27E"
"P23278","EPEXFT","3/8x1/2 Brass F1960 EXPN PEX x Male Cop ADPT","1000","2000","0","C06-27E"
"P23279","EPEXFT","5/8x3/4 Brass F1960 EXPN PEX x Male Cop ADPT","600","1200","0","C06-27E"
"P23280","EPEXFT","1-1/4 Brass F1960 EXPN PEX x Male Cop ADPT","180","360","0","C06-27E"
"P23281","EPEXFT","1-1/2 Brass F1960 EXPN PEX x Male Cop ADPT","120","240","0","C06-27E"
"P23282","EPEXFT","2x1-1/2 Brass F1960 EXPN PEX x Male Cop ADPT","20","40","0","C06-27E"
"P23283","EPEXFT","2 Brass F1960 EXPN PEX x Male Cop ADPT","60","120","0","C06-27E"
"P23284","EPEXFT","3/4x1/2 Brass F1960 EXPN PEX x Fem Cop ADPT","500","1000","0","C06-27E"
"P23285","EPEXFT","5/8x3/4 Brass F1960 EXPN PEX x Fem Cop ADPT","600","1200","0","C06-27E"
"P23286","EPEXFT","1x3/4 Brass F1960 EXPN PEX x Fem Cop ADPT","240","480","0","C06-27E"
"P23287","EPEXFT","1-1/4 Brass F1960 EXPN PEX x Fem Cop ADPT","160","320","0","C06-27E"
"P23288","EPEXFT","1-1/2 Brass F1960 EXPN PEX x Fem Cop ADPT","120","240","0","C06-27E"
"P23289","EPEXFT","2 Brass F1960 EXPN PEX x Fem Cop ADPT","60","120","0","C06-27E"
"P23290","EPEXFT","1/2 Brass F1960 EXPN PEX Transition CPLG","400","800","0","C06-27E"
"P23291","EPEXFT","3/4 Brass F1960 EXPN PEX Transition CPLG","200","400","0","C06-27E"
"P23292","EPEXFT","3/8 Brass F1960 EXPN PEX Plug","1000","2000","0","C06-27E"
"P23293","EPEXFT","3/4x1/2 Brass F1960 EXPN PEX Drop Ear Elbow PEXxFIP","200","400","0","C06-27E"
"P23294","EPEXFT","1/2 Brass F1960 EXPN PEX Drop Ear Tee PEXxPEXxFIP","200","400","0","C06-27E"
"P23295","EPEXFT","3/4 Brass F1960 EXPN PEX Drop Ear Tee PEXxPEXxFIP","200","400","0","C06-27E"
"P23296","EPEXFT","1/2 Brass F1960 EXPN PEX x Fem Cop 90 Elbow","160","320","0","C06-27E"
"P23297","EPEXFT","3/4x1/2 Brass F1960 EXPN PEX x Fem Cop 90 Elbow","500","1000","0","C06-27E"
"P23298","EPEXFT","1 Brass F1960 EXPN PEX x FTG Male Cop 90 Elbow","120","240","0","C06-27E"
"P23299","EPEXFT","1/2 Brass F1960 EXPN PEX x Fem Swivel 90 Elbow","240","480","0","C06-27E"
"P23300","EPEXFT","3/4x1/2 Brass F1960 EXPN PEX x FIP Swivel Adapter","200","400","0","C06-27E"
"P23301","EPEXFT","1/2 Brass F1960 EXPN PEX x FIP Swivel Adapter","400","800","0","C06-27E"
"P12251","EPPSU","2x1-1/4 EPPSU F1960 EXPN PEX CPLG","28","56","0","C06-31E"
"P12488","EPPSU","3/4 EPPSU F1960 EXPN PEX 90 Elbow","2,475","4,950","8864","C06-31A"
"P12489","EPPSU","1/2 EPPSU F1960 EXPN PEX 90 Elbow","7200","21600","10900","C06-31B"
"P12490","EPPSU","1 EPPSU F1960 EXPN PEX 90 Elbow","480","1440","1216","C06-31B"
"P12491","EPPSU","1/2 EPPSU F1960 EXPN PEX Plug","7000","21000","8400","C06-31B"
"P12492","EPPSU","1/2 EPPSU F1960 EXPN PEX Tee","3200","9600","3565","C06-31B"
"P12493","EPPSU","3/4x3/4x1/2 EPPSU F1960 EXPN PEX Tee","2600","4800","13970","C06-31A"
"P12494","EPPSU","1/2 EPPSU F1960 EXPN PEX CPLG","3600","10800","5445","C06-29B"
"P12495","EPPSU","3/4 EPPSU F1960 EXPN PEX CPLG","3200","9600","3375","C06-29B"
"P12496","EPPSU","3/4 EPPSU F1960 EXPN PEX Tee","1920","5760","7554","C06-29C"
"P12497","EPPSU","1 EPPSU F1960 EXPN PEX CPLG","800","2400","174","C06-29B"
"P12498","EPPSU","1x1x3/4 EPPSU F1960 EXPN PEX Tee","360","1080","310","C06-31C"
"P12499","EPPSU","1x1x1/2 EPPSU F1960 EXPN PEX Tee","450","1050","1346","C06-29D"
"P12500","EPPSU","3/4x1/2 EPPSU F1960 EXPN PEX CPLG","2200","6600","2375","C06-29B"
"P12501","EPPSU","1 EPPSU F1960 EXPN PEX Tee","320","960","21","C06-29C"
"P12502","EPPSU","1x3/4 EPPSU F1960 EXPN PEX CPLG","960","2880","1506","C06-29B"
"P12503","EPPSU","3/4x1/2x1/2 EPPSU F1960 EXPN PEX Tee","2800","8400","2659","C06-31C"
"P12504","EPPSU","3/4x1/2x3/4 EPPSU F1960 EXPN PEX Tee","1600","4800","1280","C06-29C"
"P12505","EPPSU","3/4 EPPSU F1960 EXPN PEX Plug","7000","21000","3225","C06-29C"
"P12506","EPPSU","1x3/4x3/4 EPPSU F1960 EXPN PEX Tee","600","1800","401","C06-31C"
"P12507","EPPSU","1/2x1/2x3/4 EPPSU F1960 EXPN PEX Tee","700","1400","0","C06-31E"
"P12508","EPPSU","3/4 EPPSU F1960 EXPN PEX x MPT ADPT","1000","2000","0","C06-31E"
"P12509","EPPSU","1 EPPSU F1960 EXPN PEX Plug","2000","6000","1004","C06-31B"
"P12510","EPPSU","1x1/2 EPPSU F1960 EXPN PEX CPLG","600","1200","0","C06-31E"
"P12511","EPPSU","3/4x1/2 EPPSU F1960 EXPN PEX 90 Elbow","1100","2200","0","C06-31E"
"P12513","EPPSU","1x3/4x1 EPPSU F1960 EXPN PEX Tee","400","1200","0","C06-31C"
"P12514","EPPSU","1/2 EPPSU F1960 PEX EXPN RING","21,000","42,000","221294","C06-29A"
"P12515","EPPSU","3/4 EPPSU F1960 PEX EXPN RING","21450","39650","46490","C06-29A"
"P12516","EPPSU","1 EPPSU F1960 PEX EXPN RING","3600","10800","126","C06-31C"
"P12518","EPPSU","2 EPPSU F1960 PEX EXPN RING","150","350","630","C06-29D"
"P12542","EPPSU","1x1/2x1 EPPSU F1960 EXPN PEX Tee","300","600","0","C06-31E"
"P13052","EPPSU","3/8 EPPSU F1960 PEX CPLG","240","480","0","C06-31E"
"P13054","EPPSU","3/8 EPPSU F1960 PEX EXPN RING","240","480","0","C06-31E"
"P13055","EPPSU","5/8 EPPSU F1960 PEX CPLG","240","480","0","C06-31E"
"P13057","EPPSU","5/8 EPPSU F1960 PEX EXPN RING","240","480","0","C06-31E"
"P13080","EPPSU","3/4x3/4x1 EPPSU F1960 EXPN PEX Tee","240","480","0","C06-31E"
"P13087","EPPSU","1-1/4 EPPSU F1960 PEX EXPN RING","600","1400","780","C06-29D"
"P13088","EPPSU","1-1/2 EPPSU F1960 PEX EXPN RING","360","840","2530","C06-29D"
"P13410","EPPSU","1-1/4 EPPSU F1960 EXPN PEX 90 Elbow","280","840","268","C06-31B"
"P13411","EPPSU","1-1/2 EPPSU F1960 EXPN PEX 90 Elbow","172","516","131","C06-31B"
"P13412","EPPSU","2 EPPSU F1960 EXPN PEX 90 Elbow","51","119","289","C06-29D"
"P13414","EPPSU","1-1/4 EPPSU F1960 EXPN PEX CPLG","480","1440","335","C06-29B"
"P13415","EPPSU","1-1/2 EPPSU F1960 EXPN PEX CPLG","240","560","80","C06-29D"
"P13416","EPPSU","2 EPPSU F1960 EXPN PEX CPLG","160","480","108","C06-29B"
"P13417","EPPSU","1-1/4x3/4 EPPSU F1960 EXPN PEX CPLG","400","800","0","C06-31E"
"P13418","EPPSU","1-1/4x1 EPPSU F1960 EXPN PEX CPLG","560","1680","390","C06-31B"
"P13419","EPPSU","1-1/2x1-1/4 EPPSU F1960 EXPN PEX CPLG","160","320","0","C06-31E"
"P13423","EPPSU","2x1-1/2 EPPSU F1960 EXPN PEX CPLG","60","120","90","C06-31E"
"P13424","EPPSU","1-1/4 EPPSU F1960 EXPN PEX Plug","400","800","150","C06-31E"
"P13425","EPPSU","1-1/2 EPPSU F1960 EXPN PEX Plug","300","700","180","C06-29D"
"P13426","EPPSU","2 EPPSU F1960 EXPN PEX Plug","80","160","8","C06-29E"
"P13427","EPPSU","1-1/4 EPPSU F1960 EXPN PEX Tee","160","480","361","C06-29C"
"P13428","EPPSU","1-1/2 EPPSU F1960 EXPN PEX Tee","160","320","40","C06-31E"
"P13429","EPPSU","2 EPPSU F1960 EXPN PEX Tee","48","144","72","C06-29C"
"P13430","EPPSU","1-1/4x1-1/4x1/2 EPPSU F1960 EXPN PEX Tee","400","800","0","C06-31E"
"P13431","EPPSU","1-1/4x1-1/4x3/4 EPPSU F1960 EXPN PEX Tee","600","1400","135","C06-31D"
"P13432","EPPSU","1-1/4x1-1/4x1 EPPSU F1960 EXPN PEX Tee","180","540","405","C06-29C"
"P13433","EPPSU","1-1/2x1x1-1/2 EPPSU F1960 EXPN PEX Tee","160","320","0","C06-31E"
"P13434","EPPSU","1-1/2x1-1/2x3/4 EPPSU F1960 EXPN PEX Tee","160","320","100","C06-31E"
"P13435","EPPSU","1-1/2x1-1/2x1 EPPSU F1960 EXPN PEX Tee","90","210","55","C06-31D"
"P13436","EPPSU","1-1/2x1-1/2x1-1/4 EPPSU F1960 EXPN PEX Tee","75","175","75","C06-29D"
"P13437","EPPSU","2x2x1 EPPSU F1960 EXPN PEX Tee","28","56","0","C06-31E"
"P13438","EPPSU","2x2x1-1/4 EPPSU F1960 EXPN PEX Tee","42","98","14","C06-31D"
"P13439","EPPSU","2x2x1-1/2 EPPSU F1960 EXPN PEX Tee","28","56","0","C06-31E"
"P13440","EPPSU","3/4x1/2 EPPSU F1960 EXPN PEX Open Manifold (3 Outlet)","240","480","0","C06-31E"
"P13441","EPPSU","3/4x1/2 EPPSU F1960 EXPN PEX Open Manifold (4 Outlet)","180","360","0","C06-31E"
"P13442","EPPSU","3/4x1/2 EPPSU F1960 EXPN PEX Closed Manifold (3 Outlet)","240","480","0","C06-31E"
"P13443","EPPSU","3/4x1/2 EPPSU F1960 EXPN PEX Closed Manifold (4 Outlet)","190","380","0","C06-31E"
"P13456","EPPSU","3/4x1/2 EPPSU F1960 EXPN PEX Open Manifold (2 Outlet)","240","480","0","C06-31E"
"P13457","EPPSU","3/4x1/2 EPPSU F1960 EXPN PEX Open Manifold (6 Outlet)","240","480","0","C06-31E"
"P13458","EPPSU","3/4x1/2 EPPSU F1960 EXPN PEX Closed Manifold (6 Outlet)","240","480","0","C06-31E"
"P10749","EPPSU","1/2 EPPSU F1960 EXPN PEX x MPT ADPT","700","1400","0","C06-31E"
"P11524","EPPSU","1 EPPSU F1960 EXPN PEX x MPT ADPT","300","600","0","C06-31E"
"P11998","EPPSU","1-1/4x1x1 EPPSU F1960 EXPN PEX Tee","400","800","0","C06-31E"
"P11999","EPPSU","1-1/2x1x1 EPPSU F1960 EXPN PEX Tee","160","320","50","C06-31E"
"P12093","EPPSU","2x1-1/2x1-1/2 EPPSU F1960 EXPN PEX Tee","28","56","0","C06-31E"
"P12120","EPPSU","1-1/2x1 EPPSU F1960 EXPN PEX CPLG","160","320","50","C06-31E"
"P13700","GASC","3/8 ID (1/2 OD) 12"" Yellow Gas Connector 1/2 MIP x 1/2 FIP","50","150","150","C06-22B"
"P13701","GASC","3/8 ID (1/2 OD) 18"" Yellow Gas Connector 1/2 MIP x 1/2 FIP","50","150","150","C06-22B"
"P13702","GASC","3/8 ID (1/2 OD) 24"" Yellow Gas Connector 1/2 MIP x 1/2 FIP","50","150","150","C06-22B"
"P13703","GASC","3/8 ID (1/2 OD) 30"" Yellow Gas Connector 1/2 MIP x 1/2 FIP","50","150","0","C06-24C"
"P13704","GASC","3/8 ID (1/2 OD) 36"" Yellow Gas Connector 1/2 MIP x 1/2 FIP","50","150","150","C06-22B"
"P13705","GASC","3/8 ID (1/2 OD) 48"" Yellow Gas Connector 1/2 MIP x 1/2 FIP","50","100","25","C06-22E"
"P13706","GASC","3/8 ID (1/2 OD) 60"" Yellow Gas Connector 1/2 MIP x 1/2 FIP","24","48","60","C06-22D"
"P13707","GASC","3/8 ID (1/2 OD) 72"" Yellow Gas Connector 1/2 MIP x 1/2 FIP","24","72","0","C06-24C"
"P13708","GASC","3/8 ID (1/2 OD) 12"" Yellow Gas Connector 1/2 MIP x 1/2 MIP","50","150","0","C06-24B"
"P13709","GASC","3/8 ID (1/2 OD) 18"" Yellow Gas Connector 1/2 MIP x 1/2 MIP","50","150","0","C06-24B"
"P13710","GASC","3/8 ID (1/2 OD) 24"" Yellow Gas Connector 1/2 MIP x 1/2 MIP","100","250","100","C06-22A"
"P13711","GASC","3/8 ID (1/2 OD) 30"" Yellow Gas Connector 1/2 MIP x 1/2 MIP","50","150","0","C06-24C"
"P13712","GASC","3/8 ID (1/2 OD) 36"" Yellow Gas Connector 1/2 MIP x 1/2 MIP","50","150","25","C06-22B"
"P13713","GASC","3/8 ID (1/2 OD) 48"" Yellow Gas Connector 1/2 MIP x 1/2 MIP","50","100","150","C06-22E"
"P13714","GASC","3/8 ID (1/2 OD) 60"" Yellow Gas Connector 1/2 MIP x 1/2 MIP","24","72","0","C06-24C"
"P13715","GASC","3/8 ID (1/2 OD) 72"" Yellow Gas Connector 1/2 MIP x 1/2 MIP","24","72","0","C06-24C"
"P13716","GASC","1/2 ID (5/8 OD) 12"" Yellow Gas Connector 1/2 MIP x 1/2 FIP","50","100","0","C06-22D"
"P13717","GASC","1/2 ID (5/8 OD) 18"" Yellow Gas Connector 1/2 MIP x 1/2 FIP","100","250","25","C06-22A"
"P13718","GASC","1/2 ID (5/8 OD) 24"" Yellow Gas Connector 1/2 MIP x 1/2 FIP","50","150","54","C06-22B"
"P13719","GASC","1/2 ID (5/8 OD) 30"" Yellow Gas Connector 1/2 MIP x 1/2 FIP","50","150","25","C06-22B"
"P13720","GASC","1/2 ID (5/8 OD) 36"" Yellow Gas Connector 1/2 MIP x 1/2 FIP","50","150","133","C06-22C"
"P13721","GASC","1/2 ID (5/8 OD) 48"" Yellow Gas Connector 1/2 MIP x 1/2 FIP","100","250","27","C06-22A"
"P13722","GASC","1/2 ID (5/8 OD) 60"" Yellow Gas Connector 1/2 MIP x 1/2 FIP","24","72","23","C06-22C"
"P13723","GASC","1/2 ID (5/8 OD) 72"" Yellow Gas Connector 1/2 MIP x 1/2 FIP","24","72","6","C06-22B"
"P13724","GASC","1/2 ID (5/8 OD) 12"" Yellow Gas Connector 1/2 MIP x 1/2 MIP","50","100","0","C06-22D"
"P13725","GASC","1/2 ID (5/8 OD) 18"" Yellow Gas Connector 1/2 MIP x 1/2 MIP","50","150","25","C06-22B"
"P13726","GASC","1/2 ID (5/8 OD) 24"" Yellow Gas Connector 1/2 MIP x 1/2 MIP","100","250","0","C06-22A"
"P13727","GASC","1/2 ID (5/8 OD) 30"" Yellow Gas Connector 1/2 MIP x 1/2 MIP","50","150","25","C06-22C"
"P13728","GASC","1/2 ID (5/8 OD) 36"" Yellow Gas Connector 1/2 MIP x 1/2 MIP","100","250","0","C06-22A"
"P13729","GASC","1/2 ID (5/8 OD) 48"" Yellow Gas Connector 1/2 MIP x 1/2 MIP","50","100","50","C06-22E"
"P13730","GASC","1/2 ID (5/8 OD) 60"" Yellow Gas Connector 1/2 MIP x 1/2 MIP","48","120","80","C06-22A"
"P13731","GASC","1/2 ID (5/8 OD) 72"" Yellow Gas Connector 1/2 MIP x 1/2 MIP","24","48","0","C06-22D"
"P13732","GASC","3/4 ID (1 OD) 12"" Yellow Gas Connector 1/2 MIP x 1/2 FIP","50","150","0","C06-24C"
"P13733","GASC","3/4 ID (1 OD) 18"" Yellow Gas Connector 1/2 MIP x 1/2 FIP","50","150","0","C06-24C"
"P13734","GASC","3/4 ID (1 OD) 24"" Yellow Gas Connector 1/2 MIP x 1/2 FIP","50","150","0","C06-24C"
"P13735","GASC","3/4 ID (1 OD) 30"" Yellow Gas Connector 1/2 MIP x 1/2 FIP","50","150","0","C06-24C"
"P13736","GASC","3/4 ID (1 OD) 36"" Yellow Gas Connector 1/2 MIP x 1/2 FIP","50","150","0","C06-24C"
"P13737","GASC","3/4 ID (1 OD) 48"" Yellow Gas Connector 1/2 MIP x 1/2 FIP","50","150","0","C06-24C"
"P13738","GASC","3/4 ID (1 OD) 60"" Yellow Gas Connector 1/2 MIP x 1/2 FIP","24","72","0","C06-24C"
"P13739","GASC","3/4 ID (1 OD) 72"" Yellow Gas Connector 1/2 MIP x 1/2 FIP","24","72","0","C06-24C"
"P13740","GASC","3/4 ID (1 OD) 12"" Yellow Gas Connector 1/2 MIP x 1/2 MIP","50","150","0","C06-24C"
"P13741","GASC","3/4 ID (1 OD) 18"" Yellow Gas Connector 1/2 MIP x 1/2 MIP","50","150","0","C06-24C"
"P13742","GASC","3/4 ID (1 OD) 24"" Yellow Gas Connector 1/2 MIP x 1/2 MIP","50","150","0","C06-24C"
"P13743","GASC","3/4 ID (1 OD) 30"" Yellow Gas Connector 1/2 MIP x 1/2 MIP","50","150","0","C06-24C"
"P13744","GASC","3/4 ID (1 OD) 36"" Yellow Gas Connector 1/2 MIP x 1/2 MIP","50","150","0","C06-24C"
"P13745","GASC","3/4 ID (1 OD) 48"" Yellow Gas Connector 1/2 MIP x 1/2 MIP","50","150","0","C06-24C"
"P13746","GASC","3/4 ID (1 OD) 60"" Yellow Gas Connector 1/2 MIP x 1/2 MIP","24","72","0","C06-24C"
"P13747","GASC","3/4 ID (1 OD) 72"" Yellow Gas Connector 1/2 MIP x 1/2 MIP","24","72","0","C06-24C"
"P13748","GASC","3/8 ID (1/2 OD) 12"" Yellow Gas Connector 3/4 MIP x 3/4 FIP","50","150","0","C06-24C"
"P13749","GASC","3/8 ID (1/2 OD) 18"" Yellow Gas Connector 3/4 MIP x 3/4 FIP","50","150","0","C06-24C"
"P13750","GASC","3/8 ID (1/2 OD) 24"" Yellow Gas Connector 3/4 MIP x 3/4 FIP","50","150","0","C06-24B"
"P13751","GASC","3/8 ID (1/2 OD) 30"" Yellow Gas Connector 3/4 MIP x 3/4 FIP","50","150","0","C06-24C"
"P13752","GASC","3/8 ID (1/2 OD) 36"" Yellow Gas Connector 3/4 MIP x 3/4 FIP","50","150","0","C06-24B"
"P13753","GASC","3/8 ID (1/2 OD) 48"" Yellow Gas Connector 3/4 MIP x 3/4 FIP","50","150","0","C06-24C"
"P13754","GASC","3/8 ID (1/2 OD) 60"" Yellow Gas Connector 3/4 MIP x 3/4 FIP","24","72","0","C06-24C"
"P13755","GASC","3/8 ID (1/2 OD) 72"" Yellow Gas Connector 3/4 MIP x 3/4 FIP","24","72","0","C06-24C"
"P13756","GASC","3/8 ID (1/2 OD) 12"" Yellow Gas Connector 3/4 MIP x 3/4 MIP","50","150","0","C06-24C"
"P13757","GASC","3/8 ID (1/2 OD) 18"" Yellow Gas Connector 3/4 MIP x 3/4 MIP","50","150","0","C06-24C"
"P13758","GASC","3/8 ID (1/2 OD) 24"" Yellow Gas Connector 3/4 MIP x 3/4 MIP","50","150","0","C06-24B"
"P13759","GASC","3/8 ID (1/2 OD) 30"" Yellow Gas Connector 3/4 MIP x 3/4 MIP","50","150","0","C06-24C"
"P13760","GASC","3/8 ID (1/2 OD) 36"" Yellow Gas Connector 3/4 MIP x 3/4 MIP","50","150","9","C06-24B"
"P13761","GASC","3/8 ID (1/2 OD) 48"" Yellow Gas Connector 3/4 MIP x 3/4 MIP","50","150","0","C06-24B"
"P13762","GASC","3/8 ID (1/2 OD) 60"" Yellow Gas Connector 3/4 MIP x 3/4 MIP","24","72","0","C06-24C"
"P13763","GASC","3/8 ID (1/2 OD) 72"" Yellow Gas Connector 3/4 MIP x 3/4 MIP","24","72","0","C06-24C"
"P13764","GASC","1/2 ID (5/8 OD) 12"" Yellow Gas Connector 3/4 MIP x 3/4 FIP","50","150","0","C06-24B"
"P13765","GASC","1/2 ID (5/8 OD) 18"" Yellow Gas Connector 3/4 MIP x 3/4 FIP","50","150","0","C06-24B"
"P13766","GASC","1/2 ID (5/8 OD) 24"" Yellow Gas Connector 3/4 MIP x 3/4 FIP","100","250","175","C06-22A"
"P13767","GASC","1/2 ID (5/8 OD) 30"" Yellow Gas Connector 3/4 MIP x 3/4 FIP","50","150","0","C06-24C"
"P13768","GASC","1/2 ID (5/8 OD) 36"" Yellow Gas Connector 3/4 MIP x 3/4 FIP","50","150","15","C06-24B"
"P13769","GASC","1/2 ID (5/8 OD) 48"" Yellow Gas Connector 3/4 MIP x 3/4 FIP","50","100","25","C06-22E"
"P13770","GASC","1/2 ID (5/8 OD) 60"" Yellow Gas Connector 3/4 MIP x 3/4 FIP","24","72","0","C06-24B"
"P13771","GASC","1/2 ID (5/8 OD) 72"" Yellow Gas Connector 3/4 MIP x 3/4 FIP","24","72","0","C06-24C"
"P13772","GASC","1/2 ID (5/8 OD) 12"" Yellow Gas Connector 3/4 MIP x 3/4 MIP","50","150","0","C06-24C"
"P13773","GASC","1/2 ID (5/8 OD) 18"" Yellow Gas Connector 3/4 MIP x 3/4 MIP","50","150","25","C06-22B"
"P13774","GASC","1/2 ID (5/8 OD) 24"" Yellow Gas Connector 3/4 MIP x 3/4 MIP","100","250","225","C06-22A"
"P13775","GASC","1/2 ID (5/8 OD) 30"" Yellow Gas Connector 3/4 MIP x 3/4 MIP","50","150","0","C06-24C"
"P13776","GASC","1/2 ID (5/8 OD) 36"" Yellow Gas Connector 3/4 MIP x 3/4 MIP","50","150","0","C06-22C"
"P13777","GASC","1/2 ID (5/8 OD) 48"" Yellow Gas Connector 3/4 MIP x 3/4 MIP","50","150","0","C06-24B"
"P13778","GASC","1/2 ID (5/8 OD) 60"" Yellow Gas Connector 3/4 MIP x 3/4 MIP","24","72","0","C06-24C"
"P13779","GASC","1/2 ID (5/8 OD) 72"" Yellow Gas Connector 3/4 MIP x 3/4 MIP","24","72","0","C06-24C"
"P13780","GASC","3/4 ID (1 OD) 12"" Yellow Gas Connector 3/4 MIP x 3/4 FIP","50","150","0","C06-24B"
"P13781","GASC","3/4 ID (1 OD) 18"" Yellow Gas Connector 3/4 MIP x 3/4 FIP","50","150","0","C06-24B"
"P13782","GASC","3/4 ID (1 OD) 24"" Yellow Gas Connector 3/4 MIP x 3/4 FIP","50","150","7","C06-24B"
"P13783","GASC","3/4 ID (1 OD) 30"" Yellow Gas Connector 3/4 MIP x 3/4 FIP","50","150","0","C06-24C"
"P13784","GASC","3/4 ID (1 OD) 36"" Yellow Gas Connector 3/4 MIP x 3/4 FIP","50","150","4","C06-22C"
"P13785","GASC","3/4 ID (1 OD) 48"" Yellow Gas Connector 3/4 MIP x 3/4 FIP","50","150","3","C06-24B"
"P13786","GASC","3/4 ID (1 OD) 60"" Yellow Gas Connector 3/4 MIP x 3/4 FIP","24","72","0","C06-24C"
"P13787","GASC","3/4 ID (1 OD) 72"" Yellow Gas Connector 3/4 MIP x 3/4 FIP","24","72","0","C06-24C"
"P13788","GASC","3/4 ID (1 OD) 12"" Yellow Gas Connector 3/4 MIP x 3/4 MIP","50","150","0","C06-24C"
"P13789","GASC","3/4 ID (1 OD) 18"" Yellow Gas Connector 3/4 MIP x 3/4 MIP","50","150","0","C06-24C"
"P13790","GASC","3/4 ID (1 OD) 24"" Yellow Gas Connector 3/4 MIP x 3/4 MIP","50","150","-50","C06-24C"
"P13791","GASC","3/4 ID (1 OD) 30"" Yellow Gas Connector 3/4 MIP x 3/4 MIP","50","150","0","C06-24C"
"P13792","GASC","3/4 ID (1 OD) 36"" Yellow Gas Connector 3/4 MIP x 3/4 MIP","50","150","0","C06-24B"
"P13793","GASC","3/4 ID (1 OD) 48"" Yellow Gas Connector 3/4 MIP x 3/4 MIP","50","150","120","C06-24B"
"P13794","GASC","3/4 ID (1 OD) 60"" Yellow Gas Connector 3/4 MIP x 3/4 MIP","24","72","0","C06-24C"
"P13795","GASC","3/4 ID (1 OD) 72"" Yellow Gas Connector 3/4 MIP x 3/4 MIP","24","72","0","C06-24C"
"P13796","GASC","3/8 ID (1/2 OD) 12"" Yellow Gas Connector 3/4 MIP x 1/2 FIP","50","150","0","C06-24C"
"P13797","GASC","3/8 ID (1/2 OD) 18"" Yellow Gas Connector 3/4 MIP x 1/2 FIP","50","150","0","C06-24C"
"P13798","GASC","3/8 ID (1/2 OD) 24"" Yellow Gas Connector 3/4 MIP x 1/2 FIP","50","150","0","C06-24C"
"P13799","GASC","3/8 ID (1/2 OD) 30"" Yellow Gas Connector 3/4 MIP x 1/2 FIP","50","150","0","C06-24C"
"P13800","GASC","3/8 ID (1/2 OD) 36"" Yellow Gas Connector 3/4 MIP x 1/2 FIP","50","150","0","C06-24C"
"P13801","GASC","3/8 ID (1/2 OD) 48"" Yellow Gas Connector 3/4 MIP x 1/2 FIP","50","150","0","C06-24C"
"P13802","GASC","3/8 ID (1/2 OD) 60"" Yellow Gas Connector 3/4 MIP x 1/2 FIP","24","48","72","C06-22D"
"P13803","GASC","3/8 ID (1/2 OD) 72"" Yellow Gas Connector 3/4 MIP x 1/2 FIP","24","48","36","C06-22D"
"P13804","GASC","3/8 ID (1/2 OD) 12"" Yellow Gas Connector 3/4 MIP x 1/2 MIP","50","150","0","C06-24C"
"P13805","GASC","3/8 ID (1/2 OD) 18"" Yellow Gas Connector 3/4 MIP x 1/2 MIP","50","150","0","C06-24C"
"P13806","GASC","3/8 ID (1/2 OD) 24"" Yellow Gas Connector 3/4 MIP x 1/2 MIP","50","150","0","C06-24C"
"P13807","GASC","3/8 ID (1/2 OD) 30"" Yellow Gas Connector 3/4 MIP x 1/2 MIP","50","150","0","C06-24C"
"P13808","GASC","3/8 ID (1/2 OD) 36"" Yellow Gas Connector 3/4 MIP x 1/2 MIP","50","150","0","C06-24C"
"P13809","GASC","3/8 ID (1/2 OD) 48"" Yellow Gas Connector 3/4 MIP x 1/2 MIP","50","150","0","C06-24C"
"P13810","GASC","3/8 ID (1/2 OD) 60"" Yellow Gas Connector 3/4 MIP x 1/2 MIP","24","72","0","C06-24C"
"P13811","GASC","3/8 ID (1/2 OD) 72"" Yellow Gas Connector 3/4 MIP x 1/2 MIP","24","72","0","C06-24C"
"P13812","GASC","1/2 ID (5/8 OD) 12"" Yellow Gas Connector 3/4 MIP x 1/2 FIP","50","150","0","C06-24C"
"P13813","GASC","1/2 ID (5/8 OD) 18"" Yellow Gas Connector 3/4 MIP x 1/2 FIP","50","150","0","C06-24C"
"P13814","GASC","1/2 ID (5/8 OD) 24"" Yellow Gas Connector 3/4 MIP x 1/2 FIP","50","100","0","C06-22D"
"P13815","GASC","1/2 ID (5/8 OD) 30"" Yellow Gas Connector 3/4 MIP x 1/2 FIP","50","150","0","C06-24C"
"P13816","GASC","1/2 ID (5/8 OD) 36"" Yellow Gas Connector 3/4 MIP x 1/2 FIP","50","150","25","C06-22C"
"P13817","GASC","1/2 ID (5/8 OD) 48"" Yellow Gas Connector 3/4 MIP x 1/2 FIP","50","100","16","C06-22E"
"P13818","GASC","1/2 ID (5/8 OD) 60"" Yellow Gas Connector 3/4 MIP x 1/2 FIP","24","72","12","C06-22C"
"P13819","GASC","1/2 ID (5/8 OD) 72"" Yellow Gas Connector 3/4 MIP x 1/2 FIP","24","72","0","C06-24C"
"P13820","GASC","1/2 ID (5/8 OD) 12"" Yellow Gas Connector 3/4 MIP x 1/2 MIP","50","150","0","C06-24C"
"P13821","GASC","1/2 ID (5/8 OD) 18"" Yellow Gas Connector 3/4 MIP x 1/2 MIP","50","150","0","C06-24C"
"P13822","GASC","1/2 ID (5/8 OD) 24"" Yellow Gas Connector 3/4 MIP x 1/2 MIP","50","150","0","C06-24B"
"P13823","GASC","1/2 ID (5/8 OD) 30"" Yellow Gas Connector 3/4 MIP x 1/2 MIP","50","150","0","C06-24C"
"P13824","GASC","1/2 ID (5/8 OD) 36"" Yellow Gas Connector 3/4 MIP x 1/2 MIP","50","150","25","C06-22C"
"P13825","GASC","1/2 ID (5/8 OD) 48"" Yellow Gas Connector 3/4 MIP x 1/2 MIP","50","100","0","C06-22E"
"P13826","GASC","1/2 ID (5/8 OD) 60"" Yellow Gas Connector 3/4 MIP x 1/2 MIP","48","120","0","C06-22A"
"P13827","GASC","1/2 ID (5/8 OD) 72"" Yellow Gas Connector 3/4 MIP x 1/2 MIP","24","72","0","C06-24B"
"P13828","GASC","3/4 ID (1 OD) 12"" Yellow Gas Connector 3/4 MIP x 1/2 FIP","50","150","0","C06-24C"
"P13829","GASC","3/4 ID (1 OD) 18"" Yellow Gas Connector 3/4 MIP x 1/2 FIP","50","150","0","C06-24C"
"P13830","GASC","3/4 ID (1 OD) 24"" Yellow Gas Connector 3/4 MIP x 1/2 FIP","50","150","0","C06-24C"
"P13831","GASC","3/4 ID (1 OD) 30"" Yellow Gas Connector 3/4 MIP x 1/2 FIP","50","150","0","C06-24C"
"P13832","GASC","3/4 ID (1 OD) 36"" Yellow Gas Connector 3/4 MIP x 1/2 FIP","50","150","0","C06-24C"
"P13833","GASC","3/4 ID (1 OD) 48"" Yellow Gas Connector 3/4 MIP x 1/2 FIP","50","150","0","C06-24C"
"P13834","GASC","3/4 ID (1 OD) 60"" Yellow Gas Connector 3/4 MIP x 1/2 FIP","24","72","0","C06-24C"
"P13835","GASC","3/4 ID (1 OD) 72"" Yellow Gas Connector 3/4 MIP x 1/2 FIP","24","72","0","C06-24C"
"P13836","GASC","3/4 ID (1 OD) 12"" Yellow Gas Connector 3/4 MIP x 1/2 MIP","50","150","0","C06-24C"
"P13837","GASC","3/4 ID (1 OD) 18"" Yellow Gas Connector 3/4 MIP x 1/2 MIP","50","150","0","C06-24C"
"P13838","GASC","3/4 ID (1 OD) 24"" Yellow Gas Connector 3/4 MIP x 1/2 MIP","50","150","0","C06-24C"
"P13839","GASC","3/4 ID (1 OD) 30"" Yellow Gas Connector 3/4 MIP x 1/2 MIP","50","150","0","C06-24C"
"P13840","GASC","3/4 ID (1 OD) 36"" Yellow Gas Connector 3/4 MIP x 1/2 MIP","50","150","0","C06-24C"
"P13841","GASC","3/4 ID (1 OD) 48"" Yellow Gas Connector 3/4 MIP x 1/2 MIP","50","150","0","C06-24C"
"P13842","GASC","3/4 ID (1 OD) 60"" Yellow Gas Connector 3/4 MIP x 1/2 MIP","24","72","0","C06-24C"
"P13843","GASC","3/4 ID (1 OD) 72"" Yellow Gas Connector 3/4 MIP x 1/2 MIP","24","72","0","C06-24C"
"P13844","GASC","1/4 ID (3/8 OD) Flare x 3/8 FIP ADPT","200","600","0","C06-24B"
"P13845","GASC","1/4 ID (3/8 OD) Flare x 1/2 FIP ADPT","100","300","0","C06-24B"
"P13846","GASC","3/8 ID (1/2 OD) Flare x 3/8 FIP ADPT","200","600","0","C06-24B"
"P13847","GASC","3/8 ID (1/2 OD) Flare x 1/2 FIP ADPT","200","600","0","C06-24B"
"P13848","GASC","1/2 ID (5/8 OD) (15/16 Thread) Flare x 1/2 FIP ADPT","200","600","0","C06-24B"
"P13849","GASC","1/2 ID (5/8 OD) (15/16 Thread) Flare x 3/4 FIP ADPT","200","600","0","C06-24B"
"P13850","GASC","1/4 ID (3/8 OD) Flare x 3/8 MIP ADPT (Tapped 1/4 FIP)","200","600","0","C06-24B"
"P13851","GASC","1/4 ID (3/8 OD) Flare x 1/2 MIP ADPT (Tapped 3/8 FIP)","200","600","0","C06-24B"
"P13852","GASC","3/8 ID (1/2 OD) Flare x 3/8 MIP ADPT (Tapped 1/4 FIP)","200","600","0","C06-24B"
"P13853","GASC","3/8 ID (1/2 OD) Flare x 1/2 MIP ADPT (Tapped 3/8 FIP)","200","600","0","C06-24B"
"P13854","GASC","1/2 ID (5/8 OD) (15/16 Thread) Flare x 1/2 MIP ADPT (Tapped 3/8 FIP)","200","600","0","C06-24B"
"P13855","GASC","1/2 ID (5/8 OD) (15/16 Thread) Flare x 3/4 MIP ADPT (Tapped 1/2 FIP)","200","600","100","C06-22C"
"P13856","GASC","3/4 ID (1 OD) Flare x 3/4 FIP ADPT","200","600","0","C06-24B"
"P13857","GASC","3/4 ID (1 OD) Flare x 1 FIP ADPT","200","600","0","C06-24B"
"P13858","GASC","3/4 ID (1 OD) Flare x 3/4 MIP ADPT","200","600","0","C06-24C"
"P13859","GASC","3/4 ID (1 OD) Flare x 1 MIP ADPT","200","600","0","C06-24B"
"P12528","HANG","3/4 Galv Hex Nut","100","300","0","C06-03D"
"P12577","HANG","1/2 Galv Clevis Hanger","200","600","296","C06-03B"
"P12578","HANG","3/4 Galv Clevis Hanger","200","600","2780","C06-03B"
"P12579","HANG","1 Galv Clevis Hanger","200","600","382","C06-03B"
"P12580","HANG","1-1/4 Galv Clevis Hanger","200","600","1379","C06-03B"
"P12581","HANG","1-1/2 Galv Clevis Hanger","200","600","798","C06-03B"
"P12582","HANG","2 Galv Clevis Hanger","1150","2200","1712","C06-05A"
"P12583","HANG","2-1/2 Galv Clevis Hanger","120","360","270","C06-05B"
"P12584","HANG","3 Galv Clevis Hanger","675","1350","1850","C06-05A"
"P12585","HANG","4 Galv Clevis Hanger","750","1,325","1063","C06-07A"
"P12586","HANG","5 Galv Clevis Hanger","100","300","192","C06-05B"
"P12587","HANG","6 Galv Clevis Hanger","120","200","133","C06-07A"
"P12588","HANG","1/2 Galv Riser Clamp","200","600","207","C06-07B"
"P12589","HANG","3/4 Galv Riser Clamp","200","600","540","C06-09B"
"P12590","HANG","1 Galv Riser Clamp","200","600","727","C06-09B"
"P12591","HANG","1-1/4 Galv Riser Clamp","200","600","548","C06-09B"
"P12592","HANG","1-1/2 Galv Riser Clamp","200","600","177","C06-09B"
"P12593","HANG","2 Galv Riser Clamp","500","1025","1096","C06-09A"
"P12594","HANG","2-1/2 Galv Riser Clamp","100","300","341","C06-09B"
"P12595","HANG","3 Galv Riser Clamp","450","750","675","C06-11A"
"P12596","HANG","4 Galv Riser Clamp","500","920","759","C06-11A"
"P12597","HANG","5 Galv Riser Clamp","60","180","55","C06-09B"
"P12598","HANG","6 Galv Riser Clamp","40","120","168","C06-09B"
"P12599","HANG","3/8 Blk Top Beam Clamp","2200","4700","11603","C06-08A"
"P12600","HANG","1/2 Blk Top Beam Clamp","200","600","121","C06-03C"
"P12601","HANG","3/8 Galv Rod CPLG (80/box)","640","1920","0","C06-01D"
"P12602","HANG","1/2 Galv Rod CPLG (50/box)","400","1200","0","C06-01D"
"P12603","HANG","3/8 Galv Washer","21,600","36,000","113500","C06-08A"
"P12604","HANG","1/2 Galv Washer","4800","14400","21300","C06-05C"
"P12605","HANG","3/8x6FT Galv Threaded Rod","50","150","775","C06-01D"
"P12606","HANG","1/2x6FT Galv Threaded Rod","24","72","348","C06-01D"
"P12607","HANG","3/8 Galv Hex Nut","23200","41800","266688","C06-12A"
"P12608","HANG","1/2 Galv Hex Nut","100","300","20850","C06-01D"
"P12609","HANG","1/2 Galv Pipe Strap","400","1200","4725","C06-08B"
"P12610","HANG","3/4 Galv Pipe Strap","400","1200","9045","C06-06B"
"P12611","HANG","1 Galv Pipe Strap","400","1200","400","C06-06B"
"P12612","HANG","1-1/4 Galv Pipe Strap","400","1200","1925","C06-06B"
"P12613","HANG","1-1/2 Galv Pipe Strap","1000","3000","2727","C06-06B"
"P12614","HANG","2 Galv Pipe Strap","600","1800","47","C06-06B"
"P12615","HANG","2-1/2 Galv Pipe Strap","800","2400","226","C06-06B"
"P12616","HANG","3 Galv Pipe Strap","400","1200","2675","C06-06B"
"P12617","HANG","4 Galv Pipe Strap","400","1200","3276","C06-04B"
"P12618","HANG","5 Galv Pipe Strap","200","600","0","C06-04B"
"P12619","HANG","6 Galv Pipe Strap","200","600","189","C06-04B"
"P12620","HANG","3/8 Blk Side Beam Connector","200","600","2275","C06-03C"
"P12621","HANG","1/2 Blk Side Beam Connector","200","600","100","C06-05C"
"P12622","HANG","1/2 Galv Swivel Hanger","400","1200","0","C06-01B"
"P12623","HANG","3/4 Galv Swivel Hanger","400","1200","1764","C06-01B"
"P12624","HANG","1 Galv Swivel Hanger","400","1200","540","C06-01B"
"P12625","HANG","1-1/4 Galv Swivel Hanger","400","1200","1212","C06-01B"
"P12626","HANG","1-1/2 Galv Swivel Hanger","1100","1700","4680","C06-01A"
"P12627","HANG","2 Galv Swivel Hanger","2400","4200","7257","C06-01A"
"P12628","HANG","2-1/2 Galv Swivel Hanger","200","600","578","C06-01B"
"P12629","HANG","3 Galv Swivel Hanger","850","1,600","880","C06-03A"
"P12630","HANG","4 Galv Swivel Hanger","525","950","1344","C06-03A"
"P12631","HANG","1/2 Epoxy-Coated Clevis Hanger","200","600","999","C06-05B"
"P12632","HANG","3/4 Epoxy-Coated Clevis Hanger","200","600","4050","C06-12B"
"P12633","HANG","1 Epoxy-Coated Clevis Hanger","200","600","1825","C06-12B"
"P12634","HANG","1-1/4 Epoxy-Coated Clevis Hanger","200","600","500","C06-10B"
"P12635","HANG","1-1/2 Epoxy-Coated Clevis Hanger","200","600","432","C06-10B"
"P12636","HANG","2 Epoxy-Coated Clevis Hanger","200","600","105","C06-10B"
"P12637","HANG","2-1/2 Epoxy-Coated Clevis Hanger","120","360","-10","C06-10B"
"P12638","HANG","3 Epoxy-Coated Clevis Hanger","100","300","102","C06-10B"
"P12639","HANG","4 Epoxy-Coated Clevis Hanger","100","300","100","C06-10B"
"P12640","HANG","1/2 Epoxy-Coated Riser Clamp","200","600","-34","C06-09B"
"P12641","HANG","3/4 Epoxy-Coated Riser Clamp","200","600","90","C06-11B"
"P12642","HANG","1 Epoxy-Coated Riser Clamp","200","600","0","C06-11B"
"P12643","HANG","1-1/4 Epoxy-Coated Riser Clamp","200","600","122","C06-11B"
"P12644","HANG","1-1/2 Epoxy-Coated Riser Clamp","200","600","113","C06-11B"
"P12645","HANG","2 Epoxy-Coated Riser Clamp","100","300","0","C06-11B"
"P12646","HANG","2-1/2 Epoxy-Coated Riser Clamp","100","300","0","C06-11B"
"P12647","HANG","3 Epoxy-Coated Riser Clamp","100","300","196","C06-11B"
"P12648","HANG","4 Epoxy-Coated Riser Clamp","80","240","20","C06-11B"
"P12649","HANG","1/2 Epoxy-Coated Swivel Hanger","400","1200","120","C06-01B"
"P12650","HANG","3/4 Epoxy-Coated Swivel Hanger","400","1200","353","C06-01B"
"P12651","HANG","1 Epoxy-Coated Swivel Hanger","400","1200","150","C06-01B"
"P12652","HANG","1-1/4 Epoxy-Coated Swivel Hanger","200","600","660","C06-01D"
"P12653","HANG","1-1/2 Epoxy-Coated Swivel Hanger","400","1200","243","C06-01B"
"P12654","HANG","2 Epoxy-Coated Swivel Hanger","400","1200","1105","C06-03B"
"P12655","HANG","2-1/2 Epoxy-Coated Swivel Hanger","200","600","0","C06-03B"
"P12656","HANG","3 Epoxy-Coated Swivel Hanger","200","600","0","C06-03B"
"P12657","HANG","4 Epoxy-Coated Swivel Hanger","100","300","44","C06-03B"
"P12658","HANG","1/2 Galv Strut Clamp (Kindorf)","200","600","1355","C06-02B"
"P12659","HANG","3/4 Galv Strut Clamp (Kindorf)","200","600","-70","C06-02B"
"P12660","HANG","1 Galv Strut Clamp (Kindorf)","200","600","1774","C06-02B"
"P12661","HANG","1-1/4 Galv Strut Clamp (Kindorf)","200","600","1763","C06-02B"
"P12662","HANG","1-1/2 Galv Strut Clamp (Kindorf)","200","600","0","C06-02B"
"P12663","HANG","2 Galv Strut Clamp (Kindorf)","200","600","190","C06-01C"
"P12664","HANG","1/2 Epoxy-Coated Strut Clamp (Kindorf)","200","600","155","C06-01C"
"P12665","HANG","3/4 Epoxy-Coated Strut Clamp (Kindorf)","400","1200","2618","C06-01C"
"P12666","HANG","1 Epoxy-Coated Strut Clamp (Kindorf)","400","1200","1199","C06-01C"
"P12667","HANG","1-1/4 Epoxy-Coated Strut Clamp (Kindorf)","400","1200","2684","C06-01C"
"P12668","HANG","1-1/2 Epoxy-Coated Strut Clamp (Kindorf)","200","600","400","C06-01C"
"P12669","HANG","2 Epoxy-Coated Strut Clamp (Kindorf)","200","600","1345","C06-01C"
"P12670","HANG","1/2 Epoxy-Coated Pipe Strap","1200","3600","2200","C06-04B"
"P12671","HANG","3/4 Epoxy-Coated Pipe Strap","1200","3600","7000","C06-04B"
"P12672","HANG","1 Epoxy-Coated Pipe Strap","800","2400","3125","C06-04B"
"P12673","HANG","1-1/4 Epoxy-Coated Pipe Strap","800","2400","300","C06-04B"
"P12674","HANG","1-1/2 Epoxy-Coated Pipe Strap","400","1200","1700","C06-02B"
"P12675","HANG","2 Epoxy-Coated Pipe Strap","400","1200","0","C06-02B"
"P12694","HANG","2-1/2 Epoxy-Coated Strut Clamp (Kindorf)","100","300","0","C06-05D"
"P12703","HANG","3 Epoxy-Coated Strut Clamp (Kindorf)","20","60","0","C06-03D"
"P12707","HANG","4 Epoxy-Coated Strut Clamp (Kindorf)","50","150","50","C06-03D"
"P12723","HANG","4 Galv Strut Clamp (Kindorf)","50","150","-45","C06-01D"
"P12727","HANG","3 Galv Strut Clamp (Kindorf)","50","150","65","C06-01D"
"P12730","HANG","5 Epoxy-Coated Strut Clamp (Kindorf)","50","150","0","C06-11D"
"P12731","HANG","6 Epoxy-Coated Strut Clamp (Kindorf)","20","60","0","C06-11D"
"P12740","HANG","5 Galv Strut Clamp (Kindorf)","50","150","0","C06-11D"
"P12756","HANG","6 Galv Strut Clamp (Kindorf)","20","60","50","C06-01D"
"P12768","HANG","2-1/2 Galv Strut Clamp (Kindorf)","200","600","45","C06-01D"
"P12769","HANG","8 Epoxy-Coated Strut Clamp (Kindorf)","10","30","0","C06-11D"
"P12817","HANG","1/2 Galv Split Ring Hanger","400","1200","1538","C06-11B"
"P12818","HANG","3/4 Galv Split Ring Hanger","600","1100","945","C06-12A"
"P12819","HANG","1 Galv Split Ring Hanger","400","1200","1066","C06-12B"
"P12820","HANG","1-1/4 Galv Split Ring Hanger","250","450","1780","C06-06A"
"P12821","HANG","1-1/2 Galv Split Ring Hanger","250","450","639","C06-03C"
"P12822","HANG","2 Galv Split Ring Hanger","200","600","2415","C06-12B"
"P12823","HANG","1/2 Epoxy-Coated Split Ring Hanger","400","1200","2559","C06-12B"
"P12824","HANG","3/4 Epoxy-Coated Split Ring Hanger","400","1200","-150","C06-10B"
"P12825","HANG","1 Epoxy-Coated Split Ring Hanger","400","1200","450","C06-10B"
"P12826","HANG","1-1/4 Epoxy-Coated Split Ring Hanger","200","600","127","C06-07B"
"P12827","HANG","1-1/2 Epoxy-Coated Split Ring Hanger","200","600","881","C06-08B"
"P12828","HANG","2 Epoxy-Coated Split Ring Hanger","200","600","2402","C06-08B"
"P12829","HANG","1/2 Galv Ceiling Flange","400","1200","356","C06-08B"
"P12830","HANG","1/2 Epoxy-Coated Ceiling Flange","400","1200","100","C06-08B"
"P12896","HANG","3/8 Galv Ceiling Flange","2,400","5,000","26319","C06-10A"
"P12897","HANG","3/8 Epoxy-Coated Ceiling Flange","400","1200","235","C06-08B"
"P12898","HANG","1/2 (5/8 OD) Yellow Zinc Strut Cushion Clamp","200","600","1628","C06-01C"
"P12899","HANG","3/4 (7/8 OD) Yellow Zinc Strut Cushion Clamp","200","600","1150","C06-03C"
"P12900","HANG","1 (1-1/8 OD) Yellow Zinc Strut Cushion Clamp","200","600","975","C06-03C"
"P12901","HANG","1-1/4 (1-3/8 OD) Yellow Zinc Strut Cushion Clamp","200","600","45","C06-03C"
"P12902","HANG","1-1/2 (1-5/8 OD) Yellow Zinc Strut Cushion Clamp","200","600","0","C06-03C"
"P12903","HANG","2 (2-1/8 OD) Yellow Zinc Strut Cushion Clamp","200","600","369","C06-03C"
"P12916","HANG","6 Galv Swivel Hanger","30","90","180","C06-01D"
"P13251","HANG","1-1/2x3 Stud Guard 16GA (Flat w/ Holes)","200","600","5600","C06-09C"
"P13252","HANG","1-1/2x6 Stud Guard 16GA (Flat w/ Holes)","1150","1850","9900","C06-04A"
"P13253","HANG","1-1/2x3 Nail Plate 16GA (Self-Nailing)","200","600","1700","C06-05C"
"P13254","HANG","1-1/2x6 Nail Plate 16GA (Self-Nailing)","4350","7100","2950","C06-06A"
"P13255","HANG","5x8 Boca Plate (Flat w/ Holes)","1125","1800","14000","C06-02A"
"P13256","HANG","3-1/2x6 Stud Protector (Flat w/ Holes)","100","300","-404","C06-03D"
"P13257","HANG","3-1/2x18 Boca Plate 16GA (Flat w/ Holes)","100","300","100","C06-03D"
"P13258","HANG","3/4x10FT Banding Iron 28GA","50","50","650","C06-03D"
"P13259","HANG","3/4x100FT Banding Iron 28GA","100","300","30","C06-01D"
"P13260","HANG","5x8 Boca Plate (Self-Nailing w/ Holes)","1275","2050","3900","C06-04A"
"P13261","HANG","3-1/2x6 Nail Plate (Self-Nailing)","200","600","3850","C06-09C"
"P13262","HANG","3x5 Nail Plate 16GA (Self-Nailing)","100","400","6050","C06-06A"
"P13273","HANG","5x18 Stud Guard 16GA (Flat w/ Holes)","50","150","199","C06-11D"
"P13910","HANG","8 Galv Clevis Hanger","60","100","78","C06-09A"
"P13911","HANG","8 Galv Swivel Hanger","20","60","0","C06-03D"
"P13912","HANG","8 Galv Riser Clamp","10","30","20","C06-07B"
"P13913","HANG","2-1/2 Galv Split Ring Hanger","200","600","5","C06-07B"
"P13914","HANG","3 Galv Split Ring Hanger","100","300","143","C06-12B"
"P13915","HANG","4 Galv Split Ring Hanger","100","300","142","C06-12B"
"P13916","HANG","3 Epoxy-Coated Split Ring Hanger","100","300","219","C06-08B"
"P13917","HANG","4 Epoxy-Coated Split Ring Hanger","100","300","72","C06-08B"
"P13918","HANG","6 Galv Split Ring Hanger","20","60","0","C06-11D"
"P7197","HANG","10 Galv Riser Clamp","2","6","0","C06-05D"
"P15900","HANG","2 Blk Riser Clamp","4000","12000","0","C06-05D"
"P15901","HANG","3 Blk Riser Clamp","1200","3600","0","C06-08D"
"P15902","HANG","4 Blk Riser Clamp","1440","4320","0","C06-08D"
"P15903","HANG","2 Blk Clevis Hanger","100","300","0","C06-05D"
"P15904","HANG","3 Blk Clevis Hanger","50","150","0","C06-08D"
"P15905","HANG","4 Blk Clevis Hanger","50","150","0","C06-08D"
"P15907","HANG","10 Galv Clevis Hanger","4","12","20","C06-05B"
"P15908","HANG","12 Galv Clevis Hanger","4","12","14","C06-05B"
"P18501","HANG","1/2 Poly Hanger Strap (100ft)","60","180","0","C06-05D"
"P18502","HANG","1/2 Galv Hanger Strap (100ft)","20","60","0","C06-05D"
"P18503","HANG","2 J Hook","500","1500","1470","C06-05C"
"P18504","HANG","3 J Hook","400","1200","1550","C06-05C"
"P18505","HANG","4 J Hook","300","900","0","C06-07C"
"P18517","HANG","1-1/2 Galv DWV Hanger","400","1200","250","C06-07C"
"P18518","HANG","2 Galv DWV Hanger","400","1200","0","C06-07C"
"P18519","HANG","3 Galv DWV Hanger","400","1200","315","C06-07C"
"P18520","HANG","4 Galv DWV Hanger","200","600","0","C06-01D"
"P18521","HANG","3/4 Poly Hanger Strap (100ft)","60","180","0","C06-05D"
"P18522","HANG","3/4 Galv Hanger Strap (100ft)","20","60","0","C06-08D"
"P18523","HANG","3/4 Galv Hanger Strap (50ft)","40","120","0","C06-08D"
"P18540","HANG","1-1/2 J Hook","250","750","0","C06-03D"
"P12245","MALLC","1-1/4x1x1-1/2 Galv MI Red Tee","40","40","0","C04-37D"
"P12322","MALLC","1-1/2x3/4x1-1/4 Blk Std M I Red Tee","96","264","25","C04-38D"
"P5159","MALLC","6x3 Blk Std M I Red Coupling","32","88","0","C04-37D"
"P12346","MALLC","3/4x1/8 Blk Std M I Red Tee","32","88","50","C04-38D"
"P12373","MALLC","2-1/2"" BLACK LOCK NUT","160","440","40","C04-38D"
"P12374","MALLC","2-1/2"" GALVD LOCKNUT","320","880","0","C04-37D"
"P12473","MALLC","6x2-1/2 Blk Hex Bushing","32","88","31","C04-30C"
"P5446","MALLC","3 Gal Std M I 45 Y Branch","32","88","0","C04-37D"
"P5466","MALLC","2-1/2 Gal Hex XH M I Nipple","80","220","0","C04-38D"
"P5512","MALLC","1x3/8 Blk Std M I 90 Red Elbow","800","2200","0","C04-37D"
"P12704","MALLC","2-1/2X1-1/2X2-1/2 GAL RED TEE","12","12","0","C04-37D"
"P5556","MALLC","1-1/4x1/8 Gal Hex Bushing","40","40","0","C04-37D"
"P5598","MALLC","8 Gal Std M I 90 Elbow","8","16","0","C04-37D"
"P5599","MALLC","1/8 Gal Std M I 45 Y Branch","600","600","0","C04-37D"
"P5600","MALLC","1/4 Gal Std M I 45 Y Branch","480","480","0","C04-37D"
"P13066","MALLC","3/4X1/2X1 GAL TEE","160","160","0","C04-37D"
"P6157","MALLC","1-1/2x1x2 Blk Std M I Red Tee","24","24","0","C04-37D"
"P6163","MALLC","2x1-1/2x1/2 Blk Std M I Red Te e","16","16","0","C04-37D"
"P6164","MALLC","2x1x1-1/2 Blk Std M I Red Tee","32","88","0","C04-38D"
"SP*001450","MALLC","3-1/2 BLACK CAP","16","16","0","C04-37D"
"P6325","MALLC","4x1-1/4 Blk Std M I Red Coupli ng","72","198","0","C04-37D"
"P6389","MALLC","4x1-1/4 Gal Std M I Red Coupli ng","32","88","0","C04-38D"
"P6474","MALLC","1/8 Blk Std M I 90 Elbow","2400","6600","9808","C04-13B"
"P6475","MALLC","1/4 Blk Std M I 90 Elbow","1680","4620","4520","C04-13B"
"P6476","MALLC","3/8 Blk Std M I 90 Elbow","1440","3960","1653","C04-13B"
"P6477","MALLC","1/2 Blk Std M I 90 Elbow","6800","16200","5920","C04-11A"
"P6478","MALLC","3/4 Blk Std M I 90 Elbow","9555","22995","22583","C04-12A"
"P6479","MALLC","1 Blk Std M I 90 Elbow","6,180","14,100","11497","C04-14A"
"P6480","MALLC","1-1/4 Blk Std M I 90 Elbow","3040","6720","9183","C04-16A"
"P6481","MALLC","1-1/2 Blk Std M I 90 Elbow","990","2,160","1214","C04-18A"
"P6482","MALLC","2 Blk Std M I 90 Elbow","976","2,192","554","C04-19A"
"P6483","MALLC","2-1/2 Blk Std M I 90 Elbow","48","132","175","C04-13B"
"P6484","MALLC","3 Blk Std M I 90 Elbow","96","192","229","C04-20A"
"P6485","MALLC","4 Blk Std M I 90 Elbow","44","90","79","C04-20A"
"P6486","MALLC","5 Blk Std M I 90 Elbow","8","22","4","C04-23C"
"P6487","MALLC","6 Blk Std M I 90 Elbow","8","22","22","C04-18C"
"P6488","MALLC","1/8 Blk Std M I 45 Elbow","2400","6600","88","C04-09C"
"P6489","MALLC","1/4 Blk Std M I 45 Elbow","1440","3960","420","C04-09C"
"P6490","MALLC","3/8 Blk Std M I 45 Elbow","1200","3300","108","C04-08C"
"P6491","MALLC","1/2 Blk Std M I 45 Elbow","800","2200","1631","C04-11B"
"P6492","MALLC","3/4 Blk Std M I 45 Elbow","480","1320","620","C04-11B"
"P6493","MALLC","1 Blk Std M I 45 Elbow","480","1320","1105","C04-12B"
"P6494","MALLC","1-1/4 Blk Std M I 45 Elbow","320","880","399","C04-12B"
"P6495","MALLC","1-1/2 Blk Std M I 45 Elbow","120","330","153","C04-12B"
"P6496","MALLC","2 Blk Std M I 45 Elbow","192","528","570","C04-12B"
"P6497","MALLC","2-1/2 Blk Std M I 45 Elbow","48","132","4100","C04-04C"
"P6498","MALLC","3 Blk Std M I 45 Elbow","40","110","143","C04-12B"
"P6499","MALLC","4 Blk Std M I 45 Elbow","16","44","49","C04-05C"
"P6500","MALLC","5 Blk Std M I 45 Elbow","4","11","4","C04-01D"
"P6501","MALLC","6 Blk Std M I 45 Elbow","4","11","2","C04-01D"
"P6502","MALLC","1/8 Blk Std M I 90 Str Elbow","2880","7920","796","C04-15B"
"P6503","MALLC","1/4 Blk Std M I 90 Str Elbow","1680","4620","3534","C04-15B"
"P6504","MALLC","3/8 Blk Std M I 90 Str Elbow","960","2640","1017","C04-15B"
"P6505","MALLC","1/2 Blk Std M I 90 Str Elbow","1440","3960","1442","C04-16B"
"P6506","MALLC","3/4 Blk Std M I 90 Str Elbow","840","2310","2413","C04-16B"
"P6507","MALLC","1 Blk Std M I 90 Str Elbow","360","990","1221","C04-16B"
"P6508","MALLC","1-1/4 Blk Std M I 90 Str Elbow","200","550","301","C04-16B"
"P6509","MALLC","1-1/2 Blk Std M I 90 Str Elbow","108","297","245","C04-16B"
"P6510","MALLC","2 Blk Std M I 90 Str Elbow","128","352","355","C04-17B"
"P6511","MALLC","2-1/2 Blk Std M I 90 Str Elbow","40","110","22","C04-15C"
"P6512","MALLC","3 Blk Std M I 90 Str Elbow","32","88","68","C04-08C"
"P6513","MALLC","4 Blk Std M I 90 Str Elbow","16","44","10","C04-17C"
"P6514","MALLC","1/8 Blk Std M I 45 Str Elbow","3360","9240","960","C04-27C"
"P6515","MALLC","1/4 Blk Std M I 45 Str Elbow","1920","5280","1805","C04-18C"
"P6516","MALLC","3/8 Blk Std M I 45 Str Elbow","1600","4400","0","C04-24C"
"P6517","MALLC","1/2 Blk Std M I 45 Str Elbow","900","2475","1875","C04-12B"
"P6518","MALLC","3/4 Blk Std M I 45 Str Elbow","480","1320","709","C04-06D"
"P6519","MALLC","1 Blk Std M I 45 Str Elbow","300","825","123","C04-14B"
"P6520","MALLC","1-1/4 Blk Std M I 45 Str Elbow","160","440","438","C04-13B"
"P6521","MALLC","1-1/2 Blk Std M I 45 Str Elbow","120","330","175","C04-12C"
"P6522","MALLC","2 Blk Std M I 45 Str Elbow","96","264","194","C04-13B"
"P6523","MALLC","1/2 Blk Std M I S O Elbow","540","1485","145","C04-01D"
"P6524","MALLC","3/4 Blk Std M I S O Elbow","640","1760","120","C04-01D"
"P6525","MALLC","1/4x1/8 Blk Std M I 90 Red Elb ow","1920","5280","185","C04-25C"
"P6526","MALLC","3/8x1/4 Blk Std MI 90 Red Elbo","1440","3960","360","C04-04C"
"P6527","MALLC","1/2x1/4 Blk Std MI 90 Red Elbo","960","2640","340","C04-10C"
"P6528","MALLC","1/2x3/8 Blk Std M I 90 Red El","960","2640","2139","C04-13B"
"P6529","MALLC","3/4x1/4 Blk Std M I 90 Red Elb","640","1760","120","C04-29C"
"P6530","MALLC","3/4x3/8 Blk Std M I 90 Red Elb","640","1760","110","C04-17C"
"P6531","MALLC","3/4x1/2 Blk Std M I 90 Red Elb","1080","2520","5699","C04-21A"
"P6532","MALLC","1x1/2 Blk Std M I 90 Elbow","400","1100","557","C04-13B"
"P6533","MALLC","1x3/4 Blk Std M I 90 Elbow","400","1100","566","C04-14B"
"P6534","MALLC","1-1/4x1/2 Blk Std M I 90 Red Elbow","320","880","68","C04-22C"
"P6535","MALLC","1-1/4x3/4 Blk Std MI 90 Red El","480","1320","1434","C04-14B"
"P6536","MALLC","1-1/4x1 Blk Std MI 90 Red El","320","880","670","C04-14B"
"P6537","MALLC","1-1/2x1/2 Blk Std M I 90 Red E lbow","240","660","88","C04-27C"
"P6538","MALLC","1-1/2x3/4 Blk Std M I 90 Red Elbow","160","440","237","C04-13B"
"P6539","MALLC","1-1/2x1 Blk Std M I 90 Red Elb","160","440","246","C04-14B"
"P6540","MALLC","1-1/2x1-1/4 Blk Std M I 90 Red Elbow","120","330","570","C04-14B"
"P6541","MALLC","2x1/2 Blk Std M I 90 Red Elbow","160","440","38","C04-30C"
"P6544","MALLC","2x1 Blk Std M I 90 Red Elbow","112","308","379","C04-15B"
"P6545","MALLC","2x1-1/4 Blk Std MI 90 Red Elbo","80","220","193","C04-15B"
"P6546","MALLC","2x1-1/2 Blk Std MI 90 Red Elbo","160","440","258","C04-15B"
"P6548","MALLC","1/8 Blk Std M I Tee","1920","5280","1186","C04-06C"
"P6549","MALLC","1/4 Blk Std M I Tee","1200","3300","1977","C04-17B"
"P6550","MALLC","3/8 Blk Std M I Tee","720","1980","740","C04-17B"
"P6551","MALLC","1/2 Blk Std M I Tee","2,280","5,280","253","C04-21A"
"P6552","MALLC","3/4 Blk Std M I Tee","1540","3710","6382","C04-22A"
"P6553","MALLC","1 Blk Std M I Tee","520","1240","1434","C04-23A"
"P6554","MALLC","1-1/4 Blk Std M I Tee","252","560","84","C04-23A"
"P6555","MALLC","1-1/2 Blk Std M I Tee","96","264","648","C04-17B"
"P6556","MALLC","2 Blk Std M I Tee","208","432","972","C04-24A"
"P6557","MALLC","2-1/2 Blk Std M I Tee","32","88","45","C04-17B"
"P6558","MALLC","3 Blk Std M I Tee","48","132","190","C04-17B"
"P6559","MALLC","4 Blk Std M I Tee","8","22","24","C04-01C"
"P6560","MALLC","6 Blk Std M I Tee","4","11","5","C04-01D"
"P6561","MALLC","1/2x1/4 Blk Std M I Red Tee","640","1760","717","C04-18B"
"P6562","MALLC","1/2x3/8 Blk Std M I Red Tee","640","1760","50","C04-20C"
"P6563","MALLC","3/4x1/2 Blk Std M I Red Tee","880","1920","4355","C04-24A"
"P6564","MALLC","1x1/4 Blk Std M I Red Tee","320","880","368","C04-26D"
"P6565","MALLC","1x3/8 Blk Std M I Red Tee","240","660","26","C04-20D"
"P6566","MALLC","1x1/2 Blk Std M I Red Tee","240","660","1299","C04-18B"
"P6567","MALLC","1x3/4 Blk Std M I Red Tee","660","1440","1585","C04-25A"
"P6568","MALLC","1-1/4x1/2 Blk Std M I Red Tee","320","880","779","C04-19B"
"P6569","MALLC","1-1/4x3/4 Blk Std M I Red Tee","1720","2840","3218","C04-26A"
"P6570","MALLC","1-1/4x1 Blk Std M I Red Tee","320","880","796","C04-19B"
"P6571","MALLC","1-1/2x1/2 Blk Std M I Red Tee","144","396","200","C04-20B"
"P6572","MALLC","1-1/2x3/4 Blk Std M I Red Tee","450","720","1460","C04-25A"
"P6573","MALLC","1-1/2x1 Blk Std M I Red Tee","96","264","239","C04-20B"
"P6574","MALLC","1-1/2x1-1/4 Blk Std MI Red Tee","96","264","446","C04-20B"
"P6575","MALLC","2x1/2 Blk Std M I Red Tee","48","132","184","C04-21B"
"P6576","MALLC","2x3/4 Blk Std M I Red Tee","192","384","806","C04-27A"
"P6577","MALLC","2x1 Blk Std M I Red Tee","48","132","149","C04-21B"
"P6578","MALLC","2x1-1/4 Blk Std M I Red Tee","48","132","283","C04-21B"
"P6579","MALLC","2x1-1/2 Blk Std M I Red Tee","64","176","57","C04-22B"
"P6580","MALLC","2-1/2x1/2 Blk Std M I Red Tee","48","132","17","C04-31C"
"P6581","MALLC","2-1/2x3/4 Blk Std M I Red Tee","48","132","68","C04-11C"
"P6582","MALLC","2-1/2x1 Blk Std M I Red Tee","40","110","126","C04-08C"
"P6583","MALLC","2-1/2x1-1/4 Blk M I Red Tee","40","110","37","C04-14C"
"P6584","MALLC","2-1/2x1-1/2 Blk Std M I Red Te e","40","110","11","C04-19C"
"P6585","MALLC","2-1/2x2 Blk Std M I Red Tee","64","176","31","C04-37B"
"P6586","MALLC","3x3/4 Blk Std M I Red Tee","24","66","18","C04-05C"
"P6587","MALLC","3x1 Blk Std M I Red Tee","24","66","24","C04-06C"
"P6588","MALLC","3x1-1/4 Blk Std M I Red Tee","24","66","49","C04-11C"
"P6589","MALLC","3x1-1/2 Blk Std M I Red Tee","24","66","21","C04-19C"
"P6590","MALLC","3x2 Blk Std M I Red Tee","24","66","59","C04-22B"
"P6591","MALLC","3x2-1/2 Blk Std M I Red Tee","24","66","10","C04-23C"
"P6592","MALLC","4x1-1/2 Blk Std M I Red Tee","32","88","4","C04-02D"
"P6594","MALLC","4x2 Blk Std M I Red Tee","12","33","22","C04-09C"
"P6595","MALLC","4x2-1/2 Blk Std M I Red Tee","12","33","13","C04-02D"
"P6596","MALLC","4x3 Blk Std M I Red Tee","8","22","10","C04-15C"
"P6597","MALLC","3/4x1/2x1/2 Blk Std MI Red Tee","400","1100","781","C04-18B"
"P6598","MALLC","3/4x1/2x3/4 Blk Std MI Red Tee","320","880","1067","C04-18B"
"P6600","MALLC","1x1/2x1/2 Blk Std M I Red Tee","480","1320","848","C04-18B"
"P6601","MALLC","1x1/2x3/4 Blk Std M I Red Tee","480","1320","413","C04-01C"
"P6602","MALLC","1x3/4x1/2 Blk Std M I Red Tee","320","880","722","C04-36B"
"P6604","MALLC","1x3/4x3/4 Blk Std M I Red Tee","480","1320","860","C04-19B"
"P6605","MALLC","1x3/4x1 Blk Std M I Red Tee","240","660","528","C04-19B"
"P6606","MALLC","1-1/4x1/2x1/2 Blk Std M I Red Tee","400","1100","5","C04-26D"
"P6607","MALLC","1-1/4x1/2x3/4 Blk Std M I Red Tee","200","550","61","C04-31C"
"P6608","MALLC","1-1/4x1/2x1 Blk Std M I Red Tee","160","440","120","C04-17C"
"P6609","MALLC","1-1/4x1/2x1-1/4 Blk Std M I Red Tee","160","440","240","C04-19B"
"P6610","MALLC","1-1/4x3/4x1/2 Blk Std M I Red Tee","160","440","80","C04-21C"
"P6611","MALLC","1-1/4x3/4x3/4 Blk Std MI Tee","320","880","507","C04-19B"
"P6612","MALLC","1-1/4x3/4x1 Blk Std M I Red Te","160","440","392","C04-20B"
"P6613","MALLC","1-1/4x3/4x1-1/4 Blk Std MI Tee","160","440","-69","C04-20B"
"P6614","MALLC","1-1/4x1x1/2 Blk Std M I Red Te e","160","440","176","C04-13C"
"P6615","MALLC","1-1/4x1x3/4 Blk Std MI Red Tee","160","440","503","C04-20B"
"P6616","MALLC","1-1/4x1x1 Blk Std M I Red Tee","160","440","404","C04-20B"
"P6617","MALLC","1-1/4x1x1-1/4 Blk Std MI Red T","120","330","236","C04-20B"
"P6618","MALLC","1-1/2x1/2x1-1/2 Blk Std M I Re d Tee","96","264","3","C04-27C"
"P6619","MALLC","1-1/2x3/4x3/4 Blk Std M I Red Tee","120","330","26","C04-12C"
"P6620","MALLC","1-1/2x3/4x1-1/2 Blk Std MI Tee","192","528","784","C04-21B"
"P6621","MALLC","1-1/2x1x3/4 Blk Std M I Red Tee","96","264","72","C04-29C"
"P6622","MALLC","1-1/2x1x1 Blk Std M I Red Tee","120","330","200","C04-02C"
"P6623","MALLC","1-1/2x1x1-1/4 Blk Std MI Red T","96","264","128","C04-27C"
"P6624","MALLC","1-1/2x1x1-1/2 Blk Std M I Red Tee","96","264","50","C04-12C"
"P6625","MALLC","1-1/2x1-1/4x1/2 Blk Std M I Re d Tee","96","264","-2","C04-23C"
"P6626","MALLC","1-1/2x1-1/4x3/4 Blk Std MI Tee","96","264","161","C04-08C"
"P6627","MALLC","1-1/2x1-1/4x1 Blk Std MI Red T","96","264","34","C04-04C"
"P6628","MALLC","1-1/2x1-1/4x1-1/4 Blk Std MI T","96","264","60","C04-03C"
"P6629","MALLC","1-1/2x1-1/4x1-1/2 Blk Std M I Red Tee","96","264","108","C04-16C"
"P6631","MALLC","1-1/2X1-1/4X2 Blk Std M I Red Tee","120","330","0","C04-37D"
"P6632","MALLC","2x1/2x2 Blk Std M I Red Tee","128","352","38","C04-23C"
"P6633","MALLC","2x3/4x2 Blk Std M I Red Tee","64","176","129","C04-22B"
"P6634","MALLC","2x1x2 Blk Std M I Red Tee","128","352","186","C04-15C"
"P6635","MALLC","2x1-1/4x1-1/4 Blk Std MI Red T","64","176","92","C04-06C"
"P6636","MALLC","2x1-1/4x1-1/2 Blk Std M I Red Tee","64","176","16","C04-31C"
"P6637","MALLC","2x1-1/2x1 Blk Std M I Red Tee","48","132","10","C04-16C"
"P6638","MALLC","2x1-1/2x1-1/4 Blk Std M I Red Tee","48","132","5","C04-19C"
"P6639","MALLC","2x1-1/2x1-1/2 Blk Std MI Red T","64","176","141","C04-05C"
"P6640","MALLC","2x1-1/2x2 Blk Std M I Red Tee","64","176","131","C04-21C"
"P6641","MALLC","1/2x1/2x3/4 Blk Std M I Red Te e","480","1320","657","C04-03C"
"P6642","MALLC","1/2x1/2x1 Blk Std M I Red Tee","400","1100","260","C04-28C"
"P6643","MALLC","3/4x3/4x1-1/4 Blk Std MI Red T","160","440","559","C04-01D"
"P6644","MALLC","1x1x1-1/4 Blk Std M I Red Tee","176","484","127","C04-16C"
"P6645","MALLC","1x1x2 BH Blk Std M I Red Tee","192","528","9","C04-20D"
"P6646","MALLC","1-1/4x1-1/4x1-1/2 BH Blk Std M I Red Tee","96","264","27","C04-20D"
"P6647","MALLC","1-1/4x1-1/4x2 BH Blk Std M I R ed Tee","160","440","13","C04-20D"
"P6648","MALLC","1-1/2x1-1/2x2 BH Blk Std M I R ed Tee","128","352","109","C04-03D"
"P6650","MALLC","1/8 Blk Std M I Cap","5760","15840","207","C04-18C"
"P6651","MALLC","1/4 Blk Std M I Cap","3840","10560","746","C04-02C"
"P6652","MALLC","3/8 Blk Std M I Cap","2880","7920","1266","C04-22B"
"P6653","MALLC","1/2 Blk Std M I Cap","4800","11400","13460","C04-27A"
"P6654","MALLC","3/4 Blk Std M I Cap","2240","5280","10385","C04-28A"
"P6655","MALLC","1 Blk Std M I Cap","1100","2400","2690","C04-28A"
"P6656","MALLC","3/4x3/4x1 BH Blk Std M I Red Tee","320","880","780","C04-18B"
"P6657","MALLC","1-1/4 Blk Std M I Cap","960","1,840","2440","C04-29A"
"P6658","MALLC","1-1/2 Blk Std M I Cap","432","1188","927","C04-22B"
"P6659","MALLC","2 Blk Std M I Cap","144","396","281","C04-22B"
"P6660","MALLC","2-1/2 Blk Std M I Cap","160","440","309","C04-23B"
"P6661","MALLC","3 Blk Std M I Cap","96","264","77","C04-23B"
"P6662","MALLC","4 Blk Std M I Cap","48","132","200","C04-23B"
"P6663","MALLC","5 Blk Std M I Cap","40","110","0","C04-29C"
"P6664","MALLC","6 Blk Std M I Cap","16","44","8","C04-20C"
"P6665","MALLC","1/2 Blk Floor Flange","500","1000","2302","C04-31A"
"P6666","MALLC","3/4 Blk Floor Flange","180","495","282","C04-24B"
"P6667","MALLC","1 Blk Floor Flange","120","330","89","C04-25B"
"P6668","MALLC","1-1/4 Blk Floor Flange","330","630","695","C04-31A"
"P6669","MALLC","1-1/2 Blk Floor Flange","96","264","254","C04-02C"
"P6670","MALLC","2 Blk Floor Flange","64","176","134","C04-25B"
"P6671","MALLC","1/4 Blk Std M I Cross","960","2640","60","C04-01D"
"P6672","MALLC","3/8 Blk Std M I Cross","600","1650","25","C04-01D"
"P6673","MALLC","1/2 Blk Std M I Cross","360","990","0","C04-13C"
"P6674","MALLC","3/4 Blk Std M I Cross","240","660","138","C04-36B"
"P6675","MALLC","1 Blk Std M I Cross","120","330","98","C04-24B"
"P6676","MALLC","1-1/4 Blk Std M I Cross","80","220","25","C04-08C"
"P6677","MALLC","1-1/2 Blk Std M I Cross","64","176","15","C04-18C"
"P6678","MALLC","2 Blk Std M I Cross","40","110","31","C04-19C"
"P6679","MALLC","1/8 Blk Std M I Coupling","3360","9240","1996","C04-01B"
"P6680","MALLC","1/4 Blk Std M I Coupling","1920","5280","792","C04-01B"
"P6681","MALLC","3/8 Blk Std M I Coupling","960","2640","1288","C04-01B"
"P6682","MALLC","1/2 Blk Std M I Coupling","4320","9360","6709","C04-01A"
"P6683","MALLC","3/4 Blk Std M I Coupling","3000","7050","5533","C04-01A"
"P6684","MALLC","1 Blk Std M I Coupling","2,400","5,300","4513","C04-02A"
"P6688","MALLC","1-1/4 Blk Std M I Coupling","1088","2304","-77","C04-03A"
"P6690","MALLC","1-1/2 Blk Std M I Coupling","504","1008","621","C04-03A"
"P6691","MALLC","2 Blk Std M I Coupling","504","1032","1058","C04-04A"
"P6692","MALLC","2-1/2 Blk Banded M I Coupling","64","176","223","C04-01B"
"P6693","MALLC","3 Blk Banded M I Coupling","48","132","42","C04-01B"
"P6694","MALLC","4 Blk Banded M I Coupling","24","66","251","C04-01B"
"P6695","MALLC","1/4x1/8 Blk Std M I Red Coupli","2400","6600","436","C04-01B"
"P6696","MALLC","3/8x1/8 Blk Std M I Red Coupli ng","840","2310","236","C04-19C"
"P6697","MALLC","3/8x1/4 Blk Std M I Red Coupli","1440","3960","1599","C04-02B"
"P6698","MALLC","1/2x1/8 Blk Std M I Red Coupli","1200","3300","2443","C04-02B"
"P6699","MALLC","1/2x1/4 Blk Std M I Red Coupli","1200","3300","986","C04-02B"
"P6700","MALLC","1/2x3/8 Blk Std M I Red Coupli","960","2640","1729","C04-02B"
"P6701","MALLC","3/4x1/4 Blk Std M I Red Coupli","720","1980","638","C04-02C"
"P6702","MALLC","3/4x3/8 Blk Std M I Red Coup","720","1980","450","C04-37B"
"P6703","MALLC","3/4x1/2 Blk Std M I Red Coupli","720","1980","1264","C04-02B"
"P6704","MALLC","1x1/2 Blk Std M I Red Coupling","480","1320","1237","C04-02B"
"P6705","MALLC","1x3/4 Blk Std M I Red Coupling","400","1100","2073","C04-03B"
"P6706","MALLC","1-1/4x1/2 Blk Std MI Red Coupl","300","825","161","C04-02B"
"P6707","MALLC","1-1/4x3/4 Blk Std M I Red Coup","300","825","439","C04-03B"
"P6708","MALLC","1-1/4x1 Blk Std M I Red Coupli","240","660","1192","C04-03B"
"P6709","MALLC","1-1/2x1/2 Blk Std M I Red Coup","240","660","423","C04-02C"
"P6710","MALLC","1-1/2x3/4 Blk Std M I Red Coup","240","660","648","C04-03B"
"P6711","MALLC","1-1/2x1 Blk Std M I Red Coupli","200","550","485","C04-03B"
"P6712","MALLC","1-1/2x1-1/4 Blk Std MI Red Cpl","192","528","278","C04-03B"
"P6713","MALLC","2-1/2x2x2-1/2 Blk Std M I Red Tee","64","176","1","C04-31C"
"P6714","MALLC","2x1/2 Blk Std M I Red Coupling","144","396","-6","C04-05C"
"P6715","MALLC","2x3/4 Blk Std M I Red Coupling","144","396","295","C04-04B"
"P6716","MALLC","2x1 Blk Std M I Red Coupling","144","396","664","C04-04B"
"P6717","MALLC","2x1-1/4 Blk Std M I Red Coup","108","297","253","C04-04B"
"P6718","MALLC","2x1-1/2 Blk Std M I Red Coup","108","297","146","C04-04B"
"P6719","MALLC","2-1/2x1 Blk Std M I Red Coupli","80","220","10","C04-16C"
"P6720","MALLC","2-1/2x1-1/4 Blk Std MI Red Cpl","80","220","23","C04-15C"
"P6721","MALLC","2-1/2x1-1/2 Blk M I Red Cplg","56","154","130","C04-38B"
"SP*001853","MALLC","8 X 6 BLACK BUSHING","8","16","0","C04-37D"
"P6722","MALLC","2-1/2x2 Blk Std MI Red Coupl","56","154","139","C04-04B"
"P6723","MALLC","3x1-1/4 Blk Std M I Red Coupli ng","48","132","23","C04-22C"
"P6724","MALLC","3x1-1/2 Blk Std M I Red Coupli","48","132","14","C04-11C"
"P6725","MALLC","3x2 Blk Std M I Red Coupling","48","132","75","C04-04B"
"P6726","MALLC","3x2-1/2 Blk Std M I Red Cplg","40","110","100","C04-04B"
"P6727","MALLC","4x2 Blk Std M I Red Coupling","24","66","56","C04-38B"
"P6728","MALLC","4x2-1/2 Blk Std M I Red Coupli ng","24","66","18","C04-25C"
"P6729","MALLC","4x3 Blk Std M I Red Coupling","24","66","58","C04-04B"
"P6730","MALLC","1/4x1/8 Blk Hex Bushing","5760","15840","5914","C04-06B"
"P6731","MALLC","3/8x1/8 Blk Hex Bushing","1200","3300","0","C04-05C"
"P6732","MALLC","3/8x1/4 Blk Hex Bushing","3600","9900","5218","C04-06B"
"P6733","MALLC","1/2x1/4 Blk Hex Bushing","2400","6600","8014","C04-06B"
"P6734","MALLC","1/2x3/8 Blk Hex Bushing","2400","6600","1925","C04-06B"
"P6735","MALLC","3/4x1/4 Blk Hex Bushing","1200","3300","3261","C04-06B"
"P6736","MALLC","3/4x3/8 Blk Hex Bushing","1200","3300","3424","C04-06B"
"P6737","MALLC","3/4x1/2 Blk Hex Bushing","1200","3300","3632","C04-06B"
"P6738","MALLC","1x1/2 Blk Hex Bushing","800","2200","2563","C04-08B"
"P6739","MALLC","1x3/4 Blk Hex Bushing","1600","4400","2993","C04-08B"
"P6740","MALLC","1x1/4 Blk Hex Bushing","800","2200","677","C04-08B"
"P6741","MALLC","1x3/8 Blk Hex Bushing","800","2200","557","C04-10C"
"P6742","MALLC","1-1/4x1/2 Blk Hex Bushing","480","1320","1221","C04-08B"
"P6743","MALLC","1-1/4x3/4 Blk Hex Bushing","480","1320","3710","C04-08B"
"P6744","MALLC","1-1/4x1 Blk Hex Bushing","960","2640","2368","C04-09B"
"P6745","MALLC","1-1/2x1/2 Blk Hex Bushing","300","825","451","C04-09B"
"P6746","MALLC","1-1/2x3/4 Blk Hex Bushing","300","825","609","C04-09B"
"P6747","MALLC","1-1/2x1 Blk Hex Bushing","300","825","674","C04-09B"
"P6748","MALLC","1-1/2x1-1/4 Blk Hex Bushing","300","825","197","C04-09B"
"P6749","MALLC","2x1/2 Blk Hex Bushing","240","660","266","C04-37B"
"P6750","MALLC","2x3/4 Blk Hex Bushing","480","1320","1563","C04-09B"
"P6751","MALLC","2x1 Blk Hex Bushing","240","660","496","C04-10B"
"P6752","MALLC","2x1-1/4 Blk Hex Bushing","240","660","432","C04-10B"
"SP*001884","MALLC","2X1/8"" TAP CAP","16","16","0","C04-37D"
"P6753","MALLC","2x1-1/2 Blk Hex Bushing","480","1320","887","C04-10B"
"P6754","MALLC","2-1/2x1/2 Blk Hex Bushing","120","330","90","C04-24C"
"P6755","MALLC","2-1/2x3/4 Blk Hex Bushing","120","330","323","C04-10B"
"P6756","MALLC","2-1/2x1 Blk Hex Bushing","120","330","192","C04-04C"
"P6757","MALLC","2-1/2x1-1/4 Blk Hex Bushing","120","330","658","C04-10B"
"P6758","MALLC","2-1/2x1-1/2 Blk Hex Bushing","120","330","280","C04-10B"
"P6759","MALLC","2-1/2x2 Blk Hex Bushing","240","660","418","C04-11B"
"P6760","MALLC","3x1 Blk Hex Bushing","96","264","48","C04-04C"
"P6761","MALLC","3x1-1/4 Blk Hex Bushing","96","264","165","C04-14C"
"P6762","MALLC","3x1-1/2 Blk Hex Bushing","96","264","71","C04-05C"
"P6763","MALLC","3x2 Blk Hex Bushing","192","528","431","C04-11B"
"P6764","MALLC","3x2-1/2 Blk Hex Bushing","96","264","192","C04-11B"
"P6765","MALLC","4x1 Blk Hex Bushing","40","110","7","C04-23C"
"P6766","MALLC","4x1-1/4 Blk Hex Bushing","80","220","19","C04-37D"
"P6767","MALLC","4x1-1/2 Blk Hex Bushing","40","110","0","C04-38D"
"P6768","MALLC","4x2 Blk Hex Bushing","40","110","69","C04-10B"
"P6769","MALLC","4x2-1/2 Blk Hex Bushing","40","110","20","C04-09C"
"P6770","MALLC","4x3 Blk Hex Bushing","40","110","113","C04-11B"
"P6771","MALLC","1/2 Blk Std M I Locknut","2400","6600","821","C04-03D"
"P6772","MALLC","3/4 Blk Std M I Locknut","1440","3960","0","C04-37D"
"P6773","MALLC","1 Blk Std M I Locknut","960","2640","20","C04-03D"
"P6774","MALLC","1-1/4 Blk Std M I Locknut","720","1980","449","C04-03D"
"P6775","MALLC","1-1/2 Blk Std M I Locknut","400","1100","154","C04-03D"
"P6776","MALLC","2 Blk Std M I Locknut","300","825","105","C04-03D"
"P6777","MALLC","1/2 Blk Std M I Ext Pieces","1200","3300","1563","C04-05B"
"P6778","MALLC","3/4 Blk Std M I Ext Pieces","640","1760","713","C04-05B"
"P6779","MALLC","1 Blk Std M I Ext Pieces","360","990","526","C04-05B"
"P6780","MALLC","1-1/4 Blk Std M I Ext Pieces","240","660","296","C04-05B"
"P6781","MALLC","1-1/2 Blk Std M I Ext Pieces","160","440","441","C04-14C"
"P6782","MALLC","2 Blk Std M I Ext Pieces","120","330","6","C04-24C"
"P6783","MALLC","1/8 Blk Sq Hd Pipe Plug","14400","39600","1","C04-23B"
"P6784","MALLC","1/4 Blk Sq Hd Pipe Plug","7200","19800","898","C04-23B"
"P6785","MALLC","3/8 Blk Sq Hd Pipe Plug","4800","13200","3315","C04-23B"
"P6786","MALLC","1/2 Blk Sq Hd Pipe Plug","2400","6600","2863","C04-23B"
"P6787","MALLC","3/4 Blk Sq Hd Pipe Plug","3960","11880","9479","C04-23B"
"P6788","MALLC","1 Blk Sq Hd Pipe Plug","960","2640","1037","C04-24B"
"P6789","MALLC","1-1/4 Blk Sq Hd Pipe Plug","2,880","5,040","7347","C04-29A"
"P6790","MALLC","1-1/2 Blk Sq Hd Pipe Plug","360","990","1025","C04-24B"
"P6791","MALLC","2 Blk Sq Hd Pipe Plug","2160","3540","5047","C04-30A"
"P6792","MALLC","2-1/2 Blk Sq Hd Pipe Plug","128","352","273","C04-24B"
"P6793","MALLC","3 Blk Sq Hd Pipe Plug","128","352","225","C04-24B"
"P6794","MALLC","4 Blk Sq Hd Pipe Plug","48","132","21","C04-24B"
"P6795","MALLC","1/4 Blk M I 150# GJ Union","960","2640","-52","C04-36B"
"P6796","MALLC","3/8 Blk M I 150# GJ Union","960","2640","303","C04-05B"
"P6797","MALLC","1/2 Blk M I 150 # GJ Union","2000","4400","3554","C04-04A"
"P6798","MALLC","3/4 Blk M I 150# GJ Union","1,890","3,990","1996","C04-05A"
"P6799","MALLC","1 Blk M I 150# GJ Union","680","1480","2454","C04-06A"
"P6800","MALLC","1-1/4 Blk M I 150# GJ Union","750","1500","2037","C04-08A"
"P6802","MALLC","1-1/2 Blk M I 150# GJ Union","380","820","1077","C04-06A"
"P6803","MALLC","2 Blk M I 150# GJ Union","864","1,668","2245","C04-10A"
"P6804","MALLC","2-1/2 Blk M I 150# GJ Union","64","176","186","C04-05B"
"P6805","MALLC","3 Blk M I 150# GJ Union","64","176","203","C04-05B"
"P6806","MALLC","4 Blk M I 150# GJ Union","16","44","3","C04-38B"
"P6807","MALLC","2-1/2 Blk Std M I 45 Street El","48","132","6","C04-01D"
"P6808","MALLC","4x1-1/2 Blk Std M I Red Coupli ng","24","66","15","C04-01D"
"P6809","MALLC","2x1-1/4x1 Blk Std M I Red Tee","160","440","60","C04-03D"
"P6810","MALLC","1-1/2x1/2x1-1/4 Blk M I Red Te e","240","660","107","C04-03D"
"P6811","MALLC","1-1/2x1x1/2 Blk Std M I Red Te e","240","660","15","C04-38D"
"P6812","MALLC","3 Blk Std M I 45 Street Elbow","24","66","6","C04-01D"
"P6816","MALLC","1/8 Gal Std M I 90 Elbow","2400","6600","560","C04-02D"
"P6817","MALLC","1/4 Gal Std M I 90 Ell","1680","4620","795","C04-12C"
"P6818","MALLC","3/8 Gal Std M I 90 Elbow","1440","3960","61","C04-19C"
"P6819","MALLC","1/2 Gal Std M I 90 Elbow","800","2200","148","C04-30B"
"P6820","MALLC","3/4 Gal Std M I 90 Elbow","840","2310","640","C04-30B"
"P6821","MALLC","1 Gal Std M I 90 Elbow","720","1560","3599","C04-09A"
"P6822","MALLC","1-1/4 Gal Std M I 90 Elbow","160","440","1869","C04-30B"
"P6823","MALLC","1-1/2 Gal Std M I 90 Elbow","240","660","578","C04-30B"
"P6824","MALLC","2 Gal Std M I 90 Elbow","208","512","604","C04-09A"
"P6825","MALLC","2-1/2 Gal Std M I 90 Elbow","48","132","14","C04-09C"
"P6826","MALLC","3 Gal Std M I 90 Elbow","32","88","76","C04-30B"
"P6827","MALLC","4 Gal Std M I 90 Elbow","8","22","9","C04-01C"
"P6828","MALLC","6 Gal Std M I 90 Elbow","4","11","4","C04-02D"
"P6829","MALLC","1/8 Gal Std M I 45 Elbow","2400","6600","200","C04-38D"
"P6830","MALLC","1/4 Gal Std M I 45 Elbow","1440","3960","600","C04-02D"
"P6831","MALLC","3/8 Gal Std M I 45 Elbow","1200","3300","300","C04-02D"
"P6832","MALLC","1/2 Gal Std M I 45 Elbow","800","2200","68","C04-03C"
"P6833","MALLC","3/4 Gal Std M I 45 Elbow","480","1320","501","C04-36B"
"P6834","MALLC","1 Gal Std M I 45 Elbow","240","660","221","C04-29B"
"P6835","MALLC","1-1/4 Gal Std M I 45 Elbow","160","440","236","C04-29B"
"P6836","MALLC","1-1/2 Gal Std M I 45 Elbow","120","330","101","C04-29B"
"P6837","MALLC","2 Gal Std M I 45 Elbow","96","264","242","C04-29B"
"P6838","MALLC","2-1/2 Gal Std M I 45 Elbow","48","132","0","C04-26C"
"P6839","MALLC","3 Gal Std M I 45 Elbow","40","110","4","C04-13C"
"P6840","MALLC","4 Gal Std M I 45 Elbow","16","44","4","C04-02D"
"P6841","MALLC","6 Gal Std M I 45 Elbow","4","11","1","C04-02D"
"P6842","MALLC","1/8 Gal Std M I 90 Street Ell","2880","7920","360","C04-38D"
"P6843","MALLC","1/4 Gal Std MI 90 Street Elbow","1680","4620","170","C04-17C"
"P6844","MALLC","3/8 Gal Std M I 90 Street Elbo","960","2640","240","C04-38D"
"P6845","MALLC","1/2 Gal Std M I 90 Street Elbo","720","1980","883","C04-33C"
"P6846","MALLC","3/4 Gal Std M I 90 Str. ELBOW","420","1155","969","C04-31B"
"P6847","MALLC","1 Gal Std M I 90 Street Elbow","360","990","891","C04-31B"
"P6848","MALLC","1-1/4 Gal Std M I 90 Street El","200","550","633","C04-31B"
"P6849","MALLC","1-1/2 Gal Std M I 90 Street El","108","297","147","C04-31B"
"P6850","MALLC","2 Gal Std M I 90 Street Elbow","64","176","163","C04-31B"
"P6851","MALLC","2-1/2 Gal Std MI 90 Str Elbow","40","110","18","C04-38D"
"P6852","MALLC","3 Gal Std M I 90 Street Elbow","32","88","22","C04-23C"
"P6853","MALLC","4 Gal Std M I 90 Street Elbow","16","44","8","C04-38D"
"P6857","MALLC","1/8 Gal Std M I 45 Street Elbo w","3360","9240","0","C04-38D"
"P6859","MALLC","1/4 Gal Std M I 45 Street Elbo w","1920","5280","480","C04-02D"
"P6860","MALLC","3/8 Gal Std M I 45 Street Elbo w","1600","4400","200","C04-02D"
"P6861","MALLC","1/2 Gal Std M I 45 Street Elbow","900","2475","180","C04-25C"
"P6862","MALLC","3/4 Gal Std M I 45 Street Elbo","480","1320","10","C04-17C"
"P6863","MALLC","1 Gal Std M I 45 Street Elbow","300","825","45","C04-25C"
"P6864","MALLC","1-1/4 Gal Std M I 45 Stree Elb ow","160","440","38","C04-29C"
"P6865","MALLC","1-1/2 Gal Std M I 45 Street El","120","330","-18","C04-29B"
"P6866","MALLC","2 Gal Std M I 45 Street Elbow","96","264","0","C04-37B"
"P6867","MALLC","3 Gal Std M I 45 Street Elbow","24","66","0","C04-38D"
"P6868","MALLC","1/2 Gal Std M I S O Elbow","540","1485","0","C04-37D"
"P6869","MALLC","3/4 Gal Std M I S O Elbow","640","1760","0","C04-37D"
"P6870","MALLC","1/4x1/8 Gal Std M I 90 Red Elb ow","1920","5280","0","C04-38D"
"P6871","MALLC","3/8x1/4 Gal Std M I 90 Red Elb ow","1440","3960","0","C04-38D"
"P6872","MALLC","1/2x1/4 Gal Std M I 90 Red Elb ow","960","2640","400","C04-29C"
"P6873","MALLC","1/2x3/8 Gal Std M I 90 Red Elb ow","1600","4400","237","C04-25C"
"P6874","MALLC","3/4x1/4 Gal Std M I 90 Red Elb ow","640","1760","100","C06-05D"
"P6875","MALLC","3/4x3/8 Gal Std M I 90 Red Elb ow","640","1760","195","C04-26D"
"P6876","MALLC","3/4x1/2 Gal Std M I 90 Red Elbow","960","2640","861","C04-30B"
"P6877","MALLC","1x1/2 Gal Std M I 90 Red Elbow","400","1100","300","C04-31B"
"P6878","MALLC","1x3/4 Gal Std M I 90 Red Elbow","400","1100","961","C04-31B"
"P6879","MALLC","1-1/4x1/2 Gal Std M I 90 Red E lbow","320","880","55","C04-27C"
"P6880","MALLC","1-1/4x3/4 Gal Std M I 90 Red E lbow","240","660","241","C04-31B"
"P6881","MALLC","1-1/4x1 Gal Std M I 90 Red Elb ow","160","440","383","C04-31B"
"P6882","MALLC","1-1/2x1/2 Gal Std M I 90 Red E lbow","240","660","60","C04-05D"
"P6883","MALLC","1-1/2x3/4 Gal Std M I 90 Red Elbow","160","440","17","C04-16C"
"P6884","MALLC","1-1/2x1 Gal Std M I 90 Red Elb","160","440","257","C04-08C"
"P6885","MALLC","1-1/2x1-1/4 Gal Std M I 90 Red Elbow","120","330","85","C04-03C"
"P6886","MALLC","2x1/2 Gal Std M I 90 Red Elbow","160","440","30","C04-38D"
"P6887","MALLC","2x3/4 Gal Std M I 90 Red Elbow","144","396","27","C04-24C"
"P6888","MALLC","2x1 Gal Std M I 90 Red Elbow","112","308","16","C04-11C"
"P6889","MALLC","2x1-1/4 Gal Std M I 90 Red Elbow","160","440","14","C04-05C"
"P6890","MALLC","2x1-1/2 Gal Std MI 90 Red Elbo","160","440","24","C04-10C"
"P6891","MALLC","1/8 Gal Std M I Tee","1920","5280","284","C04-04D"
"P6892","MALLC","1/4 Gal Std M I Tee","1200","3300","180","C04-03C"
"P6893","MALLC","3/8 Gal Std M I Tee","720","1980","21","C04-26D"
"P6894","MALLC","1/2 Gal Std M I Tee","480","1320","3041","C04-33B"
"P6895","MALLC","3/4 Gal Std M I Tee","280","770","291","C04-33B"
"P6896","MALLC","1 Gal Std M I Tee","160","440","882","C04-33B"
"P6897","MALLC","1-1/4 Gal Std M I Tee","112","308","163","C04-33B"
"P6898","MALLC","1-1/2 Gal Std M I Tee","96","264","-6","C04-33B"
"P6899","MALLC","2 Gal Std M I Tee","64","176","14","C04-33B"
"P6900","MALLC","2-1/2 Gal Std M I Tee","32","88","31","C04-28C"
"P6901","MALLC","3 Gal Std M I Tee","24","66","32","C04-38B"
"P6902","MALLC","4 Gal Std M I Tee","8","22","6","C04-14C"
"P6903","MALLC","6 Gal Std M I Tee","4","11","0","C04-37D"
"P6904","MALLC","1/2x1/4 Gal Std M I Red Tee","1200","3300","15","C04-23C"
"P6905","MALLC","1/2x3/8 Gal Std M I Red Tee","640","1760","0","C04-38D"
"P6907","MALLC","3/4x1/2 Gal Std M I Red Tee","320","880","306","C04-36B"
"P6908","MALLC","1x1/4 Gal Std M I Red Tee","320","880","4","C04-04D"
"P6909","MALLC","1x3/8 Gal Std M I Red Tee","240","660","0","C04-37D"
"P6911","MALLC","1x1/2 Gal Std M I Red Tee","240","660","291","C04-34B"
"P6912","MALLC","1x3/4 Gal Std M I Red Tee","192","528","373","C04-34B"
"P6913","MALLC","1-1/4x1/2 Gal Std M I Red Tee","160","440","43","C04-38B"
"P6914","MALLC","1-1/4x3/4 Gal Std M I Red Tee","160","440","-15","C04-34B"
"P6915","MALLC","1-1/4x1 Gal Std M I Red Tee","160","440","-8","C04-36B"
"P6916","MALLC","1-1/2x1/2 Gal Std M I Red Tee","320","880","346","C04-12C"
"P6917","MALLC","1-1/2x3/4 Gal Std M I Red Tee","320","880","202","C04-01C"
"P6918","MALLC","1-1/2x1 Gal Std M I Red Tee","240","660","30","C04-01C"
"P6919","MALLC","1-1/2x1-1/4 Gal Std M I Red Te e","96","264","24","C04-12C"
"P6920","MALLC","2x1/2 Gal Std M I Red Tee","80","220","7","C04-14C"
"P6921","MALLC","2x3/4 Gal Std M I Red Tee","80","220","153","C04-34B"
"P6922","MALLC","2x1 Gal Std M I Red Tee","80","220","110","C04-37B"
"P6923","MALLC","2x1-1/4 Gal Std M I Red Tee","64","176","41","C04-04C"
"P6924","MALLC","2x1-1/2 Gal Std M I Red Tee","64","176","35","C04-02C"
"P6925","MALLC","2-1/2x1/2 Gal Std M I Red Tee","48","132","0","C04-38D"
"P6926","MALLC","2-1/2x3/4 Gal Std M I Red Tee","48","132","0","C04-37D"
"P6927","MALLC","2-1/2x1 Gal Std M I Red Tee","40","110","5","C04-04D"
"P6929","MALLC","2-1/2x1-1/4 Gal Std M I Red Te e","40","110","48","C04-04D"
"P6931","MALLC","2-1/2x1-1/2 Gal Std M I Red Te e","40","110","0","C04-38D"
"P6933","MALLC","2-1/2x2 Gal Std M I Red Tee","64","176","10","C04-04D"
"P6934","MALLC","3x3/4 Gal Std M I Red Tee","72","198","18","C04-12C"
"P6935","MALLC","3x1 Gal Std M I Red Tee","24","66","6","C04-20C"
"P6936","MALLC","3x1-1/4 Gal Std M I Red Tee","24","66","0","C04-37D"
"P6937","MALLC","3x1-1/2 Gal Std M I Red Tee","24","66","7","C04-27C"
"P6938","MALLC","3x2 Gal Std M I Red Tee","24","66","38","C04-12C"
"P6939","MALLC","3x2-1/2 Gal Std M I Red Tee","24","66","0","C04-38D"
"P6940","MALLC","4x1-1/2 Gal Std M I Red Tee","32","88","0","C04-37D"
"P6941","MALLC","4x2 Gal Std M I Red Tee","12","33","0","C04-21C"
"P6942","MALLC","4x2-1/2 Gal Std M I Red Tee","12","33","0","C04-38D"
"P6943","MALLC","4x3 Gal Std M I Red Tee","8","22","11","C04-04D"
"P6944","MALLC","3/4x1/2x1/2 Gal Std M I Red Te e","288","792","65","C04-06C"
"P6945","MALLC","3/4x1/2x3/4 Gal Std M I Red Te e","320","880","0","C04-14C"
"P6946","MALLC","1x1/2x1/2 Gal Std M I Red Tee","480","1320","212","C04-28C"
"P6947","MALLC","1x1/2x3/4 Gal Std M I Red Tee","480","1320","4","C04-38D"
"P6948","MALLC","1x3/4x1/2 Gal Std M I Red Tee","320","880","4","C04-38D"
"P6949","MALLC","1x3/4x3/4 Gal Std M I Red Tee","240","660","105","C04-01C"
"P6950","MALLC","1x3/4x1 Gal Std M I Red Tee","240","660","6","C04-37B"
"P6951","MALLC","1-1/4x1/2x1/2 Gal Std M I Red Tee","400","1100","36","C04-04D"
"P6953","MALLC","1-1/4x1/2x3/4 Gal Std M I Red Tee","200","550","0","C04-37D"
"P6954","MALLC","1-1/4x1/2x1 Gal Std M I Red Te e","160","440","0","C04-38D"
"P6955","MALLC","1-1/4x1/2x1-1/4 Gal Std M I Re d Tee","160","440","26","C04-38D"
"P6956","MALLC","1-1/4x3/4x1/2 Gal Std M I Red Tee","160","440","40","C04-04D"
"P6957","MALLC","1-1/4x3/4x3/4 Gal Std M I Red Tee","160","440","18","C04-06C"
"P6958","MALLC","1-1/4x3/4x1 Gal Std M I Red Te e","160","440","40","C04-37D"
"P6959","MALLC","1-1/4x3/4x1-1/4 Gal MI Red Tee","160","440","-5","C04-03C"
"P6960","MALLC","1-1/4x1x1/2 Gal Std M I Red Te e","160","440","25","C04-21C"
"P6961","MALLC","1-1/4x1x3/4 Gal Std M I Red Te e","160","440","40","C04-24C"
"P6962","MALLC","1-1/4x1x1 Gal Std M I Red Tee","160","440","0","C04-08C"
"P6963","MALLC","1-1/4x1x1-1/4 Gal Std MI Red Tee","120","330","7","C04-09C"
"P6964","MALLC","1-1/2x1/2x1-1/2 Gal Std M I Re d Tee","96","264","24","C04-04D"
"P6965","MALLC","1-1/2x3/4x3/4 Gal Std M I Red Tee","120","330","174","C04-04D"
"P6966","MALLC","1-1/2x3/4x1-1/2 Gal Std M I Re d Tee","96","264","19","C04-30C"
"P6967","MALLC","1-1/2x1x1 Gal Std M I Red Tee","120","330","1","C04-25C"
"P6968","MALLC","1-1/2x1x1-1/4 Gal Std M I Red Tee","96","264","0","C04-38D"
"P6969","MALLC","1-1/2x1x1-1/2 Gal Std MI Red Tee","96","264","24","C04-25C"
"P6970","MALLC","1-1/2x1-1/4x1/2 Gal Std M I Re d Tee","96","264","0","C04-38D"
"P6971","MALLC","1-1/2x1-1/4x3/4 Gal Std M I Re d Tee","96","264","0","C04-38D"
"P6972","MALLC","1-1/2x1-1/4x1 Gal Std M I Red Tee","96","264","17","C04-15C"
"P6973","MALLC","1-1/2x1-1/4x1-1/4 Gal Std M I Red Tee","96","264","2","C04-25C"
"P6974","MALLC","1-1/2x1-1/4x1-1/2 Gal Std M I Red Tee","96","264","22","C04-04D"
"P6975","MALLC","1-1/2x1-1/4x2 Gal Std M I Red Tee","120","330","0","C04-37D"
"P6976","MALLC","2x1/2x2 Gal Std M I Red Tee","32","88","27","C04-04D"
"P6977","MALLC","2x3/4x2 Gal Std M I Std M I Re d Tee","64","176","20","C04-08C"
"P6978","MALLC","2x1x2 Gal Std M I Red Tee","128","352","14","C04-28C"
"P6979","MALLC","2x1-1/4x1-1/4 Gal Std M I Red Tee","64","176","0","C04-28C"
"P6980","MALLC","2x1-1/4x1-1/2 Gal Std M I Red Tee","64","176","0","C04-37D"
"P6981","MALLC","2x1-1/2x1 Gal Std M I Red Tee","80","220","11","C04-04D"
"P6982","MALLC","2X1-1/2X1-1/4 Gal Std M I Red Tee","64","176","12","C04-04D"
"P6983","MALLC","2x1-1/2x1-1/2 Gal Std M I Red Tee","64","176","120","C04-24C"
"P6984","MALLC","2x1-1/2x2 Gal Std M I Red Tee","64","176","16","C04-30C"
"P6985","MALLC","1/2x1/2x3/4 BH Gal Std M I Red Tee","480","1320","23","C04-19C"
"P6986","MALLC","1/2x1/2x1 BH Gal Std M I Red T ee","400","1100","0","C04-38D"
"P6987","MALLC","3/4x3/4x1-1/4 BH Gal Std M I R ed Tee","400","1100","260","C04-04D"
"P6988","MALLC","1x1x1-1/4 BH Gal Std M I Red T ee","176","484","10","C04-14C"
"P6989","MALLC","1x1x1-1/2 BH Gal Std M I Red T ee","144","396","4","C04-38D"
"P6990","MALLC","1x1x2 BH Gal Std M I Red Tee","192","528","30","C04-04D"
"P6991","MALLC","1-1/4x1-1/4x1-1/2 BH Gal Std M I Red Tee","96","264","3","C04-38D"
"P6992","MALLC","1-1/4x1-1/4x2 BH Gal Std M I R ed Tee","160","440","0","C04-38D"
"P6993","MALLC","1-1/2x1-1/2x2 BH Gal Std M I R ed Tee","128","352","24","C04-38D"
"P6995","MALLC","1/4 Gal Std M I Cap","3840","10560","400","C04-23C"
"P6996","MALLC","3/8 Gal Std M I Cap","2880","7920","343","C04-15C"
"P6997","MALLC","1/2 Gal Std M I Cap","1200","3300","788","C04-34B"
"P6998","MALLC","3/4 Gal Std M I Cap","640","1760","575","C04-34B"
"P6999","MALLC","1 Gal Std M I Cap","400","1100","800","C04-34B"
"P7000","MALLC","1-1/4 Gal Std M I Cap","320","880","-10","C04-34B"
"P7001","MALLC","1-1/2 Gal Std M I Cap","216","594","8","C04-34B"
"P7002","MALLC","2 Gal Std M I Cap","144","396","57","C04-35B"
"P7003","MALLC","2-1/2 Gal Std M I Cap","160","440","11","C04-21C"
"P7004","MALLC","3 Gal Std M I Cap","96","264","285","C04-37B"
"P7005","MALLC","4 Gal Std M I Cap","96","264","259","C04-13C"
"P7006","MALLC","5 Gal Std M I Cap","40","110","7","C04-04D"
"P7007","MALLC","6 Gal Std M I Cap","16","44","1","C04-30C"
"P7008","MALLC","1/2 Gal Floor Flange","200","550","222","C04-23C"
"P7009","MALLC","3/4 Gal Floor Flange","180","495","646","C04-24C"
"P7010","MALLC","1 Gal Floor Flange","120","330","305","C04-13C"
"P7011","MALLC","1-1/4 Gal Floor Flange","120","330","424","C04-06C"
"P7012","MALLC","1-1/2 Gal Floor Flange","96","264","354","C04-21C"
"P7013","MALLC","2 Gal Floor Flange","128","352","247","C04-38B"
"P7014","MALLC","1/4 Gal Std M I Cross","1920","5280","0","C04-38D"
"P7015","MALLC","3/8 Gal Std M I Cross","600","1650","0","C04-37D"
"P7016","MALLC","1/2 Gal Std M I Cross","360","990","90","C04-04D"
"P7017","MALLC","3/4 Gal Std M I Cross","240","660","26","C04-11C"
"P7018","MALLC","1 Gal Std M I Cross","120","330","9","C04-20C"
"P7019","MALLC","1-1/4 Gal Std M I Cross","80","220","40","C04-04D"
"P7020","MALLC","1-1/2 Gal Std M I Cross","64","176","12","C04-04D"
"P7021","MALLC","2 Gal Std M I Cross","40","110","10","C04-04D"
"P7022","MALLC","1/8 Gal Std M I Coupling","3360","9240","585","C04-10C"
"P7023","MALLC","1/4 Gal Std M I Coupling","3360","9240","401","C04-16C"
"P7024","MALLC","3/8 Gal Std M I Coupling","1920","5280","2671","C04-16C"
"P7025","MALLC","1/2 Gal Std M I Coupling","960","2640","1580","C04-25B"
"P7026","MALLC","3/4 Gal Std M I Coupling","600","1650","99","C04-25B"
"P7027","MALLC","1 Gal Std M I Coupling","400","1100","78","C04-25B"
"P7028","MALLC","1-1/4 Gal Std M I Coupling","256","704","482","C04-25B"
"P7029","MALLC","1-1/2 Gal Std M I Coupling","144","396","122","C04-26B"
"P7030","MALLC","2 Gal Std M I Coupling","96","264","237","C04-26B"
"P7031","MALLC","2-1/2 Gal Banded M I Coupling","64","176","22","C04-11C"
"P7032","MALLC","3 Gal Banded M I Coupling","48","132","124","C04-26B"
"P7033","MALLC","4 Gal Banded M I Coupling","24","66","-16","C04-04C"
"P7034","MALLC","1/4x1/8 Gal Std M I Red Coupl","640","1760","600","C04-03D"
"P7035","MALLC","3/8x1/8 Gal Std M I Red Coupli ng","1680","4620","200","C04-03D"
"P7036","MALLC","3/8x1/4 Gal Std M I Red Coupli ng","1440","3960","90","C04-03D"
"P7037","MALLC","1/2x1/8 Gal Std M I Red Coupli ng","1200","3300","0","C04-38D"
"P7038","MALLC","1/2x1/4 Gal Std M I Red Coupli","1200","3300","66","C04-20C"
"P7039","MALLC","1/2x3/8 Gal Std MI Red Coupl","960","2640","1590","C04-26B"
"P7040","MALLC","3/4x1/4 Gal Std M I Red Coup","720","1980","0","C04-19C"
"P7041","MALLC","3/4x3/8 Gal Std M I Red Coupli ng","720","1980","133","C04-05C"
"P7042","MALLC","3/4x1/2 Gal Std M I Red Coup","720","1980","386","C04-26B"
"P7043","MALLC","1x1/2 Gal Std M I Red Coupling","480","1320","1209","C04-26B"
"P7044","MALLC","1x3/4 Gal Std M I Red Coupling","400","1100","769","C04-26B"
"P7045","MALLC","1-1/4x1/2 Gal Std M I Red Coup ling","300","825","60","C04-18C"
"P7046","MALLC","1-1/4x3/4 Gal Std M I Red Coup","300","825","200","C04-26B"
"P7047","MALLC","1-1/4x1 Gal Std M I Red Coupli","240","660","245","C04-27B"
"P7048","MALLC","1-1/2x1/2 Gal Std M I Red Coup ling","240","660","17","C04-03D"
"P7049","MALLC","1-1/2x3/4 Gal Std M I Red Coup","240","660","198","C04-27B"
"P7050","MALLC","1-1/2x1 Gal Std M I Red Coupl","200","550","261","C04-27B"
"P7051","MALLC","1-1/2x1-1/4 Gal Std MI Red Cpl","192","528","267","C04-27B"
"P7052","MALLC","2x1/2 Gal Std M I Red Coupling","144","396","12","C04-03D"
"P7053","MALLC","2x3/4 Gal Std M I Red Coupling","144","396","73","C04-36B"
"P7054","MALLC","2x1 Gal Std M I Red Coupling","144","396","202","C04-27B"
"P7055","MALLC","2x1-1/4 Gal Std M I Red Coupli","108","297","22","C04-27B"
"P7056","MALLC","2x1-1/2 Gal Std M I Red Coupli","108","297","96","C04-27B"
"P7057","MALLC","2-1/2x1 Gal Std M I Red Coupli ng","80","220","10","C04-38D"
"P7058","MALLC","2-1/2x1-1/4 Gal Std M I Red Co upling","160","440","9","C04-38D"
"P7059","MALLC","2-1/2x1-1/2 Gal Std M I Red Co upling","160","440","0","C04-38D"
"P7060","MALLC","2-1/2x2 Gal Std M I Red Coupli ng","56","154","30","C04-09C"
"P7061","MALLC","3x1-1/4 Gal Std M I Red Coupli ng","128","352","12","C04-03D"
"P7062","MALLC","3x1-1/2 Gal Std M I Red Coupli ng","48","132","6","C04-03D"
"P7063","MALLC","3x2 Gal Std M I Red Coupling","48","132","59","C04-27B"
"P7064","MALLC","3x2-1/2 Gal Std M I Red Coupli ng","96","264","8","C04-22C"
"P7065","MALLC","4x2 Gal Std M I Red Coupling","24","66","0","C04-21C"
"P7066","MALLC","4x2-1/2 Gal Std M I Red Coupli ng","24","66","6","C04-38D"
"P7067","MALLC","4x3 Gal Std M I Red Coupling","24","66","69","C04-09C"
"P7068","MALLC","1/4x1/8 Gal Hex Bushing","5760","15840","0","C04-37D"
"P7069","MALLC","3/8x1/8 Gal Hex Bushing","3600","9900","225","C04-02D"
"P7070","MALLC","3/8x1/4 Gal Hex Bushing","3600","9900","65","C04-17C"
"P7071","MALLC","1/2x1/4 Gal Hex Bushing","2400","6600","114","C04-01C"
"P7072","MALLC","1/2x3/8 Gal Hex Bushing","4800","13200","1802","C04-04C"
"P7073","MALLC","3/4x1/4 Gal Hex Bushing","1200","3300","277","C04-09C"
"P7074","MALLC","3/4x3/8 Gal Hex Bushing","1200","3300","25","C04-02D"
"P7075","MALLC","3/4x1/2 Gal Hex Bushing","1200","3300","1053","C04-28B"
"P7076","MALLC","1x1/2 Gal Hex Bushing","800","2200","142","C04-38B"
"P7077","MALLC","1x3/4 Gal Hex Bushing","800","2200","237","C04-28B"
"P7078","MALLC","1x1/4 Gal Hex Bushing","800","2200","2181","C04-06C"
"P7079","MALLC","1x3/8 Gal Hex Bushing","800","2200","543","C04-31C"
"P7080","MALLC","1-1/4x1/2 Gal Hex Bushing","480","1320","90","C04-18C"
"P7081","MALLC","1-1/4x3/4 Gal Hex Bushing","480","1320","12","C04-37B"
"P7082","MALLC","1-1/4x1 Gal Hex Bushing","480","1320","119","C04-29B"
"P7083","MALLC","1-1/2x1/2 Gal Hex Bushing","300","825","77","C04-21C"
"P7084","MALLC","1-1/2x3/4 Gal Hex Bushing","300","825","291","C04-03C"
"P7085","MALLC","1-1/2x1 Gal Hex Bushing","300","825","491","C04-29B"
"P7086","MALLC","1-1/2x1-1/4 Gal Hex Bushing","300","825","87","C04-36B"
"P7087","MALLC","2x1/2 Gal Hex Bushing","240","660","175","C04-24C"
"P7088","MALLC","2x3/4 Gal Hex Bushing","240","660","59","C04-03C"
"P7089","MALLC","2x1 Gal Hex Bushing","240","660","484","C04-02C"
"P7090","MALLC","2x1-1/4 Gal Hex Bushing","480","1320","26","C04-02C"
"P7091","MALLC","2x1-1/2 Gal Hex Bushing","240","660","53","C04-29B"
"P7092","MALLC","2-1/2x1/2 Gal Hex Bushing","240","660","0","C04-38D"
"P7093","MALLC","2-1/2x3/4 Gal Hex Bushing","120","330","0","C04-38D"
"P7094","MALLC","2-1/2x1 Gal Hex Bushing","120","330","89","C04-02D"
"P7095","MALLC","2-1/2x1-1/4 Gal Hex Bushing","120","330","5","C04-02D"
"P7096","MALLC","2-1/2x1-1/2 Gal Hex Bushing","240","660","-15","C04-38D"
"P7097","MALLC","2-1/2x2 Gal Hex Bushing","120","330","42","C04-04C"
"P7098","MALLC","3x1 Gal Hex Bushing","96","264","4","C04-02D"
"P7099","MALLC","3x1-1/4 Gal Hex Bushing","96","264","119","C04-02D"
"P7100","MALLC","3x1-1/2 Gal Hex Bushing","96","264","143","C04-17C"
"P7101","MALLC","3x2 Gal Hex Bushing","96","264","259","C04-29B"
"P7102","MALLC","3x2-1/2 Gal Hex Bushing","96","264","0","C04-15C"
"P7103","MALLC","4x1 Gal Hex Bushing","80","220","0","C04-37D"
"P7104","MALLC","4x1-1/4 Gal Hex Bushing","80","220","20","C04-02D"
"P7105","MALLC","4x1-1/2 Gal Hex Bushing","80","220","0","C04-38D"
"P7106","MALLC","4x2 Gal Hex Bushing","40","110","25","C04-12C"
"P7107","MALLC","4x2-1/2 Gal Hex Bushing","80","220","30","C04-02D"
"P7108","MALLC","4x3 Gal Hex Bushing","40","110","90","C04-02C"
"P7109","MALLC","1/2 Gal Std M I Locknut","2400","6600","198","C04-38D"
"P7110","MALLC","3/4 Gal Std M I Locknut","1440","3960","180","C04-04D"
"P7111","MALLC","1 Gal Std M I Locknut","960","2640","180","C04-04D"
"P7112","MALLC","1-1/4 Gal Std M I Locknut","720","1980","0","C04-38D"
"P7113","MALLC","1-1/2 Gal Std M I Locknut","540","1485","0","C04-37D"
"P7114","MALLC","2 Gal Std M I Locknut","300","825","0","C04-37D"
"P7115","MALLC","1/2 Gal Std M I Ext Pieces","1200","3300","0","C04-38D"
"P7116","MALLC","3/4 Gal Std M I Ext Pieces","640","1760","0","C04-38D"
"P7117","MALLC","1 Gal Std M I Ext Pieces","360","990","44","C04-03D"
"P7118","MALLC","1-1/4 Gal Std M I Ext Pieces","240","660","18","C04-02D"
"P7119","MALLC","1-1/2 Gal Std M I Ext Pieces","160","440","15","C04-02D"
"P7120","MALLC","2 Gal Std M I Ext Pieces","120","330","36","C04-02D"
"P7121","MALLC","1/8 Gal Sq Hd Pipe Plug","14400","39600","600","C04-04D"
"P7122","MALLC","1/4 Gal Sq Hd Pipe Plug","7200","19800","0","C04-10C"
"P7123","MALLC","3/8 Gal Sq Hd Pipe Plug","4800","13200","-36","C04-10C"
"P7124","MALLC","1/2 Gal Sq Hd Pipe Plug","2400","6600","609","C04-35B"
"P7125","MALLC","3/4 Gal Sq Hd Pipe Plug","1440","3960","-15","C04-35B"
"P7126","MALLC","1 Gal Sq Hd Pipe Plug","960","2640","1409","C04-35B"
"P7127","MALLC","1-1/4 Gal Sq Hd Pipe Plug","480","1320","872","C04-35B"
"P7128","MALLC","1-1/2 Gal Sq Hd Pipe Plug","360","990","86","C04-35B"
"P7129","MALLC","2 Gal Sq Hd Pipe Plug","660","1980","2136","C04-35B"
"P7130","MALLC","2-1/2 Gal Sq Hd Pipe Plug","128","352","1","C04-26C"
"P7131","MALLC","3 Gal Sq Hd Pipe Plug","128","352","23","C04-13C"
"P7132","MALLC","4 Gal Sq Hd Pipe Plug","48","132","0","C04-16C"
"P7133","MALLC","1/4 Gal M I 150# GJ Union","960","2640","190","C04-02D"
"P7134","MALLC","3/8 Gal M I 150# GJ Union","960","2640","25","C04-02D"
"P7135","MALLC","1/2 Gal M I 150# GJ Union","400","1100","1134","C04-27B"
"P7136","MALLC","3/4 Gal MI 150# GJ Union","280","770","-6","C04-28B"
"P7137","MALLC","1 Gal M I 150# GJ Union","160","440","112","C04-28B"
"P7138","MALLC","1-1/4 Gal M I 150# GJ Union","120","330","0","C04-28B"
"P7139","MALLC","1-1/2 Gal M I 150# GJ Union","160","440","412","C04-28B"
"P7140","MALLC","2 Gal M I 150# GJ Union","48","132","42","C04-28B"
"P7141","MALLC","2-1/2 Gal M I 150# GJ Union","32","88","3","C04-02D"
"P7142","MALLC","3 Gal M I 150# GJ Union","32","88","34","C04-08C"
"P7143","MALLC","4 Gal M I 150# GJ Union","16","44","0","C04-37D"
"P7144","MALLC","1x1/2x1 Blk Std MI Red Tee","360","990","489","C04-18B"
"P7145","MALLC","1x1/2x1 Gal Std MI Red Tee","360","990","58","C04-22C"
"P7251","MALLC","2-1/2 Gal M I 45 STR ELBOW","48","132","12","C04-02D"
"P7291","MALLC","3/8 X 1/8 BLK 90 RED ELL","1680","4620","70","C04-01D"
"P7332","MALLC","34X34X1 GALV STD M.I.TEE 3/4X3/4X1 GALV B.H. TEE","32","88","0","C04-38D"
"P7337","MALLC","4x2 Blk Std M I Red Elbow 90","32","88","5","C04-11C"
"P7341","MALLC","4x3 Blk Std M I Red Elbow 90","32","88","11","C04-13C"
"P7344","MALLC","3/4x1/8 Blk M I Red Coupling","840","2310","264","C04-02B"
"P7345","MALLC","3/4x1/8 Blk M I Hex Bushing","1200","3300","2479","C04-06B"
"P7346","MALLC","1x1/8 Blk M I Hex Bushing","800","2200","1716","C04-08B"
"P7347","MALLC","1-1/4x1/4 Blk Hex Bushing","480","1320","632","C04-28C"
"P7348","MALLC","6x3 Blk Hex Bushing","16","44","14","C04-20C"
"P7349","MALLC","6x4 Blk Hex Bushing","16","44","25","C04-38B"
"P7350","MALLC","1/2 Blk M I Service Tee","480","1320","120","C04-01D"
"P7351","MALLC","3/4 Blk M I Service Tee","300","825","39","C04-01D"
"P7352","MALLC","1-1/4 Blk M I Service Tee","32","88","25","C04-01D"
"P7353","MALLC","6 Blk Sq Hd Pipe Plug","40","110","2","C04-22C"
"P7354","MALLC","4x1-1/4 Blk M I Red Tee","32","88","0","C04-02D"
"P7355","MALLC","3-1/2x3 Gal Hex Bushing","64","176","0","C04-37D"
"P7356","MALLC","3/4x1/4 Gal M I Red Tee","400","1100","177","C04-38D"
"P7357","MALLC","3/4x3/4x1 Gal BH Red Tee","320","880","53","C04-19C"
"P7364","MALLC","1 BLK SO TEE","160","440","0","C04-37D"
"P7365","MALLC","3/8 Blk Floor Flange","300","825","272","C04-03D"
"P7366","MALLC","6x4 Gal Hex Bushing","16","44","1","C04-29C"
"P7368","MALLC","5"" BLK MI COUPLING","32","88","0","C04-38D"
"P7370","MALLC","1/8 Blk M I 150# GJ Union","960","2640","89","C04-20C"
"P7374","MALLC","5 Blk Std M I Tee","8","22","5","C04-31C"
"P7375","MALLC","1/2 BLK STD MI SIDE OUTLET TEE","400","1100","100","C04-31C"
"P7376","MALLC","2x3/4 Blk Std MI 90 Red EL","144","396","109","C04-14B"
"P7377","MALLC","3x2-1/2 Blk Std MI 90 Red El","32","88","32","C04-22C"
"P7422","MALLC","1/2x1/8 Blk Hex Bushing","2400","6600","3688","C04-06B"
"P7423","MALLC","1-1/4x1/8 Blk Hex Bushing","64","176","110","C04-26D"
"P7424","MALLC","2x3/8 Blk MI Hex Bushing","240","660","58","C04-38D"
"P7425","MALLC","3x2 Blk M I Red 90 Elbow","32","88","136","C04-15B"
"P7432","MALLC","3/4 BLK MI SIDE OUTLET TEE","240","660","0","C04-38D"
"P7439","MALLC","1/2 BLK LEFT&RIGHT MI COUPLING","960","2640","206","C04-10C"
"P7440","MALLC","3/4 BLK LEFT&RIGHT MI COUPLING","600","1650","527","C04-25B"
"P7441","MALLC","1-1/4 BLK LEFT & RIGHT MI CPLG","256","704","210","C04-25B"
"P7442","MALLC","1-1/2 BLK LEFT & RIGHT MI CPLG","144","396","0","C04-01C"
"P7459","MALLC","2 BLK LEFT & RIGHT MI COUPLING","64","176","17","C04-37B"
"P7466","MALLC","2 BLK STD MI SIDE OUTLET TEE","200","550","0","C04-37D"
"P7467","MALLC","2-1/2 BLK STD MI CROSS","24","66","1","C04-01D"
"P7468","MALLC","2x1-1/4x2 Blk Std MI Red Tee","64","176","99","C04-14C"
"P7522","MALLC","1 Blk Std MI S O Elbow","160","440","20","C04-01D"
"P7524","MALLC","1-1/2x1/4 Blk Hex Bushing","300","825","25","C04-23C"
"P7525","MALLC","5 Blk Banded Coupling","8","22","8","C04-29C"
"P7618","MALLC","1/2 GAL MI SERVICE TEE","240","240","0","C04-37D"
"P7619","MALLC","2x1x1 Blk Std MI Red Tee","96","264","40","C04-18C"
"P7624","MALLC","6 Blk Banded MI Coupling","8","22","1","C04-38D"
"P7625","MALLC","6 Gal Banded MI Coupling","8","22","0","C04-38D"
"P7626","MALLC","3x2 Gal Std MI 90 Elbow","32","88","-4","C04-15C"
"P7633","MALLC","1x3/8 Blk Std MI Red Coup","480","1320","370","C04-30C"
"P7634","MALLC","1-1/2X3/8 Blk Std Bushing","300","825","206","C04-01D"
"P7635","MALLC","2-1/2x2 Blk Std M I Red Ells","32","88","0","C04-38D"
"P7636","MALLC","1X1X1-1/2 Bld Std MI Red Tee","32","88","0","C04-38D"
"P7654","MALLC","3/4 Gal Std M I S O Tee","240","660","240","C04-04D"
"P7655","MALLC","6x4 Blk Std MI Red Coupling","32","88","0","C04-01D"
"P7656","MALLC","2-1/2X2 Blk Std MI 90 Red Elbo","48","132","24","C04-05C"
"P7657","MALLC","2x1-1/2x3/4 Blk Std MI Red Tee","80","220","0","C04-38D"
"P7658","MALLC","1 GALV STD M.I. S O TEE","160","440","0","C04-37D"
"P7660","MALLC","3x1 Blk Std MI Red Cplg","48","132","27","C04-13C"
"P7661","MALLC","1 Gal MI Service Tee","160","440","0","C04-34A"
"P7662","MALLC","6 Gal MI Std COUPLINGS","16","44","0","C04-37D"
"P7672","MALLC","3/4x1/4 Std Blk M I Red Tee","400","1100","840","C04-36B"
"P7673","MALLC","1x1x1-1/2 Blk Std M I Red Tee","144","396","54","C04-20D"
"P7678","MALLC","1/8 Std Blk Mall Cross","32","88","30","C04-01D"
"P7683","MALLC","4x2-1/2 Blk Std MI 90 Red Elb","32","88","1","C04-28C"
"P7685","MALLC","3/8x1/4 Blk Std M I Red Tee","1920","5280","305","C04-01D"
"P7686","MALLC","3x3/4 Blk Hex Bushing","96","264","76","C04-15C"
"P7689","MALLC","1/8 Gal Std M I Cap","5760","15840","0","C04-38D"
"P7690","MALLC","1/8 Blk Floor Flange","1440","3960","0","C04-29C"
"P7691","MALLC","1/4 Blk Floor Flange","120","330","30","C04-03D"
"P7693","MALLC","3/4x3/8 Blk Std M I Red Tee","400","1100","71","C04-01D"
"P7694","MALLC","3\8 Gal Service Tees","32","88","0","C04-38D"
"P7695","MALLC","1/2 Gal Service Tees","480","1320","0","C04-37D"
"P7696","MALLC","3/4 Gal Service Tees","300","825","0","C04-37D"
"P7697","MALLC","1/2 Gal MI SO Tee","400","1100","0","C04-38D"
"P7698","MALLC","1-1/4 Gal Std MI SO Tee","72","198","0","C04-37D"
"P7699","MALLC","1 Gal Std M I SO Elbow","160","440","0","C04-38D"
"P7700","MALLC","5 Gal Banded MI Couplings","8","22","5","C04-03D"
"P7701","MALLC","2-1/2 Gal Std MI Cross","24","66","0","C04-37D"
"P7702","MALLC","3/8 Gal Floor Flange","300","825","0","C04-38D"
"P7703","MALLC","1/4 Gal Std M I Locknut","3000","8250","0","C04-38D"
"P7704","MALLC","3/8 Gal Std M I Locknut","3000","8250","373","C04-38D"
"P7705","MALLC","6 Gal Sq Hd Pipe Plug","40","110","1","C04-38D"
"P7706","MALLC","1/8 Gal M I 150# GJ Union","960","2640","424","C04-02D"
"P7707","MALLC","3/4x1/8 Gal Std M I Red Coupl MALLC GALCHI","840","2310","0","C04-03D"
"P7708","MALLC","1x1/4 Gal Std M I Red Coupling","540","1485","50","C04-03D"
"P7709","MALLC","1x3/8 Gal Std M I Red Coupli","480","1320","100","C04-38D"
"P7710","MALLC","1/2x1/8 Gal Hex Bushing","2400","6600","325","C04-02D"
"P7711","MALLC","3/4x1/8 Gal Hex Bushing","1200","3300","225","C04-26D"
"P7712","MALLC","1-1/4x1/4 Gal Hex Bushing","480","1320","29","C04-02D"
"P7713","MALLC","1-1/4x3/8 Gal Hex Bushing","480","1320","25","C04-02D"
"P7714","MALLC","2x3/8 Gal Hex Bushing","240","660","0","C04-37D"
"P7715","MALLC","6X3 Gal Hex Bushing","16","44","15","C04-05D"
"P7716","MALLC","2-1/2x1-1/4 Gal 90 RED ELL","12","12","0","C04-37D"
"P7717","MALLC","2-1/2x1-1/2 Gal 90 RED ELL","48","132","0","C04-38D"
"P7718","MALLC","2-1/2x2 Gal 90 Red Elbow","48","132","24","C04-38D"
"P7719","MALLC","1/4x1/8 Gal Std M I Red Tee","32","88","200","C04-04D"
"P7720","MALLC","2x2x2-1/2 Gal Std Red Tee","48","132","0","C04-37D"
"P7722","MALLC","5 Gal Std M I 90 Elbow","8","22","4","C04-38D"
"P7723","MALLC","5 Gal Std M I 45 Elbow","4","11","1","C04-02D"
"P7724","MALLC","2-1/2x1 Gal Std 90 Red Elbow","32","88","0","C04-38D"
"P7725","MALLC","3x1-1/4 Gal Std 90 Red Elbow","32","88","0","C04-38D"
"P7726","MALLC","3x2-1/2 Gal Std 90 Red Elbow","32","88","0","C04-38D"
"P7727","MALLC","1-1/2x1 Gal Std M I 90 Red Str eet Elbow","32","88","0","C04-38D"
"P7728","MALLC","1x1/4 Blk Std M I Red Coupling","540","1485","346","C04-24C"
"P7729","MALLC","4x1-1/2 Gal Std M I Red Coupli ng","24","66","0","C04-38D"
"P7794","MALLC","1-1/4 Gal Hex Socket Plug Stl","32","88","0","C04-38D"
"P7843","MALLC","6x2 1/2 GAL STD M I RED COUP","8","12","0","C04-37D"
"P7844","MALLC","8x6 GAL STD M I RED TEE","8","16","0","C04-37D"
"P7845","MALLC","8x3 GAL STD M I RED TEE","8","16","0","C04-37D"
"P7846","MALLC","8x6 GAL STD M I RED COUP","8","16","0","C04-37D"
"P7847","MALLC","8 GAL BANDED M I COUPLING","8","16","0","C04-37D"
"P8200","MALLC","1 BLK LEFT & RIGHT MI COUPLING","400","1100","28","C04-25B"
"P8526","MALLC","5 Blk Sq Countersunk Pipe Plug","6","10","0","C04-37D"
"P9034","MALLC","2x1 DOUBLE TAP BUSHING","32","88","59","C04-38D"
"P9345","MALLC","2-1/2x2-1/2x3 Blk MI BH Tee","12","12","0","C04-37D"
"P9468","MALLC","4 BLK MI CROSS TEE","8","22","0","C04-37D"
"P9478","MALLC","3-1/2x1 Galv Hex Bushing","32","88","0","C04-38D"
"P9557","MALLC","2 Gal Hex Socket Stl plug","16","16","0","C04-37D"
"P9664","MALLC","6x2 Blk MI Hex Bushing","32","88","4","C04-22C"
"P9890","MALLC","5x2 Blk Hex Bushing","32","88","15","C04-03C"
"P1043","MALLC","1/2x1/8 Blk Std M I 90 Red ElL","960","2640","112","C04-27C"
"P1046","MALLC","3/4x1/8 Blk Std MI 90 Red Elbo","800","2200","0","C04-38D"
"P1064","MALLC","2-1/2x1 Blk Std M I 90 Red Elb ow","128","352","6","C04-01D"
"P1065","MALLC","2-1/2x1-1/4 Blk Std MI 90 EL","64","176","4","C04-01D"
"P1066","MALLC","2-1/2x1-1/2 Blk Std M I 90 Red Elbow","48","132","18","C04-11C"
"P1068","MALLC","3x1 Blk Std M I 90 Red Elbow","32","88","4","C04-01D"
"P1069","MALLC","3x1-1/4 Blk Std M I 90 Red Elbow","32","88","29","C04-01D"
"P1070","MALLC","3x1-1/2 Blk Std M I 90 Red Elbow","80","220","28","C04-30C"
"P1101","MALLC","3/4x1/2 Blk Std M I 90 Red Str eet Ell","1200","3300","0","C04-37D"
"P1102","MALLC","1x3/4 Blk Std M I 90 Red Stree t Elbow","720","1980","200","C04-38D"
"P1118","MALLC","1-1/4 Blk Std M I S O Elbow","180","495","0","C04-37D"
"P1119","MALLC","1-1/2 Blk Std M I S O Elbow","144","396","0","C04-38D"
"P1120","MALLC","2 Blk Std M I S O Elbow","96","264","24","C04-01D"
"P1135","MALLC","1/4x1/8 Blk Std M I Red Tee","600","1650","420","C04-29C"
"P1138","MALLC","3/8x3/8x1/2 BH Blk Std M I Red Tee","1280","3520","0","C04-37D"
"P1176","MALLC","3x1/2 Blk Std M I Red Tee","20","55","0","C04-17C"
"P1190","MALLC","6x4 Blk Std M I Red Tee","8","22","2","C04-38D"
"P1193","MALLC","1/2x1/4x1/2 Blk Std M I Red Te e","1120","3080","0","C04-37D"
"P1194","MALLC","1/2x3/8x3/8 Blk Std M I Red Te e","1280","3520","0","C04-37D"
"P1201","MALLC","3/4x1/2x1 Blk Std M I Red Tee","288","792","0","C04-38D"
"P1245","MALLC","1-1/4 Blk Std M I S O Tee","72","198","0","C04-38D"
"P1246","MALLC","1-1/2 Blk Std M I S O Tee","120","330","0","C04-37D"
"P1248","MALLC","3/8 Blk Std M I Ext Pieces","1920","5280","0","C04-38D"
"SP*00002127","MALLC","2 x 1-1/2 GALV STREET EL","16","16","0","C04-37D"
"P1331","MALLC","5x4 Blk Std M I Red Coupling","6","10","0","C04-37D"
"P1334","MALLC","6x5 Blk Std MI Red Coupling","32","88","10","C04-38D"
"P1349","MALLC","1/8 Blk Std M I Locknut","6000","16500","0","C04-37D"
"P1350","MALLC","1/4 Blk Std M I Locknut","3000","8250","7238","C04-01D"
"P1351","MALLC","3/8 Blk Std M I Locknut","3000","8250","0","C04-37D"
"P1368","MALLC","3 Blk Std M I Cross","32","88","0","C04-37D"
"SP*00002195","MALLC","1-1/2 X 3/8 BLK COUPLING","24","24","0","C04-37D"
"P1395","MALLC","3-1/2 Blk Sq Hd Pipe Plug","16","16","0","C04-37D"
"P1413","MALLC","1-1/4x3/8 Blk Hex Bushing","480","1320","120","C04-38D"
"P1423","MALLC","2x1/4 Blk Hex Bushing","480","1320","78","C04-38D"
"P1436","MALLC","3x1/2 Blk Hex Bushing","192","528","16","C04-01D"
"P1443","MALLC","3-1/2x1-1/2 Blk Hex Bushing","64","176","12","C04-38D"
"P1444","MALLC","3-1/2x2 Blk Hex Bushing","64","176","134","C04-29C"
"P1445","MALLC","3-1/2x2-1/2 Blk Hex Bushing","128","352","0","C04-37D"
"P1446","MALLC","3-1/2x3 Blk Hex Bushing","64","176","53","C04-06C"
"P1454","MALLC","4x3-1/2 Blk Hex Bushing","80","220","19","C04-06D"
"SP*00002364","MALLC","1/4 MAL ST EL ZINC YELLOW 150#","480","480","0","C04-37D"
"SP*00002379","MALLC","1/4 MAL CROSS ZINC YELLOW 150#","480","480","0","C04-37D"
"P1592","MALLC","4 Blk Sq Countersunk Pipe Plug","80","220","0","C04-37D"
"P1937","MALLC","3/8x1/8 Gal Std M I 90 Red Elb ow","1680","4620","0","C04-37D"
"P1939","MALLC","1/2x1/8 Gal Std M I 90 Red Elb ow","960","2640","0","C04-37D"
"P1942","MALLC","3/4x1/8 Gal Std M I 90 Red Elb ow","800","2200","0","C04-37D"
"P1964","MALLC","3x1 Gal Std M I 90 Red Elbow","32","88","0","C04-38D"
"P1969","MALLC","4x2 Gal Std M I 90 Red Elbow","48","132","0","C04-37D"
"P1970","MALLC","4x3 Gal Std M I 90 Red Elbow","36","99","8","C04-37D"
"P2000","MALLC","1-1/2x1-1/4 Gal Std M I 90 Red Street Elbow","240","660","0","C04-38D"
"P2001","MALLC","1x3/4 Gal Std M I 90 Red Street Elbow","60","60","0","C04-37D"
"P2014","MALLC","1-1/4 Gal Std M I S O Elbow","180","495","0","C04-37D"
"P2016","MALLC","2 Gal Std M I S O Elbow","96","264","0","C04-38D"
"P2029","MALLC","5 Gal Std M I Tee","8","22","0","C04-37D"
"P2032","MALLC","3/8x1/8 Gal Std M I Red Tee","32","88","0","C04-38D"
"P2033","MALLC","3/8x1/4 Gal Std M I Red Tee","1920","5280","0","C04-38D"
"P2034","MALLC","3/8x3/8x1/2 BH Gal Std M I Red Tee","1280","3520","0","C04-37D"
"P2072","MALLC","3x1/2 Gal Std M I Red Tee","8","16","0","C04-37D"
"P2085","MALLC","6x3 Gal Std M I Red Tee","8","22","0","C04-37D"
"P2086","MALLC","6x4 Gal Std M I Red Tee","8","12","0","C04-37D"
"P2094","MALLC","3/4x3/4x3/8 Gal Std M I Red Te e","400","1100","4","C04-38D"
"P2142","MALLC","1-1/2 Gal Std M I S O Tee","120","330","0","C04-38D"
"P2144","MALLC","3/8 Gal Std M I Ext Pieces","1920","5280","0","C04-38D"
"P2180","MALLC","1/8 Gal Floor Flange","1440","3960","0","C04-37D"
"P2181","MALLC","1/4 Gal Floor Flange","120","330","0","C04-37D"
"P2228","MALLC","6x4 Gal Std M I Red Coupling","20","55","0","C04-38D"
"P2245","MALLC","1/8 Gal Std M I Locknut","6000","16500","0","C04-37D"
"P2254","MALLC","1/8 Gal Std M I Cross","1440","3960","0","C04-37D"
"P2264","MALLC","3 Gal Std M I Cross","32","88","3","C04-04D"
"P2277","MALLC","2x1 Gal Std M I Red Cross","120","330","0","C04-37D"
"P2291","MALLC","3-1/2 Gal Sq Hd Pipe Plug","32","88","27","C04-38D"
"P2303","MALLC","1x1/8 Gal Hex Bushing","1600","4400","0","C04-37D"
"P2313","MALLC","1-1/2x1/4 Gal Hex Bushing","300","825","0","C04-37D"
"P2314","MALLC","1-1/2x3/8 Gal Hex Bushing","300","825","0","C04-37D"
"P2319","MALLC","2x1/4 Gal Hex Bushing","480","1320","0","C04-37D"
"P2332","MALLC","3x1/2 Gal Hex Bushing","192","528","0","C04-37D"
"P2333","MALLC","3x3/4 Gal Hex Bushing","192","528","60","C04-02D"
"P2339","MALLC","3-1/2x1-1/2 Gal Hex Bushing","128","352","0","C04-38D"
"P2340","MALLC","3-1/2x2 Gal Hex Bushing","64","176","10","C04-02D"
"P2341","MALLC","3-1/2x2-1/2 Gal Hex Bushing","128","352","10","C04-02D"
"P2350","MALLC","4x3-1/2 Gal Hex Bushing","80","220","0","C04-02D"
"P2883","MALLC","4x1-1/2 Blk Std M I 90 Red Elbow","8","22","0","C04-37D"
"P2886","MALLC","1-1/4x1 Gal Std M I 90 Red Street Elbow","400","1100","0","C04-37D"
"P2892","MALLC","1/4x1/4x3/8 BH Gal Std M I Red Tee","1920","5280","0","C04-38D"
"P2902","MALLC","6x2-1/2 Gal Std M I Red Tee","8","12","0","C04-37D"
"P2906","MALLC","2-1/2x1-1/2x2 Gal Std M I Red Tee","88","242","0","C04-38D"
"P2908","MALLC","2-1/2x2x2 Gal Std M I Red Tee","88","242","4","C04-38D"
"P2909","MALLC","2-1/2x2x2-1/2 Gal Std M I Red Tee","64","176","18","C04-38D"
"P2910","MALLC","3x2x2 Gal Std M I Red Tee","64","176","0","C04-37D"
"P2913","MALLC","3x2-1/2x2-1/2 Gal Std M I Red Tee","48","132","0","C04-38D"
"P2917","MALLC","3-1/2 Gal Std M I Cap","32","88","12","C04-38D"
"P2930","MALLC","5 Gal Sq Hd Pipe Plug","40","110","0","C04-38D"
"P2933","MALLC","2-1/2x3/4 Gal Std M I Red Coup ling","160","440","0","C04-38D"
"P2934","MALLC","3x3/4 Gal Std M I Red Coupling","192","528","0","C04-37D"
"P2941","MALLC","6x3 Gal Std M I Red Coupling","8","12","0","C04-37D"
"P3052","MALLC","1/2x3/8 Blk Std MI 90 Red Stre et Elbow","1920","5280","0","C04-38D"
"P3053","MALLC","1-1/4x1 Blk Std M I 90 Red Str eet Elbow","400","1100","0","C04-37D"
"P3075","MALLC","1-1/2x1/2x1-1/4 Gal Std M I Re d Tee","192","528","0","C04-38D"
"P3078","MALLC","1 Blk Sq Hd Solid Pipe Plug","1920","5280","0","C04-38D"
"P3081","MALLC","2 Blk Sq Hd Solid Pipe Plug","320","880","0","C04-38D"
"P3130","MALLC","3x2x2 Blk Std M I Red Tee","64","176","0","C04-30C"
"P3132","MALLC","1-1/4 Gal Std M I 45 Y Branch","144","396","0","C04-38D"
"P3156","MALLC","2-1/2x2x2 Blk Std M I Red Tee","88","242","20","C04-21C"
"P3157","MALLC","2-1/2x2x1-1/2 Blk Std M I Red Tee","88","242","0","C04-37D"
"P3187","MALLC","1/2 Gal Std M I 45 Y Branch","720","1980","0","C04-37D"
"P3188","MALLC","3/4 Gal Std M I 45 Y Branch","480","1320","0","C04-38D"
"P3189","MALLC","1 Gal Std M I 45 Y Branch","240","660","0","C04-37D"
"P3190","MALLC","1-1/2 Gal Std M I 45 Y Branch","120","330","0","C04-37D"
"P3191","MALLC","2 Gal Std M I 45 Y Branch","72","198","0","C04-37D"
"P3194","MALLC","3/8 Blk Service Tees","1440","3960","0","C04-37D"
"P3198","MALLC","1 Blk Service Tees","160","440","0","C04-37D"
"P3200","MALLC","1-1/2 Blk Service Tees","180","495","0","C04-38D"
"P3201","MALLC","2 Blk Service Tees","32","88","15","C04-01D"
"P3204","MALLC","1-1/4 Gal Service Tees","32","88","0","C04-38D"
"P3208","MALLC","2 Blk Std M I 45 Y Branch","72","198","4","C04-22C"
"P3213","MALLC","2-1/2 Blk Sq Countersunk Plug","32","88","-32","C04-38D"
"P3230","MALLC","1 Blk Std M I 45 Y Branch","240","660","0","C04-38D"
"P3231","MALLC","1-1/4 Blk Std M I 45 Y Branch","144","396","0","C04-38D"
"P3232","MALLC","1-1/2 Blk Std M I 45 Y Branch","120","330","75","C04-03D"
"P3233","MALLC","3 Blk Std M I 45 Y Branch","32","88","0","C04-37D"
"P3234","MALLC","4 Blk Std M I 45 Y Branch","8","22","0","C04-37D"
"P3244","MALLC","3/8 Gal Std M I 45 Y Branch","180","495","0","C04-37D"
"P3250","MALLC","4x1 Gal Std M I Red Tee","32","88","0","C04-37D"
"P3251","MALLC","4 Gal Std M I 45 Street Elbow","16","44","0","C04-38D"
"P3253","MALLC","1/8 Gal Hex Socket Stl plug","32","88","0","C04-38D"
"P3254","MALLC","1/4 Gal Stl Hex Ctsk plug","32","88","0","C04-38D"
"P3256","MALLC","1/2 Gal Stl Hex Ctsk Plug","240","240","0","C04-37D"
"P3257","MALLC","3/4 Gal Hex Socket Stl plug","32","88","0","C04-38D"
"P3292","MALLC","1/8 Blk Hex Socket Plug","32","88","0","C04-27C"
"P3294","MALLC","3/8 Blk Hex Socket plug","64","176","600","C04-14C"
"P3295","MALLC","1/2 Blk Hex Socket Plug","400","1100","390","C04-16C"
"P3296","MALLC","3/4 Blk Hex Socket plug","160","160","0","C04-38D"
"P3297","MALLC","1 Blk Hex Socket Plug","32","88","0","C04-22C"
"P3339","MALLC","5x4 Blk Hex Bushing","32","88","15","C04-10C"
"P3351","MALLC","1x1/4 Blk Std M I 90 Red Elbow","960","2640","20","C04-01D"
"P3374","MALLC","3x2x3 Blk Std M I Red Tee","48","132","33","C04-27C"
"P3386","MALLC","2x1-1/4x1 Gal Std M I Red Tee","32","88","0","C04-38D"
"P3404","MALLC","1/2 Blk Std M I 45 Y Branch","720","1980","240","C04-03D"
"P3405","MALLC","3/4 Blk Std M I 45 Y Branch","480","1320","5","C04-38D"
"P3406","MALLC","2-1/2 Blk Std M I 45 Y Branch","40","110","0","C04-37D"
"P3407","MALLC","3/8 Blk Std M I 45 Y Branch","200","550","0","C04-37D"
"P3442","MALLC","4x1 Blk Std M I Red Tee","32","88","0","C04-20C"
"P3447","MALLC","2x2x2-1/2 BH Blk Std M I Red T ee","48","132","13","C04-31C"
"P3486","MALLC","1-1/2x1/2x3/4 Blk Std M I Red Tee","160","440","1","C04-37D"
"P3488","MALLC","4x1 Blk Std M I Red Coupling","72","198","0","C04-37D"
"P10852","MALLC","2-1/2x1/2 Blk MI Red Cplg","12","12","0","C04-37D"
"P3701","MALLC","5x4 Gal Hex Bushing","4","11","0","C04-37D"
"P3702","MALLC","6x2 Gal Hex Bushing","8","12","0","C04-37D"
"P3770","MALLC","3x3/4 Blk Std M I Red Coupling","192","528","6","C04-31C"
"P3771","MALLC","2-1/2x3/4 Blk Std M I Red Coup ling","160","440","0","C04-28C"
"P10989","MALLC","4 Blk M I 45 Street Elbow","8","16","2","C04-37D"
"P4069","MALLC","5 Blk Sq Hd Pipe Plug","40","110","0","C04-18C"
"P4070","MALLC","4x3/4 Blk Hex Bushing","32","88","0","C04-37D"
"P4149","MALLC","4x1/2 Gal Std M I Red Tee","8","16","0","C04-37D"
"P4182","MALLC","5x3 Blk Hex Bushing","8","22","0","C04-11C"
"P11392","MALLC","8 BLACK CAP","8","16","0","C04-37D"
"P11424","MALLC","2x1-1/4x2 Gal M I Tee","32","88","12","C04-38D"
"P4265","MALLC","6x1 Gal Std M I Red Tee","4","11","0","C04-37D"
"P4343","MALLC","2x1x1 Gal Std M I Red Tee","96","264","6","C04-38D"
"P4365","MALLC","5x2-1/2 Blk Hex Bushing","4","11","22","C04-25C"
"P4371","MALLC","1/4 Blk Service Tees","800","2200","0","C04-37D"
"P11564","MALLC","3x2 DOUBLE TAP BUSHING","32","88","0","C04-38D"
"P4404","MALLC","2-1/2x1/2 Blk Std M I 90 Red E lbow","32","88","0","C04-38D"
"P4405","MALLC","2-1/2x3/4 Blk Std M I 90 Red E lbow","32","88","0","C04-38D"
"P4406","MALLC","1-1/4x1x1-1/2 Blk Std M I Red Tee","224","616","0","C04-37D"
"P4407","MALLC","6 Blk M I 150# GJ Union","16","44","0","C04-38D"
"P4442","MALLC","1/4 Blk Hex XH M I Nipple","1920","5280","0","C04-38D"
"P4443","MALLC","3/8 Blk Hex XH M I Nipple","1440","3960","0","C04-38D"
"P4444","MALLC","1/2 Blk Hex XH M I Nipple","800","2200","0","C04-37D"
"P4445","MALLC","3/4 Blk Hex XH M I Nipple","640","1760","0","C04-37D"
"P4446","MALLC","1 Blk Hex 150# M.I NIPPLE","600","1650","0","C04-38D"
"P4447","MALLC","1-1/4 Blk Hex XH M I Nipple","400","1100","0","C04-38D"
"P4448","MALLC","1-1/2 Blk Hex XH M I Nipple","300","825","0","C04-38D"
"P4449","MALLC","2 Blk Hex 150# M.I NIPPLE","240","660","0","C04-37D"
"P4450","MALLC","1/4 Gal Hex XH M I Nipple","1920","5280","0","C04-38D"
"P4453","MALLC","3/4 Gal Hex M I Nipple","640","1760","0","C04-38D"
"P4454","MALLC","1 Gal Hex M I Nipple","600","1650","0","C04-37D"
"P4455","MALLC","1-1/4 Gal Hex XH M I Nipple","400","1100","0","C04-37D"
"P4456","MALLC","1-1/2 Gal Hex XH M I Nipple","300","825","0","C04-37D"
"P4468","MALLC","2-1/2 Blk Hex XH M I Nipple","32","88","0","C04-38D"
"P4469","MALLC","3 Blk Hex XH M I Nipple","32","88","0","C04-38D"
"P4471","MALLC","4 Blk Hex XH M I Nipple","32","88","0","C04-38D"
"P4475","MALLC","3-1/2x1-1/4 Blk Hex Bushing","16","16","0","C04-37D"
"P4484","MALLC","1 Blk 150# UNION ELLS","60","60","0","C04-37D"
"P4485","MALLC","6x5 Blk Hex Bushing","16","44","0","C04-28C"
"P4492","MALLC","1 Gal 150# UNION ELLS","240","660","0","C04-38D"
"P4493","MALLC","1-1/4 Gal 150# UNION ELLS","128","352","0","C04-38D"
"P4542","MALLC","4 Gal Std M I 45 Y Branch","8","16","0","C04-37D"
"P4622","MALLC","2-1/2 Gal Std M I 45 Y Branch","12","12","0","C04-37D"
"P4644","MALLC","3 Gal Hex XH M I Nipple","32","88","0","C04-38D"
"P4645","MALLC","4 Gal Hex XH M I Nipple","32","88","0","C04-38D"
"P11838","MALLC","1-1/4 BLK TAPPED CAP (1/8 TAP)","32","88","30","C04-30C"
"P11975","MALLC","8x6 Blk Std MI Red Coupling","8","16","0","C04-37D"
"P5157","MALLX","1-1/4 Gal XH M I UNION ELLS","48","528","0","C02-37E"
"P5197","MALLX","6 Blk XH M I Tee","80","880","0","C02-37E"
"P5199","MALLX","6 Blk XH M I 90 Elbow","80","880","0","C02-37E"
"P5200","MALLX","6x3 Blk XH M I Red Coupling","80","880","0","C02-37E"
"P5201","MALLX","6x4 Blk XH M I Red Coupling","80","880","2","C02-37E"
"P5504","MALLX","2-1/2 Blk XH M I UNION ELLS","12","132","0","C02-37E"
"P5552","MALLX","1x1/2x1 Blk XH M I Red Tee","60","660","0","C02-37E"
"P5554","MALLX","3x1-1/2 Blk XH M I Red Tee","8","88","0","C02-37E"
"P5555","MALLX","4x1-1/2 Blk XH M I Red Tee","4","44","0","C02-37E"
"P12724","MALLX","1/4 BLK XH 300# UNION","480","2640","811","C02-37E"
"P12725","MALLX","1-1/2X3/4 BLK XH 300# 90 ELBOW","32","352","0","C02-37E"
"P12726","MALLX","1X1X1-1/2 BLK XH 300# TEE","60","660","0","C02-37E"
"P5572","MALLX","2x3/4 Gal XH M I Red Tee","20","220","0","C02-37E"
"P5573","MALLX","3x2 Gal XH M I Red Tee","8","88","0","C02-37E"
"P5727","MALLX","3/8x1/4 Gal XH M I Red Couplin g","1","11","0","C02-37E"
"P7692","MALLX","2 GAL SQ HD SOLID PIPE PLUG","80","880","0","C02-37E"
"P8185","MALLX","3 BLK SQ COUNTERSUNK PIPE PLUG","40","440","0","C02-37E"
"P8213","MALLX","6 BLK SQ CTSK PIPE PLUG","80","880","0","C02-37E"
"P8411","MALLX","1 GALV STL SQ CTSK PLUG","60","660","0","C02-37E"
"P9737","MALLX","1"" UNION BLK MALE/FEMALE 300#","60","660","0","C02-37E"
"P1486","MALLX","1/4 Blk XH M I 90 Elbow","360","3960","273","C02-38B"
"P1487","MALLX","3/8 Blk XH M I 90 Elbow","180","1980","57","C02-37E"
"P1488","MALLX","1/2 Blk XH M I 90 Elbow","120","1320","376","C02-38B"
"P1489","MALLX","3/4 Blk XH M I 90 Elbow","240","1320","159","C02-38B"
"P1490","MALLX","1 Blk XH M I 90 Elbow","80","880","97","C02-38B"
"P1491","MALLX","1-1/4 Blk XH M I 90 Elbow","48","528","255","C02-38B"
"P1492","MALLX","1-1/2 Blk XH M I 90 Elbow","36","396","149","C02-38B"
"P1493","MALLX","2 Blk XH M I 90 Elbow","80","220","133","C02-37C"
"P1494","MALLX","2-1/2 Blk XH M I 90 Elbow","12","132","29","C02-37C"
"P1495","MALLX","3 Blk XH M I 90 Elbow","56","88","8","C02-37C"
"P1496","MALLX","4 Blk XH M I 90 Elbow","4","44","1","C02-37E"
"P1497","MALLX","1/4 Blk XH M I 45 Elbow","240","2640","212","C02-38D"
"P1498","MALLX","3/8 Blk XH M I 45 Elbow","200","2200","64","C02-37B"
"P1499","MALLX","1/2 Blk XH M I 45 Elbow","120","1320","186","C02-37B"
"P1500","MALLX","3/4 Blk XH M I 45 Elbow","120","1320","37","C02-37B"
"P1501","MALLX","1 Blk XH M I 45 Elbow","80","880","51","C02-37B"
"P1502","MALLX","1-1/4 Blk XH M I 45 Elbow","60","660","231","C02-37B"
"P1503","MALLX","1-1/2 Blk XH M I 45 Elbow","40","440","10","C02-37B"
"P1504","MALLX","2 Blk XH M I 45 Elbow","27","297","86","C02-38B"
"P1505","MALLX","2-1/2 Blk XH M I 45 Elbow","16","176","10","C02-37D"
"P1506","MALLX","3 Blk XH M I 45 Elbow","8","88","11","C02-38B"
"P1507","MALLX","4 Blk XH M I 45 Elbow","4","44","0","C02-37E"
"P1508","MALLX","3/8 Blk XH M I 90 Street Elbow","240","2640","0","C02-37E"
"P1509","MALLX","1/2 Blk XH M I 90 Street Elbow","240","2640","720","C02-37C"
"P1510","MALLX","3/4 Blk XH M I 90 Street Elbow","120","1320","0","C02-37C"
"P1511","MALLX","1 Blk XH M I 90 Street Elbow","80","880","44","C02-37C"
"P1512","MALLX","1-1/4 Blk XH M I 90 Street Elb ow","48","528","47","C02-37E"
"P1513","MALLX","1-1/2 Blk XH M I 90 Street Elb ow","32","352","39","C02-37D"
"P1514","MALLX","2 Blk XH M I 90 Street Elbow","20","220","7","C02-37D"
"P1515","MALLX","1/4 Blk XH M I Tee","420","4620","683","C02-37C"
"P1516","MALLX","3/8 Blk XH M I Tee","180","1980","31","C02-37E"
"P1517","MALLX","1/2 Blk XH M I Tee","120","1320","54","C02-37C"
"P1518","MALLX","3/4 Blk XH M I Tee","90","990","184","C02-37C"
"P1519","MALLX","1 Blk XH M I Tee","60","660","5","C02-38C"
"P1520","MALLX","1-1/4 Blk XH M I Tee","40","440","93","C02-38C"
"P1521","MALLX","1-1/2 Blk XH M I Tee","32","352","1","C02-38C"
"P1522","MALLX","2 Blk XH M I Tee","32","176","82","C02-38C"
"P1523","MALLX","2-1/2 Blk XH M I Tee","9","99","0","C02-37E"
"P1524","MALLX","3 Blk XH M I Tee","8","88","1","C02-37E"
"P1525","MALLX","4 Blk XH M I Tee","8","44","5","C02-37E"
"P1526","MALLX","1/2x1/4 Blk XH M I Red Tee","80","880","55","C02-37E"
"P1527","MALLX","1/2x3/8 Blk XH M I Red Tee","80","880","78","C02-37E"
"P1528","MALLX","3/4x3/8 Blk XH M I Red Tee","60","660","15","C02-37E"
"P1529","MALLX","3/4x1/2 Blk XH M I Red Tee","60","660","0","C02-37E"
"P1530","MALLX","1x1/2 Blk XH M I Red Tee","60","660","0","C02-37E"
"P1531","MALLX","1x3/4 Blk XH M I Red Tee","60","660","30","C02-37E"
"P1532","MALLX","1-1/4x3/4 Blk XH M I Red Tee","48","528","0","C02-37E"
"P1533","MALLX","1-1/4x1 Blk XH M I Red Tee","48","528","50","C02-37E"
"P1534","MALLX","1-1/2x1 Blk XH M I Red Tee","32","352","0","C02-37E"
"P1535","MALLX","1-1/2x1-1/4 Blk XH M I Red Tee","32","352","19","C02-38D"
"P1536","MALLX","2x1-1/4 Blk XH M I Red Tee","18","198","0","C02-37E"
"P1537","MALLX","2x1-1/2 Blk XH M I Red Tee","18","198","0","C02-37E"
"P1538","MALLX","2-1/2x1-1/2 Blk XH M I Red Tee","12","132","0","C02-37E"
"P1539","MALLX","2-1/2x2 Blk XH M I Red Tee","12","132","0","C02-37E"
"P1540","MALLX","3x2 Blk XH M I Red Tee","16","88","0","C02-37E"
"P1541","MALLX","3x2-1/2 Blk XH M I Red Tee","16","88","6","C02-37E"
"P1542","MALLX","4x2-1/2 Blk XH M I Red Tee","4","44","0","C02-37E"
"P1543","MALLX","4x3 Blk XH M I Red Tee","4","44","0","C02-37E"
"P1544","MALLX","1/4 Blk XH M I Coupling","400","4400","872","C02-37A"
"P1545","MALLX","3/8 Blk XH M I Coupling","240","2640","223","C02-37A"
"P1546","MALLX","1/2 Blk XH M I Coupling","160","1760","181","C02-37A"
"P1547","MALLX","3/4 Blk XH M I Coupling","160","1760","31","C02-37A"
"P1548","MALLX","1 Blk XH M I Coupling","90","990","61","C02-37A"
"P1549","MALLX","1-1/4 Blk XH M I Coupling","72","792","49","C02-37A"
"P1550","MALLX","1-1/2 Blk XH M I Coupling","64","704","130","C02-37A"
"P1551","MALLX","2 Blk XH M I Coupling","24","264","7","C02-37A"
"P1552","MALLX","2-1/2 Blk XH M I Coupling","18","198","0","C02-37E"
"P1553","MALLX","3 Blk XH M I Coupling","16","176","0","C02-37A"
"P1554","MALLX","4 Blk XH M I Coupling","12","132","5","C02-37D"
"P1555","MALLX","1/2x1/4 Blk XH M I Red Coupling","200","2200","0","C02-37E"
"P1556","MALLX","1/2x3/8 Blk XH M I Red Couplin g","200","2200","0","C02-37E"
"P1557","MALLX","3/4x3/8 Blk XH M I Red Coup","200","2200","0","C02-37E"
"P1558","MALLX","3/4x1/2 Blk XH M I Red Coup.","180","1980","0","C02-38A"
"P1559","MALLX","1x1/2 Blk XH M I Red Coupling","150","1650","0","C02-37E"
"P1560","MALLX","1x3/4 Blk XH M I Red Coupling","120","1320","108","C02-38A"
"P1561","MALLX","1-1/4x3/4 Blk XH M I Red Coupl ing","72","792","0","C02-37E"
"P1562","MALLX","1-1/4x1 Blk XH M I Red Couplin g","72","792","84","C02-38A"
"P1563","MALLX","1-1/2x1 Blk XH M I Red Cplg","60","660","72","C02-37D"
"P1564","MALLX","1-1/2x1-1/4 Blk XH M I Red Cou pling","60","660","25","C02-38A"
"P1565","MALLX","2x1-1/4 Blk XH M I Red Couplin g","40","440","12","C02-37E"
"P1566","MALLX","2x1-1/2 Blk XH M I Red Couplin g","40","440","0","C02-37E"
"P1567","MALLX","2-1/2x1-1/2 Blk XH M I Red Cou pling","24","264","0","C02-37E"
"P1568","MALLX","2-1/2x2 Blk XH M I Red Couplin g","24","264","0","C02-37E"
"P1569","MALLX","3x2 Blk XH M I Red Coupling","16","176","10","C02-37D"
"P1570","MALLX","3x2-1/2 Blk XH M I Red Couplin g","12","132","0","C02-37E"
"P1571","MALLX","4x2-1/2 Blk XH M I Red Couplin g","8","88","0","C02-37E"
"P1572","MALLX","4x3 Blk XH M I Red Coupling","6","66","7","C02-37E"
"P1573","MALLX","1/4 Blk XH M I Cap","480","5280","163","C02-38D"
"P1574","MALLX","3/8 Blk XH M I Cap","360","3960","150","C02-37E"
"P1575","MALLX","1/2 Blk XH M I Cap","240","2640","760","C02-38C"
"P1576","MALLX","3/4 Blk XH M I Cap","200","2200","328","C02-38C"
"P1577","MALLX","1 Blk XH M I Cap","100","1100","197","C02-38C"
"P1578","MALLX","1-1/4 Blk XH M I Cap","60","660","16","C02-37E"
"P1579","MALLX","1-1/2 Blk XH M I Cap","80","880","202","C02-38C"
"P1580","MALLX","2 Blk XH M I Cap","48","528","180","C02-38C"
"P1581","MALLX","2-1/2 Blk XH M I Cap","36","396","0","C02-37E"
"P1582","MALLX","3 Blk XH M I Cap","24","264","5","C02-37E"
"P1583","MALLX","4 Blk XH M I Cap","12","132","39","C02-37D"
"P1585","MALLX","1/2 Blk Sq STL CTSK PIPE PLUG","1250","13750","0","C02-37E"
"P1589","MALLX","1-1/2 Blk Sq Countersunk Pipe Plug","125","1375","0","C02-37E"
"P1590","MALLX","2 Blk Sq Ctsk CI Pipe Plug","90","990","0","C02-37E"
"P2373","MALLX","1/4 Gal XH M I 90 Elbow","360","3960","0","C02-37E"
"P2374","MALLX","3/8 Gal XH M I 90 Elbow","360","1980","0","C02-37E"
"P2375","MALLX","1/2 Gal XH M I 90 Elbow","240","1320","80","C02-38D"
"P2376","MALLX","3/4 Gal XH M I 90 Elbow","120","1320","0","C02-37E"
"P2377","MALLX","1 Gal XH M I 90 Elbow","320","880","0","C02-37E"
"P2378","MALLX","1-1/4 Gal XH M I 90 Elbow","96","528","0","C02-37E"
"P2379","MALLX","1-1/2 Gal XH M I 90 Elbow","36","396","0","C02-37E"
"P2380","MALLX","2 Gal XH M I 90 Elbow","40","220","6","C02-38D"
"P2381","MALLX","2-1/2 Gal XH M I 90 Elbow","12","132","0","C02-37E"
"P2382","MALLX","3 Gal XH M I 90 Elbow","8","88","0","C02-37E"
"P2383","MALLX","4 Gal XH M I 90 Elbow","4","44","0","C02-37E"
"P2384","MALLX","1/4 Gal XH M I 45 Elbow","240","2640","0","C02-37E"
"P2385","MALLX","3/8 Gal XH M I 45 Elbow","200","2200","0","C02-37E"
"P2386","MALLX","1/2 Gal XH M I 45 Elbow","120","1320","0","C02-37E"
"P2387","MALLX","3/4 Gal XH M I 45 Elbow","120","1320","0","C02-37E"
"P2388","MALLX","1 Gal XH M I 45 Elbow","80","880","0","C02-37E"
"P2389","MALLX","1-1/4 Gal XH M I 45 Elbow","60","660","0","C02-37E"
"P2390","MALLX","1-1/2 Gal XH M I 45 Elbow","40","440","0","C02-37E"
"P2391","MALLX","2 Gal XH M I 45 Elbow","27","297","0","C02-37E"
"P2392","MALLX","2-1/2 Gal XH M I 45 Elbow","16","176","0","C02-37E"
"P2393","MALLX","3 Gal XH M I 45 Elbow","8","88","0","C02-37E"
"P2394","MALLX","4 Gal XH M I 45 Elbow","4","44","0","C02-37E"
"P2395","MALLX","3/8 Gal XH M I 90 Street Elbow","240","2640","0","C02-37E"
"P2396","MALLX","1/2 Gal XH M I 90 Street Elbow","240","2640","0","C02-37E"
"P2397","MALLX","3/4 Gal XH M I 90 Street Elbow","240","1320","0","C02-37E"
"P2398","MALLX","1 Gal XH M I 90 Street Elbow","160","880","0","C02-37E"
"P2399","MALLX","1-1/4 Gal XH M I 90 Street Elb ow","48","528","0","C02-37E"
"P2400","MALLX","1-1/2 Gal XH M I 90 Street Elb ow","32","352","0","C02-37E"
"P2401","MALLX","2 Gal XH M I 90 Street Elbow","20","220","0","C02-37E"
"P2402","MALLX","1/4 Gal XH M I Tee","420","4620","0","C02-37E"
"P2403","MALLX","3/8 Gal XH M I Tee","180","1980","0","C02-37E"
"P2404","MALLX","1/2 Gal XH M I Tee","240","1320","0","C02-37E"
"P2405","MALLX","3/4 Gal XH M I Tee","90","990","0","C02-37E"
"P2406","MALLX","1 Gal XH M I Tee","60","660","24","C02-38D"
"P2407","MALLX","1-1/4 Gal XH M I Tee","40","440","0","C02-37E"
"P2408","MALLX","1-1/2 Gal XH M I Tee","64","352","16","C02-38D"
"P2409","MALLX","2 Gal XH M I Tee","16","176","0","C02-37E"
"P2410","MALLX","2-1/2 Gal XH M I Tee","9","99","0","C02-37E"
"P2411","MALLX","3 Gal XH M I Tee","8","88","0","C02-37E"
"P2412","MALLX","4 Gal XH M I Tee","4","44","0","C02-37E"
"P2413","MALLX","1/2x1/4 Gal XH M I Red Tee","80","880","0","C02-37E"
"P2414","MALLX","1/2x3/8 Gal XH M I Red Tee","80","880","0","C02-37E"
"P2415","MALLX","3/4x3/8 Gal XH M I Red Tee","60","660","50","C02-37E"
"P2416","MALLX","3/4x1/2 Gal XH M I Red Tee","60","660","67","C02-37E"
"P2417","MALLX","1x1/2 Gal XH M I Red Tee","60","660","25","C02-38E"
"P2418","MALLX","1x3/4 Gal XH M I Red Tee","60","660","0","C02-37E"
"P2419","MALLX","1-1/4x3/4 Gal XH M I Red Tee","48","528","0","C02-37E"
"P2420","MALLX","1-1/4x1 Gal XH M I Red Tee","48","528","0","C02-37E"
"P2421","MALLX","1-1/2x1 Gal XH M I Red Tee","32","352","0","C02-37E"
"P2422","MALLX","1-1/2x1-1/4 Gal XH M I Red Tee","32","352","6","C02-37E"
"P2423","MALLX","2x1-1/4 Gal XH M I Red Tee","18","198","0","C02-37E"
"P2424","MALLX","2x1-1/2 Gal XH M I Red Tee","18","198","2","C02-37E"
"P2425","MALLX","2-1/2x1-1/2 Gal XH M I Red Tee","12","132","0","C02-37E"
"P2426","MALLX","2-1/2x2 Gal XH M I Red Tee","12","132","0","C02-37E"
"P2428","MALLX","3x2-1/2 Gal XH M I Red Tee","24","88","0","C02-37E"
"P2429","MALLX","4x2-1/2 Gal XH M I Red Tee","4","44","0","C02-37E"
"P2430","MALLX","4x3 Gal XH M I Red Tee","4","44","0","C02-37E"
"P2431","MALLX","1/4 Gal XH M I Coupling","400","4400","0","C02-37E"
"P2432","MALLX","3/8 Gal XH M I Coupling","240","2640","0","C02-37E"
"P2433","MALLX","1/2 Gal XH M I Coupling","160","1760","0","C02-37E"
"P2434","MALLX","3/4 Gal XH M I Coupling","160","1760","0","C02-37E"
"P2435","MALLX","1 Gal XH M I Coupling","90","990","0","C02-37E"
"P2436","MALLX","1-1/4 Gal XH M I Coupling","72","792","0","C02-37E"
"P2437","MALLX","1-1/2 Gal XH M I Coupling","64","704","0","C02-37E"
"P2438","MALLX","2 Gal XH M I Coupling","24","264","0","C02-37E"
"P2439","MALLX","2-1/2 Gal XH M I Coupling","18","198","0","C02-37E"
"P2440","MALLX","3 Gal XH M I Coupling","16","176","0","C02-37E"
"P2441","MALLX","4 Gal XH M I Coupling","12","132","0","C02-37E"
"P2442","MALLX","1/2x1/4 Gal XH M I Red Couplin g","200","2200","0","C02-37E"
"P2443","MALLX","1/2x3/8 Gal XH M I Red Couplin g","200","2200","0","C02-37E"
"P2444","MALLX","3/4x3/8 Gal XH M I Red Couplin g","200","2200","0","C02-37E"
"P2445","MALLX","3/4x1/2 Gal XH M I Red Couplin g","180","1980","0","C02-37E"
"P2446","MALLX","1x1/2 Gal XH M I Red Coupling","150","1650","0","C02-37E"
"P2447","MALLX","1x3/4 Gal XH M I Red Coupling","120","1320","0","C02-37E"
"P2448","MALLX","1-1/4x3/4 Gal XH M I Red Coupl ing","216","792","0","C02-37E"
"P2449","MALLX","1-1/4x1 Gal XH M I Red Couplin g","72","792","0","C02-37E"
"P2450","MALLX","1-1/2x1 Gal XH M I Red Couplin g","60","660","0","C02-37E"
"P2451","MALLX","1-1/2x1-1/4 Gal XH M I Red Cou pling","60","660","0","C02-37E"
"P2452","MALLX","2x1-1/4 Gal XH M I Red Couplin g","40","440","0","C02-37E"
"P2453","MALLX","2x1-1/2 Gal XH M I Red Couplin g","40","440","0","C02-37E"
"P2454","MALLX","2-1/2x1-1/2 Gal XH M I Red CPL","48","264","0","C02-37E"
"P2455","MALLX","2-1/2x2 Gal XH M I Red Couplin g","24","264","0","C02-37E"
"P2456","MALLX","3x2 Gal XH M I Red Coupling","16","176","0","C02-37E"
"P2457","MALLX","3x2-1/2 Gal XH M I Red Couplin g","24","132","0","C02-37E"
"P2458","MALLX","4x2-1/2 Gal XH M I Red Couplin g","16","88","0","C02-37E"
"P2459","MALLX","4x3 Gal XH M I Red Coupling","24","66","0","C02-37E"
"P2460","MALLX","1/4 Gal XH M I Cap","480","5280","0","C02-37E"
"P2461","MALLX","3/8 Gal XH M I Cap","360","3960","0","C02-37E"
"P2462","MALLX","1/2 Gal XH M I Cap","240","2640","20","C02-37E"
"P2463","MALLX","3/4 Gal XH M I Cap","200","2200","0","C02-37E"
"P2464","MALLX","1 Gal XH M I Cap","100","1100","0","C02-37E"
"P2465","MALLX","1-1/4 Gal XH M I Cap","60","660","0","C02-37E"
"P2466","MALLX","1-1/2 Gal XH M I Cap","80","880","123","C02-37E"
"P2467","MALLX","2 Gal XH M I Cap","48","528","6","C02-37E"
"P2468","MALLX","2-1/2 Gal XH M I Cap","36","396","0","C02-37E"
"P2469","MALLX","3 Gal XH M I Cap","24","264","10","C02-38D"
"P2470","MALLX","4 Gal XH M I Cap","12","132","0","C02-37E"
"P2471","MALLX","3/8 Gal Sq Countersunk Pipe Pl ug","180","1980","0","C02-37E"
"P2472","MALLX","1/2 Gal STL SQ CTSK PIPE PLUG","1250","13750","0","C02-37E"
"P2473","MALLX","3/4 Gal Sq CTSK STEEL PLUG","700","7700","0","C02-37E"
"P2474","MALLX","1 Gal Sq Countersunk Pipe Plug","350","3850","0","C02-37E"
"P2475","MALLX","1-1/4 Gal Sq Countersunk Pipe Plug","225","2475","0","C02-37E"
"P2476","MALLX","1-1/2 Gal Sq Countersunk Pipe Plug CI","375","625","0","C04-33D"
"P2477","MALLX","2 Gal Sq Countersunk Pipe Plug STEEL","90","990","0","C02-37E"
"P2478","MALLX","3 Gal Sq Countersunk Pipe Plug","40","440","0","C02-37E"
"P2479","MALLX","4 Gal Sq Countersunk Pipe Plug","20","220","0","C02-37E"
"P3055","MALLX","1/8 Blk M I 300# GJ Br x Ir Un ion","3600","39600","0","C02-37E"
"P3057","MALLX","3/8 Blk M I 300# GJ Br x Ir Un ion","120","1320","0","C02-37E"
"P3058","MALLX","1/2 Blk MI 300# GJ BrxIr Union","80","880","312","C02-38A"
"P3059","MALLX","3/4 Blk MI 300# GJ BrxIr Union","80","880","296","C02-38A"
"P3060","MALLX","1 Blk MI 300# GJ Br x Ir Union","60","660","145","C02-38A"
"P3061","MALLX","1-1/4 Blk M I 300# GJ Br x Ir Union","40","440","190","C02-38A"
"P3062","MALLX","1-1/2 Blk M I 300# GJ Br x Ir Union","24","264","95","C02-37B"
"P3063","MALLX","2 Blk MI 300# GJ Br x Ir Union","48","176","74","C02-37B"
"P3064","MALLX","2-1/2 Blk M I 300# GJ Br x Ir Union","9","99","7","C02-37B"
"P3065","MALLX","3 Blk M I 300# GJ Br x Ir Unio n","8","88","52","C02-37B"
"P3066","MALLX","4 Blk M I 300# GJ Br x Ir Unio n","4","44","2","C02-37E"
"P3077","MALLX","3/4 Blk Sq Hd Solid Pipe Plug","800","8800","0","C02-37E"
"P3079","MALLX","1-1/4 Blk Sq Hd Solid Pipe Plu g","80","880","0","C02-37E"
"P3080","MALLX","1-1/2 Blk Sq Hd Solid PLUG","80","880","0","C02-37E"
"P3084","MALLX","1/4 Gal M I 300# GJ Br x Ir Un ion","200","2200","0","C02-37E"
"P3085","MALLX","3/8 Gal M I 300# GJ Br x Ir Un ion","120","1320","0","C02-37E"
"P3086","MALLX","1/2 Gal M I 300# GJ Br x Ir Un ion","80","880","0","C02-37E"
"P3087","MALLX","3/4 Gal M I 300# GJ Br x Ir Un ion","80","880","24","C02-38E"
"P3088","MALLX","1 Gal M I 300# GJ Br x Ir Unio n","60","660","2","C02-37E"
"P3089","MALLX","1-1/4 Gal M I 300# GJ Br x Ir Union","40","440","108","C02-38D"
"P3090","MALLX","1-1/2 Gal M I 300# GJ Br x Ir Union","48","264","0","C02-37E"
"P3091","MALLX","2 Gal M I 300# GJ Br x Ir Unio n","16","176","0","C02-37E"
"P3092","MALLX","2-1/2 Gal M I 300# GJ Br x Ir Union","9","99","0","C02-37E"
"P3093","MALLX","3 Gal M I 300# GJ Br x Ir Unio n","16","88","0","C02-37E"
"P3094","MALLX","4 Gal M I 300# GJ Br x Ir Unio n","4","44","0","C02-37E"
"P3095","MALLX","3/8 Blk MI #250 GJ BrxIr Union","280","3080","0","C02-37E"
"P3096","MALLX","1/2 Blk MI #250 GJ BrxIr Union","240","2640","0","C02-37E"
"P3097","MALLX","3/4 Blk MI #250 GJ BrxIr Union","120","1320","0","C02-37E"
"P3098","MALLX","1 Blk MI #250 GJ BrxIr Union","108","1188","0","C02-37E"
"P3099","MALLX","1-1/4 Blk MI #250 GJ BrxIr Uni on","48","528","0","C02-37E"
"P3100","MALLX","1-1/2 Blk MI #250 GJ BrxIr Uni on","48","528","0","C02-37E"
"P3101","MALLX","2 Blk MI #250 GJ BrxIr Union","20","220","0","C02-37E"
"P3102","MALLX","3/8 Gal MI #250 GJ BrxIr Union","280","3080","0","C02-37E"
"P3103","MALLX","1/2 Gal MI #250 GJ BrxIr Union","240","2640","0","C02-37E"
"P3104","MALLX","3/4 Gal MI #250 GJ BrxIr Union","120","1320","0","C02-37E"
"P3105","MALLX","1 Gal MI #250 GJ BrxIr Union","108","1188","0","C02-37E"
"P3106","MALLX","1-1/4 Gal MI #250 GJ BrxIr Uni on","48","528","0","C02-37E"
"P3107","MALLX","1-1/2 Gal MI #250 GJ BrxIr Uni on","48","528","0","C02-37E"
"P3108","MALLX","2 Gal MI #250 GJ BrxIr Union","20","220","0","C02-37E"
"P3120","MALLX","1/4 Blk Sq Hd Solid Pipe Plug","1200","13200","0","C02-37E"
"P3121","MALLX","1/2 Blk Sq Hd Solid Pipe Plug","1200","13200","0","C02-37E"
"P3122","MALLX","3/4 Gal Sq Hd Solid Pipe Plug","400","4400","0","C02-37E"
"P3123","MALLX","1/2 Gal Sq Hd Solid Pipe Plug","1200","13200","0","C02-37E"
"P3124","MALLX","1 Gal Sq Hd Solid Pipe Plug","480","5280","0","C02-37E"
"P3125","MALLX","1-1/2 Gal Sq Hd Solid Plug","80","880","0","C02-37E"
"P3127","MALLX","3 Gal Sq Hd Solid Pipe Plug","25","275","0","C02-37E"
"P3128","MALLX","3 Blk Sq Hd Solid Pipe Plug","25","275","0","C02-37E"
"P3182","MALLX","3/4 Blk XH M I UNION ELLS","30","330","0","C02-37E"
"P3209","MALLX","2-1/2 Gal Sq Hd Solid Pipe Plu g","35","385","0","C02-37E"
"P3238","MALLX","2x1 Blk XH M I Red Tee","6","66","37","C02-38D"
"P3239","MALLX","1-1/4 Gal Sq Hd Solid Pipe Plu g","80","880","0","C02-37E"
"P3240","MALLX","1/8 Gal Sq Countersunk Pipe Pl ug","3600","39600","0","C02-37E"
"P3241","MALLX","1/4 Gal Sq Countersunk Pipe Pl ug","240","2640","0","C02-37E"
"P3242","MALLX","4 Blk Sq Hd Solid Pipe Plug","12","132","0","C02-37E"
"P3243","MALLX","4 Gal Sq Hd Solid Pipe Plug","100","1100","0","C02-37E"
"P3245","MALLX","3 Blk MI #250 GJ BrxIr Union","8","88","0","C02-37E"
"P3249","MALLX","3/8 Blk Sq Hd Solid Pipe Plug","1200","13200","0","C02-37E"
"P3259","MALLX","2-1/2 Blk MI #250 GJ BrxIr Uni on","8","88","0","C02-37E"
"P3260","MALLX","1/8 Blk XH M I Tee","3600","39600","0","C02-37E"
"P3261","MALLX","1-1/2x1/2 Blk XH M I Red Tee","32","352","0","C02-37E"
"P3262","MALLX","1-1/2x3/4 Blk XH M I Red Tee","32","352","0","C02-37E"
"P3263","MALLX","2x1/2 Blk XH M I Red Tee","20","220","0","C02-37E"
"P3264","MALLX","2x3/4 Blk XH M I Red Tee","20","220","0","C02-37E"
"P3266","MALLX","4x2 Blk XH M I Red Tee","12","44","0","C02-37E"
"P3278","MALLX","1/4x1/8 Blk XH M I Red Couplin g","240","2640","0","C02-37E"
"P3279","MALLX","3/8x1/4 Blk XH M I Red Couplin g","180","1980","0","C02-37E"
"P3280","MALLX","3/4x1/4 Blk XH M I Red Couplin g","120","1320","0","C02-37E"
"P3281","MALLX","1x1/4 Blk XH M I Red Coupling","60","660","0","C02-37E"
"P3282","MALLX","1-1/2x1/2 Blk XH M I Red Coupl ing","32","352","0","C02-37E"
"P3283","MALLX","1-1/2x3/4 Blk XH M I Red Coupl ing","32","352","0","C02-38A"
"P3284","MALLX","2x1/2 Blk XH M I Red Coupling","20","220","0","C02-37E"
"P3285","MALLX","2x3/4 Blk XH M I Red Coupling","20","220","0","C02-37E"
"P3286","MALLX","2x1 Blk XH M I Red Coupling","20","220","24","C02-37D"
"P3287","MALLX","4x2 Blk XH M I Red Coupling","4","44","0","C02-37E"
"P3288","MALLX","1-1/4x1/2 Blk XH M I Red Coup","48","528","0","C02-37E"
"P3289","MALLX","1/8 Blk XH M I Coupling","3600","39600","0","C02-37E"
"P3290","MALLX","1/8 Blk XH M I Cap","3600","39600","0","C02-37E"
"P3291","MALLX","1/8 Blk Sq Hd Solid Pipe Plug","3600","39600","0","C02-37E"
"P3301","MALLX","1/8 Blk XH M I 90 Elbow","3600","39600","0","C02-37E"
"P3302","MALLX","1/8 Blk XH M I 45 Elbow","3600","39600","0","C02-37E"
"P3303","MALLX","1/8 Blk XH M I 90 Street Elbow","3600","39600","0","C02-37E"
"P3304","MALLX","1/4 Blk XH M I 90 Street Elbow","240","2640","0","C02-37E"
"P3305","MALLX","3 Blk XH M I 90 Street Elbow","8","88","0","C02-37E"
"P3306","MALLX","4 Blk XH M I 90 Street Elbow","4","44","0","C02-37E"
"P3308","MALLX","1/8 Blk XH MI 45 Street Elbow","3600","39600","0","C02-37E"
"P3309","MALLX","1/4 Blk XH MI 45 Street Elbow","240","2640","0","C02-37E"
"P3310","MALLX","3/8 Blk XH MI 45 Street Elbow","180","1980","0","C02-37E"
"P3311","MALLX","1/2 Blk XH MI 45 Street Elbow","80","880","0","C02-37E"
"P3312","MALLX","3/4 Blk XH MI 45 Street Elbow","120","1320","0","C02-37E"
"P3313","MALLX","1 Blk XH MI 45 Street Elbow","60","660","0","C02-37E"
"P3314","MALLX","1-1/4 Blk XH MI 45 Street Elbo w","48","528","0","C02-37E"
"P3315","MALLX","1-1/2 Blk XH MI 45 Street Elbo w","32","352","0","C02-37E"
"P3316","MALLX","2 Blk XH MI 45 Street Elbow","20","220","0","C02-37E"
"P3317","MALLX","3 Blk XH MI 45 Street Elbow","8","88","0","C02-37E"
"P3318","MALLX","4 Blk XH MI 45 Street Elbow","4","44","0","C02-37E"
"P3411","MALLX","1/8 Gal M I 300# GJ Br x Ir Un ion","210","2310","0","C02-37E"
"P3412","MALLX","3 Gal MI #250 GJ BrxIr Union","8","88","0","C02-37E"
"P3413","MALLX","2-1/2 Gal MI #250 GJ BrxIr Uni on","12","132","0","C02-37E"
"P3417","MALLX","4 Blk MI #250 GJ BrxIr Union","4","44","0","C02-37E"
"P3421","MALLX","6 Gal XH M I Tee","80","880","0","C02-37E"
"P3449","MALLX","2x1/2 Gal XH M I Red Tee","20","220","0","C02-37E"
"P3457","MALLX","1-1/2x1/2 Gal XH M I Red Coupl ing","32","352","0","C02-37E"
"P3458","MALLX","1-1/2x3/4 Gal XH M I Red Coupl ing","32","352","0","C02-37E"
"P3459","MALLX","2x1 Gal XH M I Red Coupling","20","220","0","C02-37E"
"P3460","MALLX","1-1/2x1/2 Gal XH M I Red Tee","32","352","0","C02-37E"
"P3461","MALLX","1-1/2x3/4 Gal XH M I Red Tee","32","352","0","C02-37E"
"P3462","MALLX","2x1 Gal XH M I Red Tee","20","220","0","C02-37E"
"P3473","MALLX","2x1/2 Gal XH M I Red Coupling","20","220","0","C02-37E"
"P3530","MALLX","2-1/2 Blk XH M I 90 Street Elb ow","12","132","0","C02-37E"
"P3661","MALLX","1/4 Blk Sq Countersunk Pipe Pl ug","240","2640","0","C02-37E"
"P3668","MALLX","1/8 Blk Sq Countersunk Pipe Pl ug","3600","39600","0","C02-37E"
"P3669","MALLX","1 Blk XH M I UNION ELLS","24","264","0","C02-37E"
"P3670","MALLX","1-1/4 Blk XH M I UNION ELLS","48","528","0","C02-37E"
"P3671","MALLX","1-1/2 Blk XH M I UNION ELLS","48","176","0","C02-37E"
"P3778","MALLX","2-1/2 Blk Sq Hd Solid Pipe Plu g","35","385","0","C02-37E"
"P3793","MALLX","1/8 Gal Sq Hd Solid Pipe Plug","3600","39600","0","C02-37E"
"P3794","MALLX","1/4 Gal Sq Hd Solid Pipe Plug","1800","19800","0","C02-37E"
"P3795","MALLX","3/8 Gal Sq Hd Solid Pipe Plug","1200","13200","0","C02-37E"
"P3832","MALLX","2-1/2 Gal Sq Countersunk Pipe Plug","12","132","0","C02-37E"
"P3942","MALLX","1/4 Gal XH M I 90 Street Elbow","240","2640","0","C02-37E"
"P4168","MALLX","3/4x1/4 Gal XH M I Red Couplin g","120","1320","0","C02-37E"
"P4169","MALLX","3/4x1/4 Gal XH M I Red Tee","120","1320","0","C02-37E"
"P4219","MALLX","1/2 Blk XH M I UNION ELLS","40","440","0","C02-37E"
"P4328","MALLX","1/2 Gal XH M I UNION ELLS","1","11","0","C02-37E"
"P4329","MALLX","1/4 Gal XH M I UNION ELLS","1","11","0","C02-37E"
"P4387","MALLX","4 Gal MI #250 GJ BrxIr Union","4","44","0","C02-37E"
"P4429","MALLX","2x3/4 Gal XH M I Red Coupling","20","220","0","C02-37E"
"P4430","MALLX","4x2 Gal XH M I Red Coupling","4","44","0","C02-37E"
"P4431","MALLX","2-1/2x1 Gal XH M I Red Tee","12","132","0","C02-37E"
"P4432","MALLX","3x1-1/2 Gal XH M I Red Couplin g","8","88","0","C02-37E"
"P4459","MALLX","6 Blk XH M I Coupling","80","880","0","C02-37E"
"P4472","MALLX","3-1/2 Blk Sq Countersunk Pipe Plug","80","880","0","C02-37E"
"P4476","MALLX","3-1/2 Gal Sq Hd Solid Pipe Plu g","80","880","0","C02-37E"
"P4498","MALLX","2 Blk XH M I UNION ELLS","20","220","0","C02-37E"
"P4537","MALLX","2-1/2 Gal XH M I 90 Street Elb ow","12","132","0","C02-37E"
"P4538","MALLX","3 Gal XH M I 90 Street Elbow","8","88","0","C02-37E"
"P4540","MALLX","1-1/4x1/2 Gal XH M I Red Coupl ing","48","528","0","C02-37E"
"P4596","MALLX","6 Gal XH M I 90 Elbow","80","880","0","C02-37E"
"P4597","MALLX","6 Gal XH M I 45 Elbow","80","880","0","C02-37E"
"P4598","MALLX","6x4 Gal XH M I Red Coupling","80","880","0","C02-37E"
"P4599","MALLX","4x2 Gal XH M I Red Tee","4","44","0","C02-37E"
"P4600","MALLX","6 Gal XH M I Cap","80","880","0","C02-37E"
"P12435","NHCPLG","5 HEAVY DUTY NH COUPLING","60","180","30","C08-34B"
"P12953","NHCPLG","8 NSF NO-HUB COUPLING","15","30","30","C08-33C"
"P7768","NHCPLG","2 NSF NO-HUB COUPLING","7200","14400","13534","C08-37A"
"P7769","NHCPLG","3 NSF NO-HUB COUPLING","1600","3200","3500","C08-33B"
"P7770","NHCPLG","4 NSF NO-HUB COUPLING","1200","2400","1310","C08-38A"
"P15906","NHCPLG","6 HEAVY DUTY NH COUPLING","180","360","-60","C08-35B"
"P15909","NHCPLG","8 HEAVY DUTY NH COUPLING","15","45","55","C08-34C"
"P15910","NHCPLG","10 NSF NO-HUB COUPLING","0","0","0","C08-37C"
"P15911","NHCPLG","12 NSF NO-HUB COUPLING","0","0","84","C08-37C"
"P9062","NHCPLG","1-1/2 NSF NO-HUB COUPLING","1200","3600","79","C08-33A"
"P9063","NHCPLG","2x1-1/2 NO-HUB COUPLING","200","400","78","C08-33C"
"P9064","NHCPLG","3x2 NO-HUB COUPLING","100","200","100","C08-33C"
"P9065","NHCPLG","4x2 NO-HUB COUPLING","30","60","0","C08-34C"
"P9296","NHCPLG","5 NSF NO-HUB COUPLING","120","360","20","C08-33A"
"P9297","NHCPLG","6 NSF NO-HUB COUPLING","100","300","100","C08-34B"
"P9966","NHCPLG","1-1/2 HEAVY DUTY NH COUPLING","150","300","150","C08-34C"
"P9968","NHCPLG","2 HEAVY DUTY NH COUPLING","2700","5400","4802","C08-34A"
"P9969","NHCPLG","3 HEAVY DUTY NH COUPLING","768","1536","2347","C08-35A"
"P9970","NHCPLG","4 HEAVY DUTY NH COUPLING","1536","3072","5566","C08-36A"
"P23000","NHCPLG","1-1/4 Flexible Coupling (CI to CI/PL)","100","600","597","C08-33D"
"P23001","NHCPLG","1-1/2 Flexible Coupling (CI to CI/PL)","100","600","289","C08-33D"
"P23002","NHCPLG","2 Flexible Coupling (CI to CI/PL)","100","600","144","C08-33D"
"P23003","NHCPLG","3 Flexible Coupling (CI to CI/PL)","60","360","186","C08-34D"
"P23004","NHCPLG","4 Flexible Coupling (CI to CI/PL)","48","288","-6","C08-34D"
"P23005","NHCPLG","5 Flexible Coupling (CI to CI/PL)","20","120","95","C08-35D"
"P23006","NHCPLG","6 Flexible Coupling (CI to CI/PL)","12","72","51","C08-36D"
"P23007","NHCPLG","1-1/2x1-1/4 Flexible Coupling (CI to CI/PL)","100","600","367","C08-33D"
"P23008","NHCPLG","2x1-1/2 Flexible Coupling (CI to CI/PL)","100","600","458","C08-34D"
"P23009","NHCPLG","3x2 Flexible Coupling (CI to CI/PL)","24","144","366","C08-34D"
"P23010","NHCPLG","4x3 Flexible Coupling (CI to CI/PL)","48","288","127","C08-35D"
"P23011","NHCPLG","5x4 Flexible Coupling (CI to CI/PL)","20","120","54","C08-35D"
"P23012","NHCPLG","6x4 Flexible Coupling (CI to CI/PL)","12","72","31","C08-36D"
"P23013","NHCPLG","4x3 Flexible Coupling (CL to CI/PL)","30","180","0","C08-38D"
"P23014","NHCPLG","4 Flexible Coupling (CL to CI/PL)","30","180","0","C08-37D"
"P23015","NHCPLG","6x4 Flexible Coupling (CL to CI/PL)","20","120","-10","C08-38D"
"P23016","NHCPLG","6 Flexible Coupling (CL to CI/PL)","16","96","0","C08-38D"
"P23017","NHCPLG","1-1/2 Flexible End Cap","100","600","542","C08-33D"
"P23018","NHCPLG","2 Flexible End Cap","100","600","0","C08-33D"
"P23019","NHCPLG","3 Flexible End Cap","50","300","504","C08-34D"
"P23020","NHCPLG","4 Flexible End Cap","80","480","63","C08-35D"
"P23021","NHCPLG","5 Flexible End Cap","0","0","0","C08-38D"
"P23022","NHCPLG","6 Flexible End Cap","20","120","0","C08-36D"
"P23023","NHCPLG","8 Flexible End Cap","20","120","58","C08-36D"
"P23024","NHCPLG","8 Flexible Coupling (CI to CI/PL)","10","60","20","C08-36D"
"P23025","NHCPLG","4x2 Flexible Coupling (CI to CI/PL)","48","288","288","C08-35D"
"P23026","NHCPLG","1-1/2 Shielded Rubber Couplings (CI to Copper)","100","600","0","C08-37D"
"P23027","NHCPLG","2 Shielded Rubber Couplings (CI to Copper)","100","600","0","C08-37D"
"P23028","NHCPLG","3 Shielded Rubber Couplings (CI to Copper)","80","480","0","C08-37D"
"P23029","NHCPLG","4 Shielded Rubber Couplings (CI to Copper)","60","360","0","C08-38D"
"P23030","NHCPLG","2x1-1/2 Shielded Rubber Couplings (CI to Copper)","100","600","0","C08-37D"
"P23031","NHCPLG","3x2 Shielded Rubber Couplings (CI to Copper)","100","600","0","C08-37D"
"P23032","NHCPLG","4x3 Shielded Rubber Couplings (CI to Copper)","100","600","0","C08-38D"
"P23033","NHCPLG","6 Shielded Rubber Couplings (CI to Copper)","0","0","0","C08-38D"
"P23034","NHCPLG","3x1-1/2 Flexible Coupling (CI to CI/PL)","0","0","0","C08-37D"
"P11136","NHCPLG","4x3 NO-HUB COUPLING","100","200","100","C08-33C"
"P12275","NIPST","3X3-1/4 BLK TOE NIPPLE","60","165","150","C02-24D"
"P5425","NIPST","3-1/2x12 Blk Std Steel Nipple","200","550","0","C02-32E"
"P12753","NIPST","3/8X2-1/4 Blk Std Steel Nipple","1600","4400","25","C02-22D"
"P5592","NIPST","6x10 Gal Std Steel Nipple","12","33","0","C02-32E"
"P5593","NIPST","6x10 Blk Std Steel Nipple","4","11","0","C02-27E"
"P5597","NIPST","1-1/4xCl to 6 one each Gal Assortment","18","48","47","C02-26A"
"P5609","NIPST","5x4 Blk Std Steel Nipple","20","55","10","C02-23D"
"P5610","NIPST","5x5 Blk Std Steel Nipple","20","55","4","C02-22D"
"P5611","NIPST","5x8 Blk Std Steel Nipple","12","33","6","C02-22D"
"P5612","NIPST","5x12 Blk Std Steel Nipple","20","55","7","C02-28E"
"P12788","NIPST","1/2xCL to 12 one each Blk Assortment","400","1100","38","C02-16D"
"P12789","NIPST","3/4xCL to 12 one each Blk Assortment","300","825","45","C02-21D"
"P12790","NIPST","1xCL to 12 one each Blk Assortment","200","550","40","C02-18D"
"P12791","NIPST","1-1/4xCL to 12 one each Blk Assortment","200","550","29","C02-18D"
"P12792","NIPST","1-1/2xCL to 12 one each Blk Assortment","200","550","17","C02-17D"
"P12793","NIPST","2xCL to 12 one each Blk Assortment","80","220","28","C02-21D"
"P12887","NIPST","1/8 X 8 YELLOW ZINC NIPPLE","2400","6600","0","C02-30E"
"P5729","NIPST","4x12 Blk Std Steel Nipple","16","44","36","C02-10C"
"P6327","NIPST","1-1/2x7 Gal Std Steel Nipple","160","440","165","C02-21C"
"P6384","NIPST","2-1/2xCl to 6 one each Blk Ass ortment","8","22","0","C02-19D"
"P6462","NIPST","6xCl Blk Std Steel Nipple","8","22","11","C02-23D"
"P13667","NIPST","1/8 X 5-1/2 YELLOW ZINC NIPPLE","2400","6600","398","C02-25D"
"SP*001891","NIPST","2-1/2 X 10-3/4 BLK NIPPLE TBE","80","220","0","C02-31E"
"P7170","NIPST","1-1/4x10 Blk TOE Nipple","160","440","83","C02-17D"
"P7171","NIPST","1-1/4x12 Blk Steel Nipple TOE","120","330","318","C02-17D"
"P7182","NIPST","1-1/4x8 Blk Std Steel Nip(TOE)","200","550","100","C02-18D"
"P7262","NIPST","1-1/2x6-1/2 Gal Std Steel Nipple","160","440","3","C02-16D"
"P7388","NIPST","3/8x7-1/2 Blk Steel Nipple","600","1650","75","C02-23D"
"P7394","NIPST","3/8x6-1/2 Blk Std Steel Nipple","800","2200","725","C02-21D"
"P7412","NIPST","1/2x9-1/8 Blk Std Steel Nipple","300","825","50","C02-24D"
"P7427","NIPST","2xCl to 6 one each Gal Assortm ent","100","275","37","C02-27C"
"P7435","NIPST","1/2x4 RIGHT/LEFT BLK STL NIP","1200","3300","31","C02-32C"
"P7436","NIPST","3/4x4 RIGHT/LEFT BLK STL NIP","600","1650","939","C02-10C"
"P7437","NIPST","1-1/4x4 R/L BLK STL NIPPLE","400","1100","412","C02-10C"
"P7438","NIPST","1-1/2x4 RIGHT/LEFT BLK STL NIPPLE","200","550","330","C02-32C"
"P7444","NIPST","2x8-1/2 Blk Std Steel Nipple","80","220","79","C02-23D"
"P7455","NIPST","1x4 RIGHT/LEFT BLK STL NIP","400","1100","431","C02-10C"
"P7456","NIPST","2x4 R/L BLK STL NIPPLE","160","440","343","C02-11C"
"P7831","NIPST","3/4 X 2-1/2 BLK TOE","1200","3300","0","C02-31E"
"P7852","NIPST","1 1/4 X 6 7/8 BLK NIPPLE","200","550","0","C02-28E"
"P7869","NIPST","1x7 BLK NIP TOE","200","550","0","C02-29E"
"P7983","NIPST","1-1/2x4-3/4 Blk Std Steel Nipple","200","550","0","C02-28E"
"P8219","NIPST","3/8x10-3/4 BLACK NIPPLE","800","2200","0","C02-32E"
"P8255","NIPST","1x8-1/2 Blk Std Steel Nipple","200","550","100","C02-18D"
"P8451","NIPST","3/8x9-1/2 Blk Std Steel Nipple","800","2200","50","C02-25D"
"P8463","NIPST","1-1/2x10-1/2 Blk Std Steel Nip","80","220","57","C02-25D"
"P8553","NIPST","1/4 180 SYPHON MxM (BLK STL)","2400","6600","0","C02-28E"
"P8561","NIPST","4x3-1/2 Blk Std Steel Nipple","40","110","148","C02-09C"
"P8654","NIPST","4x3-1/2 Gal Std Steel Nipple","40","110","16","C02-15D"
"P8856","NIPST","1-1/2x8-1/2 Blk Std Steel Nipple","120","330","146","C02-24D"
"P9060","NIPST","3/8x8-1/2 Blk Std Steel Nipple","800","2200","94","C02-24D"
"P9074","NIPST","3/4x8-1/2 Blk Std Steel Nipple","300","825","194","C02-24D"
"P9117","NIPST","6x12 Blk Std Steel Nipple","4","11","3","C02-24D"
"P9225","NIPST","1-1/4 X 5 BLACK S-40 TOE X ROE","200","550","0","C02-30E"
"P9238","NIPST","1x4-3/4 GALV NIPPLE","200","550","0","C02-31E"
"P9347","NIPST","6x5-1/2 Blk Std Steel Nipple","4","11","0","C02-32E"
"P9475","NIPST","1-1/4 X 2-1/2 BLACK TOE","200","550","-75","C02-29E"
"P9717","NIPST","1-1/2x9-1/2 Blk Std Steel Nipple","120","330","19","C02-17D"
"P9840","NIPST","1-1/2x6-1/2 Blk Steel Nipple","160","440","79","C02-25D"
"P9938","NIPST","1-1/4 X 8-1/2 BLK TOE NIPPLE","200","550","0","C02-30E"
"P9994","NIPST","1-1/2x7-1/2 Blk Std Steel Nip","160","440","56","C02-23D"
"SP*00001914","NIPST","3/8x11-1/2 Blk Std Steel Nipple","800","2200","0","C02-32E"
"SP*00001984","NIPST","1-1/4x1-1/2 Blk Std Steel Nipple","200","550","0","C02-28E"
"P1269","NIPST","1-1/4x6 Sch40 THxGR Nipple","200","550","0","C02-17D"
"SP*00002218","NIPST","1/8 X 7 YELLOW ZINC NIPPLE","2400","6600","0","C02-29E"
"SP*00002265","NIPST","1 X 7-1/4 BLK NIPPLE","200","550","0","C02-29E"
"SP*00002395","NIPST","1-1/2 X 3-3/4 BLK TOE","200","550","0","C02-30E"
"P1596","NIPST","1/8xCl Blk Std Steel Nipple","2400","6600","2435","C02-08B"
"P1597","NIPST","1/8x1-1/2 Blk Std Steel Nipple","2400","6600","3802","C02-08B"
"P1598","NIPST","1/8x2 Blk Std Steel Nipple","2400","6600","3741","C02-08B"
"P1599","NIPST","1/8x2-1/2 Blk Std Steel Nipple","2400","6600","488","C02-28C"
"P1600","NIPST","1/8x3 Blk Std Steel Nipple","2400","6600","2513","C02-08B"
"P1601","NIPST","1/8x3-1/2 Blk Std Steel Nipple","2400","6600","1648","C02-28C"
"P1602","NIPST","1/8x4 Blk Std Steel Nipple","2400","6600","311","C02-28C"
"P1603","NIPST","1/8x4-1/2 Blk Std Steel Nipple","1600","4400","0","C02-28C"
"P1604","NIPST","1/8x5 Blk Std Steel Nipple","1600","4400","283","C02-28C"
"P1605","NIPST","1/8x5-1/2 Blk Std Steel Nipple","1600","4400","543","C02-29C"
"P1606","NIPST","1/8x6 Blk Std Steel Nipple","1600","4400","433","C02-29C"
"P1608","NIPST","1/8x8 Blk Std Steel Nipple","800","2200","0","C02-25E"
"P1610","NIPST","1/8x10 Blk Std Steel Nipple","600","1650","0","C02-25E"
"P1612","NIPST","1/8x12 Blk Std Steel Nipple","600","1650","25","C02-23D"
"P1613","NIPST","1/4xCl Blk Std Steel Nipple","2400","6600","5111","C02-08B"
"P1614","NIPST","1/4x1-1/2 Blk Std Steel Nipple","2400","6600","4170","C02-08B"
"P1615","NIPST","1/4x2 Blk Std Steel Nipple","2400","6600","5925","C02-08B"
"P1616","NIPST","1/4x2-1/2 Blk Std Steel Nipple","2400","6600","2436","C02-09B"
"P1617","NIPST","1/4x3 Blk Std Steel Nipple","2400","6600","6528","C02-09B"
"P1618","NIPST","1/4x3-1/2 Blk Std Steel Nipple","1600","4400","893","C02-09B"
"P1619","NIPST","1/4x4 Blk Std Steel Nipple","1600","4400","4483","C02-09B"
"P1620","NIPST","1/4x4-1/2 Blk Std Steel Nipple","1600","4400","42","C02-29C"
"P1621","NIPST","1/4x5 Blk Std Steel Nipple","1200","3300","718","C02-09B"
"P1622","NIPST","1/4x5-1/2 Blk Std Steel Nipple","1200","3300","206","C02-29C"
"P1623","NIPST","1/4x6 Blk Std Steel Nipple","1200","3300","1943","C02-09B"
"P1624","NIPST","3/8xCl Blk Std Steel Nipple","2400","6600","4211","C02-09B"
"P1625","NIPST","3/8x1-1/2 Blk Std Steel Nipple","2400","6600","3371","C02-10B"
"P1626","NIPST","3/8x2 Blk Std Steel Nipple","2400","6600","4895","C02-10B"
"P1627","NIPST","3/8x2-1/2 Blk Std Steel Nipple","1600","4400","2371","C02-10B"
"P1628","NIPST","3/8x3 Blk Std Steel Nipple","1600","4400","634","C02-10B"
"P1629","NIPST","3/8x3-1/2 Blk Std Steel Nipple","1600","4400","686","C02-10B"
"P1630","NIPST","3/8x4 Blk Std Steel Nipple","1200","3300","482","C02-10B"
"P1631","NIPST","3/8x4-1/2 Blk Std Steel Nipple","1200","3300","239","C02-29C"
"P1632","NIPST","3/8x5 Blk Std Steel Nipple","1200","3300","68","C02-25D"
"SP*00002434","NIPST","3/4 X 2-1/2 BLK PLAIN ENDS","300","825","0","C02-31E"
"P1633","NIPST","3/8x5-1/2 Blk Std Steel Nipple","800","2200","-136","C02-29C"
"P1634","NIPST","3/8x6 Blk Std Steel Nipple","800","2200","1220","C02-11B"
"P1635","NIPST","3/8x7 Blk Std Steel Nipple","800","2200","622","C02-30C"
"P1636","NIPST","3/8x8 Blk Std Steel Nipple","600","1650","1075","C02-30C"
"P1637","NIPST","3/8x9 Blk Std Steel Nipple","600","1650","50","C02-30C"
"P1638","NIPST","3/8x10 Blk Std Steel Nipple","400","1100","40","C02-30C"
"P1639","NIPST","3/8x11 Blk Std Steel Nipple","400","1100","24","C02-25E"
"P1640","NIPST","3/8x12 Blk Std Steel Nipple","400","1100","-145","C02-30C"
"P1643","NIPST","3/4xCl Blk Std Steel Nipple","3200","8800","5784","C02-14B"
"P1644","NIPST","3/4x1-1/2 Blk Std Steel Nipple","1600","4400","2570","C02-14B"
"P1645","NIPST","3/4x2 Blk Std Steel Nipple","3300","9900","8521","C02-15B"
"P1646","NIPST","3/4x2-1/2 Blk Std Steel Nipple","2400","6600","3928","C02-14B"
"P1647","NIPST","3/4x3 Blk Std Steel Nipple","2800","8400","10978","C02-09A"
"P1648","NIPST","3/4x3-1/2 Blk Std Steel Nipple","800","2200","1746","C02-15B"
"P1649","NIPST","3/4x4 Blk Std Steel Nipple","2100","6300","9612","C02-09A"
"P1650","NIPST","3/4x4-1/2 Blk Std Steel Nipple","600","1650","911","C02-15B"
"P1651","NIPST","3/4x5 Blk Std Steel Nipple","800","2200","1662","C02-16B"
"P1652","NIPST","3/4x5-1/2 Blk Std Steel Nipple","400","1100","1922","C02-16B"
"P1653","NIPST","3/4x6 Blk Std Steel Nipple","2800","8400","5870","C02-10A"
"P1654","NIPST","3/4x7 Blk Std Steel Nipple","300","825","755","C02-16B"
"P1655","NIPST","3/4x8 Blk Std Steel Nipple","300","825","366","C02-16B"
"P1656","NIPST","3/4x9 Blk Std Steel Nipple","300","825","364","C02-16B"
"P1657","NIPST","3/4x10 Blk Std Steel Nipple","200","550","813","C02-30C"
"P1658","NIPST","3/4x11 Blk Std Steel Nipple","200","550","286","C02-17B"
"P1659","NIPST","3/4x12 Blk Std Steel Nipple","400","1100","6013","C02-17B"
"P1667","NIPST","1/2xCl Blk Std Steel Nipple","2400","6600","7295","C02-11B"
"P1668","NIPST","1/2x1-1/2 Blk Std Steel Nipple","4800","13200","6569","C02-11B"
"P1669","NIPST","1/2x2 Blk Std Steel Nipple","4800","13200","12165","C02-11B"
"P1670","NIPST","1/2x2-1/2 Blk Std Steel Nipple","1600","4400","3834","C02-11B"
"P1671","NIPST","1/2x3 Blk Std Steel Nipple","4400","13200","4558","C02-12B"
"P1672","NIPST","1/2x3-1/2 Blk Std Steel Nipple","1200","3300","3069","C02-12B"
"P1673","NIPST","1/2x4 Blk Std Steel Nipple","1200","3300","7360","C02-12B"
"P1674","NIPST","1/2x4-1/2 Blk Std Steel Nipple","800","2200","2714","C02-12B"
"P1675","NIPST","1/2x5 Blk Std Steel Nipple","1600","4400","1408","C02-13B"
"P1676","NIPST","1/2x5-1/2 Blk Std Steel Nipple","800","2200","1780","C02-13B"
"P1677","NIPST","1/2x6 Blk Std Steel Nipple","4200","8400","12257","C02-08A"
"P1678","NIPST","1/2x6-1/2 Blk Std Steel Nipple","400","1100","87","C02-25D"
"P1679","NIPST","1/2x7 Blk Std Steel Nipple","400","1100","458","C02-13B"
"P1680","NIPST","1/2x8 Blk Std Steel Nipple","400","1100","1404","C02-13B"
"P1681","NIPST","1/2x9 Blk Std Steel Nipple","400","1100","1958","C02-13B"
"P1682","NIPST","1/2x10 Blk Std Steel Nipple","600","1650","1210","C02-14B"
"P1688","NIPST","1/2x11-1/2 Blk Std Steel Nipple","400","1100","0","C02-29E"
"P1703","NIPST","1xCL Blk Std Steel Nipple","3300","9900","5454","C02-17B"
"P1704","NIPST","1x2 Blk Std Steel Nipple","8400","16800","16134","C02-11A"
"P1705","NIPST","1x2-1/2 Blk Std Steel Nipple","2200","6600","4216","C02-18B"
"P1706","NIPST","1x3 Blk Std Steel Nipple","6300","12600","13502","C02-12A"
"P1707","NIPST","1x3-1/2 Blk Std Steel Nipple","600","1650","1385","C02-18B"
"P1708","NIPST","1x4 Blk Std Steel Nipple","4200","8400","9819","C02-13A"
"P1709","NIPST","1x4-1/2 Blk Std Steel Nipple","1400","4200","3769","C02-14A"
"P1710","NIPST","1x5 Blk Std Steel Nipple","1400","4200","2156","C02-14A"
"P1711","NIPST","1x5-1/2 Blk Std Steel Nipple","1050","3150","1211","C02-16A"
"P1712","NIPST","1x6 Blk Std Steel Nipple","2100","6300","5404","C02-15A"
"P1714","NIPST","1x7 Blk Std Steel Nipple","400","1100","1536","C02-18B"
"P1716","NIPST","1x8 Blk Std Steel Nipple","550","1650","1204","C02-19B"
"P1718","NIPST","1x9 Blk Std Steel Nipple","400","1100","720","C02-19B"
"P1719","NIPST","1x9-1/2 Blk Std Steel Nipple","400","1100","197","C02-18D"
"P1720","NIPST","1x10 Blk Std Steel Nipple","200","550","243","C02-19B"
"P1721","NIPST","1x11 Blk Std Steel Nipple","200","550","290","C02-19B"
"P1722","NIPST","1x12 Blk Std Steel Nipple","550","1650","462","C02-21B"
"P1731","NIPST","1-1/4xCl Blk Std Steel Nipple","1200","3300","2656","C02-21B"
"P1732","NIPST","1-1/4x2 Blk Std Steel Nipple","1200","3300","1672","C02-21B"
"P1733","NIPST","1-1/4x2-1/2 Blk Std Steel Nip","600","1650","1310","C02-22B"
"P1734","NIPST","1-1/4x3 Blk Std Steel Nipple","400","1100","2129","C02-22B"
"P1735","NIPST","1-1/4x3-1/2 Blk Std Steel Nip","400","1100","622","C02-22B"
"P1736","NIPST","1-1/4x4 Blk Std Steel Nipple","800","2200","1161","C02-22B"
"P1737","NIPST","1-1/4x4-1/2 Blk Std Steel Nip","300","825","525","C02-22B"
"P1738","NIPST","1-1/4x5 Blk Std Steel Nipple","825","2475","814","C02-23B"
"P1739","NIPST","1-1/4x5-1/2 Blk Std Steel Nipple","600","1650","872","C02-23B"
"P1740","NIPST","1-1/4x6 Blk Std Steel Nipple","1050","2100","3228","C02-16A"
"P1741","NIPST","1-1/4x7 Blk Std Steel Nipple","200","550","467","C02-23B"
"P1742","NIPST","1-1/4x8 Blk Std Steel Nipple","400","1100","583","C02-23B"
"P1743","NIPST","1-1/4x9 Blk Std Steel Nipple","200","550","631","C02-24B"
"P1744","NIPST","1-1/4x11 Blk Std Steel Nipple","160","440","130","C02-24B"
"P1745","NIPST","1-1/4x12 Blk Std Steel Nipple","330","990","1388","C02-24B"
"P1752","NIPST","1-1/2xCL Blk Std Steel Nipple","800","2200","859","C02-24B"
"P1753","NIPST","1-1/2x2 Blk Std Steel Nipple","600","1650","659","C02-25B"
"P1754","NIPST","1-1/2x2-1/2 Blk Std Steel Nip","300","825","559","C02-25B"
"P1755","NIPST","1-1/2x3 Blk Std Steel Nipple","200","550","315","C02-25B"
"P1756","NIPST","1-1/2x3-1/2 Blk Std Steel Nip","200","550","331","C02-25B"
"P1757","NIPST","1-1/2x4 Blk Std Steel Nipple","200","550","262","C02-25B"
"P1758","NIPST","1-1/2x4-1/2 Blk Std Steel Nip","200","550","797","C02-26B"
"P1759","NIPST","1-1/2x5 Blk Std Steel Nipple","400","1100","359","C02-26B"
"P1760","NIPST","1-1/2x5-1/2 Blk Std Stl Nipple","200","550","100","C02-26B"
"P1761","NIPST","1-1/2x6 Blk Std Steel Nipple","200","550","203","C02-26B"
"P1762","NIPST","1-1/2x7 Blk Std Steel Nipple","160","440","203","C02-26B"
"P1763","NIPST","1-1/2x8 Blk Std Steel Nipple","160","440","241","C02-26B"
"P1764","NIPST","1-1/2x9 Blk Std Steel Nipple","120","330","370","C02-30C"
"P1765","NIPST","1-1/2x10 Blk Std Steel Nipple","120","330","103","C02-27B"
"P1766","NIPST","1-1/2x11 Blk Std Steel Nipple","80","220","68","C02-31C"
"P1767","NIPST","1-1/2x12 Blk Std Steel Nipple","380","1100","456","C02-27B"
"P1776","NIPST","2xCl Blk Std Steel Nipple","300","825","453","C02-27B"
"P1777","NIPST","2x2-1/2 Blk Std Steel Nipple","1200","2100","2323","C02-17A"
"P1778","NIPST","2x3 Blk Std Steel Nipple","400","1100","1146","C02-27B"
"P1779","NIPST","2x3-1/2 Blk Std Steel Nipple","440","1320","758","C02-28B"
"P1780","NIPST","2x4 Blk Std Steel Nipple","840","1,560","2054","C02-17A"
"P1781","NIPST","2x4-1/2 Blk Std Steel Nipple","160","440","196","C02-28B"
"P1782","NIPST","2x5 Blk Std Steel Nipple","320","880","118","C02-28B"
"P1783","NIPST","2x5-1/2 Blk Std Steel Nipple","240","660","434","C02-28B"
"P1784","NIPST","2x6 Blk Std Steel Nipple","1260","2520","3199","C02-18A"
"P1786","NIPST","2x7 Blk Std Steel Nipple","80","220","168","C02-29B"
"P1787","NIPST","2x8 Blk Std Steel Nipple","80","220","157","C02-29B"
"P1788","NIPST","2x9 Blk Std Steel Nipple","80","220","223","C02-29B"
"P1790","NIPST","2x10 Blk Std Steel Nipple","165","495","1909","C02-29B"
"P1791","NIPST","2x11 Blk Std Steel Nipple","60","165","166","C02-29B"
"P1792","NIPST","2x12 Blk Std Steel Nipple","255","525","389","C02-19A"
"P1800","NIPST","2-1/2xCl Blk Std Steel Nipple","160","440","245","C02-30B"
"P1801","NIPST","2-1/2x3 Blk Std Steel Nipple","160","440","322","C02-30B"
"P1802","NIPST","2-1/2x3-1/2 Blk Std Steel Nipp","120","330","538","C02-30B"
"P1803","NIPST","2-1/2x4 Blk Std Steel Nipple","120","330","306","C02-30B"
"P1804","NIPST","2-1/2x4-1/2 Blk Std Steel Nipp","120","330","115","C02-30B"
"P1805","NIPST","2-1/2x5 Blk Std Steel Nipple","160","440","224","C02-30B"
"P1806","NIPST","2-1/2x5-1/2 Blk Std Steel Nipp","80","220","155","C02-30B"
"P1807","NIPST","2-1/2x6 Blk Std Steel Nipple","80","220","75","C02-31B"
"P1808","NIPST","2-1/2x7 Blk Std Steel Nipple","80","220","183","C02-31C"
"P1809","NIPST","2-1/2x8 Blk Std Steel Nipple","80","220","34","C02-31B"
"P1810","NIPST","2-1/2x9 Blk Std Steel Nipple","40","110","46","C02-31C"
"P1811","NIPST","2-1/2x10 Blk Std Steel Nipple","40","110","106","C02-31B"
"P1812","NIPST","2-1/2x11 Blk Std Steel Nipple","40","110","24","C02-31C"
"P1813","NIPST","2-1/2x12 Blk Std Steel Nipple","40","110","124","C02-31B"
"P1814","NIPST","3xCl Blk Std Steel Nipple","120","330","336","C02-31B"
"P1815","NIPST","3x3 Blk Std Steel Nipple","160","440","313","C02-31B"
"P1816","NIPST","3x3-1/2 Blk Std Steel Nipple","60","165","140","C02-31B"
"P1817","NIPST","3x4 Blk Std Steel Nipple","165","495","353","C02-32B"
"P1818","NIPST","3x4-1/2 Blk Std Steel Nipple","60","165","180","C02-32B"
"P1819","NIPST","3x5 Blk Std Steel Nipple","120","330","142","C02-32B"
"P1820","NIPST","3x5-1/2 Blk Std Steel Nipple","120","330","177","C02-32B"
"P1821","NIPST","3x6 Blk Std Steel Nipple","110","330","398","C02-08C"
"P1822","NIPST","3x7 Blk Std Steel Nipple","28","77","33","C02-32B"
"P1823","NIPST","3x8 Blk Std Steel Nipple","77","231","156","C02-08C"
"P1824","NIPST","3x9 Blk Std Steel Nipple","28","77","58","C02-31C"
"P1825","NIPST","3x10 Blk Std Steel Nipple","55","165","135","C02-08C"
"P1826","NIPST","3x11 Blk Std Steel Nipple","20","55","73","C02-31C"
"P1827","NIPST","3x12 Blk Std Steel Nipple","75","220","70","C02-09C"
"P1828","NIPST","4xCl Blk Std Steel Nipple","80","220","195","C02-09C"
"P1829","NIPST","4x4 Blk Std Steel Nipple","40","110","177","C02-09C"
"P1830","NIPST","4x4-1/2 Blk Std Steel Nipple","32","88","538","C02-31C"
"P1831","NIPST","4x5 Blk Std Steel Nipple","32","88","100","C02-09C"
"P1832","NIPST","4x5-1/2 Blk Std Steel Nipple","32","88","52","C02-32C"
"P1833","NIPST","4x6 Blk Std Steel Nipple","64","128","142","C02-10C"
"P1834","NIPST","4x7 Blk Std Steel Nipple","16","44","2","C02-32C"
"P1835","NIPST","4x8 Blk Std Steel Nipple","16","44","70","C02-10C"
"P1836","NIPST","4x9 Blk Std Steel Nipple","16","44","42","C02-32C"
"P1837","NIPST","4x10 Blk Std Steel Nipple","16","44","37","C02-10C"
"P1838","NIPST","4x11 Blk Std Steel Nipple","16","44","28","C02-32C"
"P1849","NIPST","1/4x8 Blk Std Steel Nipple","800","2200","0","C02-29C"
"P1851","NIPST","1/4x10 Blk Std Steel Nipple","600","1650","754","C02-25D"
"P1853","NIPST","1/4x12 Blk Std Steel Nipple","600","1650","150","C02-24D"
"P1888","NIPST","1/2x11 Blk Std Steel Nipple","300","825","364","C02-14B"
"P1889","NIPST","1/2x12 Blk Std Steel Nipple","1050","3150","2963","C02-08A"
"P2480","NIPST","1/8xCl Gal Std Steel Nipple","2400","6600","40","C02-08D"
"P2481","NIPST","1/8x1-1/2 Gal Std Steel Nipple","2400","6600","25","C02-08D"
"P2482","NIPST","1/8x2 Gal Std Steel Nipple","2400","6600","450","C02-23D"
"P2483","NIPST","1/8x2-1/2 Gal Std Steel Nipple","2400","6600","200","C02-24D"
"P2484","NIPST","1/8x3 Gal Std Steel Nipple","2400","6600","175","C02-24D"
"P2485","NIPST","1/8x3-1/2 Gal Std Steel Nipple","2400","6600","600","C02-23D"
"P2486","NIPST","1/8x4 Gal Std Steel Nipple","2400","6600","0","C02-24D"
"P2488","NIPST","1/8x5 Gal Std Steel Nipple","1600","4400","300","C02-23D"
"P2490","NIPST","1/8x6 Gal Std Steel Nipple","1600","4400","50","C02-24D"
"P2497","NIPST","1/4xCL Gal Std Steel Nipple","2400","6600","520","C02-08D"
"P2498","NIPST","1/4x1-1/2 Gal Std Steel Nipple","2400","6600","2995","C02-08D"
"P2499","NIPST","1/4x2 Gal Std Steel Nipple","2400","6600","385","C02-08D"
"P2500","NIPST","1/4x2-1/2 Gal Std Steel Nipple","2400","6600","575","C02-08D"
"P2501","NIPST","1/4x3 Gal Std Steel Nipple","2400","6600","381","C02-08D"
"P2502","NIPST","1/4x3-1/2 Gal Std Steel Nipple","1600","4400","800","C02-09D"
"P2503","NIPST","1/4x4 Gal Std Steel Nipple","1600","4400","1165","C02-09D"
"P2504","NIPST","1/4x4-1/2 Gal Std Steel Nipple","1600","4400","400","C02-24D"
"P2505","NIPST","1/4x5 Gal Std Steel Nipple","1200","3300","249","C02-09D"
"P2506","NIPST","1/4x5-1/2 Gal Std Steel Nipple","1200","3300","300","C02-24D"
"P2507","NIPST","1/4x6 Gal Std Steel Nipple","1200","3300","19","C02-09D"
"P2508","NIPST","3/8xCl Gal Std Steel Nipple","2400","6600","1190","C02-09D"
"P2509","NIPST","3/8x1-1/2 Gal Std Steel Nipple","2400","6600","495","C02-09D"
"P2510","NIPST","3/8x2 Gal Std Steel Nipple","2400","6600","140","C02-09D"
"P2511","NIPST","3/8x2-1/2 Gal Std Steel Nipple","1600","4400","100","C02-10D"
"P2512","NIPST","3/8x3 Gal Std Steel Nipple","1600","4400","0","C02-10D"
"P2513","NIPST","3/8x3-1/2 Gal Std Steel Nipple","1600","4400","0","C02-25E"
"P2514","NIPST","3/8x4 Gal Std Steel Nipple","1200","3300","25","C02-10D"
"P2515","NIPST","3/8x4-1/2 Gal Std Steel Nipple","1200","3300","200","C02-24D"
"P2516","NIPST","3/8x5 Gal Std Steel Nipple","1200","3300","100","C02-23D"
"P2517","NIPST","3/8x5-1/2 Gal Std Steel Nipple","800","2200","50","C02-24D"
"P2518","NIPST","3/8x6 Gal Std Steel Nipple","800","2200","188","C02-10D"
"P2519","NIPST","3/8x7 Gal Std Steel Nipple","800","2200","0","C02-25E"
"P2520","NIPST","3/8x8 Gal Std Steel Nipple","600","1650","0","C02-25E"
"P2522","NIPST","3/8x10 Gal Std Steel Nipple","400","1100","0","C02-26E"
"P2524","NIPST","3/8x12 Gal Std Steel Nipple","400","1100","0","C02-26E"
"P2527","NIPST","3/4xCl Gal Std Steel Nipple","1600","4400","1015","C02-13C"
"P2528","NIPST","3/4x1-1/2 Gal Std Steel Nipple","1600","4400","3351","C02-13C"
"P2529","NIPST","3/4x2 Gal Std Steel Nipple","1200","3300","359","C02-13C"
"P2530","NIPST","3/4x2-1/2 Gal Std Steel Nipple","1200","3300","3055","C02-13C"
"P2531","NIPST","3/4x3 Gal Std Steel Nipple","800","2200","1055","C02-13C"
"P2532","NIPST","3/4x3-1/2 Gal Std Steel Nipple","800","2200","1009","C02-13C"
"P2533","NIPST","3/4x4 Gal Std Steel Nipple","2400","6300","2993","C02-24A"
"P2534","NIPST","3/4x4-1/2 Gal Std Steel Nipple","600","1650","-7","C02-13C"
"P2535","NIPST","3/4x5 Gal Std Steel Nipple","400","1100","72","C02-14C"
"P2536","NIPST","3/4x5-1/2 Gal Std Steel Nipple","400","1100","170","C02-14C"
"P2537","NIPST","3/4x6 Gal Std Steel Nipple","400","1100","1155","C02-14C"
"P2538","NIPST","3/4x7 Gal Std Steel Nipple","300","825","127","C02-10D"
"P2539","NIPST","3/4x8 Gal Std Steel Nipple","300","825","407","C02-14C"
"P2540","NIPST","3/4x9 Gal Std Steel Nipple","300","825","190","C02-11D"
"P2541","NIPST","3/4x10 Gal Std Steel Nipple","200","550","276","C02-14C"
"P2542","NIPST","3/4x11 Gal Std Steel Nipple","200","550","0","C02-11D"
"P2543","NIPST","3/4x12 Gal Std Steel Nipple","200","550","193","C02-14C"
"P2551","NIPST","1/2xCL Gal Std Steel Nipple","2400","6600","5097","C02-11C"
"P2552","NIPST","1/2x1-1/2 Gal Std Steel Nipple","2400","6600","3769","C02-11C"
"P2553","NIPST","1/2x2 Gal Std Steel Nipple","2400","6600","4127","C02-11C"
"P2554","NIPST","1/2x2-1/2 Gal Std Steel Nipple","1600","4400","3607","C02-11C"
"P2555","NIPST","1/2x3 Gal Std Steel Nipple","1600","4400","2007","C02-11C"
"P2556","NIPST","1/2x3-1/2 Gal Std Steel Nipple","1200","3300","1228","C02-11C"
"P2557","NIPST","1/2x4 Gal Std Steel Nipple","1200","3300","860","C02-12C"
"P2558","NIPST","1/2x4-1/2 Gal Std Steel Nipple","800","2200","1662","C02-12C"
"P2559","NIPST","1/2x5 Gal Std Steel Nipple","800","2200","881","C02-12C"
"P2560","NIPST","1/2x5-1/2 Gal Std Steel Nipple","800","2200","1680","C02-12C"
"P2561","NIPST","1/2x6 Gal Std Steel Nipple","800","2200","1265","C02-12C"
"P2562","NIPST","1/2x6-1/2 Gal Std Steel Nipple","400","1100","100","C02-23D"
"P2563","NIPST","1/2x7 Gal Std Steel Nipple","400","1100","74","C02-10D"
"P2564","NIPST","1/2x8 Gal Std Steel Nipple","400","1100","75","C02-12C"
"P2565","NIPST","1/2x9 Gal Std Steel Nipple","400","1100","179","C02-23D"
"P2566","NIPST","1/2x10 Gal Std Steel Nipple","300","825","607","C02-10D"
"P2587","NIPST","1xCL Gal Std Steel Nipple","1200","3300","3254","C02-14C"
"P2588","NIPST","1x2 Gal Std Steel Nipple","800","2200","6581","C02-15C"
"P2589","NIPST","1x2-1/2 Gal Std Steel Nipple","800","2200","629","C02-15C"
"P2590","NIPST","1x3 Gal Std Steel Nipple","600","1650","876","C02-15C"
"P2591","NIPST","1x3-1/2 Gal Std Steel Nipple","600","1650","331","C02-15C"
"P2592","NIPST","1x4 Gal Std Steel Nipple","400","1100","-69","C02-15C"
"P2593","NIPST","1x4-1/2 Gal Std Steel Nipple","400","1100","79","C02-15C"
"P2594","NIPST","1x5 Gal Std Steel Nipple","400","1100","198","C02-15C"
"P2595","NIPST","1x5-1/2 Gal Std Steel Nipple","300","825","141","C02-16C"
"P2596","NIPST","1x6 Gal Std Steel Nipple","300","825","451","C02-16C"
"P2598","NIPST","1x7 Gal Std Steel Nipple","200","550","65","C02-11D"
"P2600","NIPST","1x8 Gal Std Steel Nipple","200","550","0","C02-16C"
"P2602","NIPST","1x9 Gal Std Steel Nipple","200","550","88","C02-11D"
"P2604","NIPST","1x10 Gal Std Steel Nipple","200","550","73","C02-16C"
"P2605","NIPST","1x11 Gal Std Steel Nipple","200","550","-16","C02-26E"
"P2606","NIPST","1x12 Gal Std Steel Nipple","200","550","437","C02-16C"
"P2615","NIPST","1-1/4xCl Gal Std Steel Nipple","600","1650","279","C02-16C"
"P2616","NIPST","1-1/4x2 Gal Std Steel Nipple","600","1650","705","C02-16C"
"P2617","NIPST","1-1/4x2-1/2 Gal Std Steel Nipple","600","1650","274","C02-17C"
"P2618","NIPST","1-1/4x3 Gal Std Steel Nipple","400","1100","198","C02-17C"
"P2620","NIPST","1-1/4x4 Gal Std Steel Nipple","400","1100","1097","C02-17C"
"P2621","NIPST","1-1/4x4-1/2 Gal Std Steel Nipp le","300","825","0","C02-11D"
"P2622","NIPST","1-1/4x5 Gal Std Steel Nipple","300","825","88","C02-17C"
"P2623","NIPST","1-1/4x5-1/2 Gal Std Steel Nipp","300","825","91","C02-11D"
"P2624","NIPST","1-1/4x6 Gal Std Steel Nipple","200","550","188","C02-17C"
"P2626","NIPST","1-1/4x8 Gal Std Steel Nipple","200","550","385","C02-17C"
"P2627","NIPST","1-1/4x9 Gal Std Steel Nipple","200","550","147","C02-23D"
"P2628","NIPST","1-1/4x11 Gal Std Steel Nipple","160","440","16","C02-11D"
"P2629","NIPST","1-1/4x12 Gal Std Steel Nipple","120","330","64","C02-18C"
"P2636","NIPST","1-1/2xCL Gal Std Steel Nipple","400","1100","899","C02-18C"
"P2637","NIPST","1-1/2x2 Gal Std Steel Nipple","600","1650","1164","C02-18C"
"P2638","NIPST","1-1/2x2-1/2 Gal Std Steel Nip","300","825","411","C02-18C"
"P2639","NIPST","1-1/2x3 Gal Std Steel Nipple","200","550","1485","C02-19C"
"P2640","NIPST","1-1/2x3-1/2 Gal Std Steel Nipp","200","550","259","C02-18C"
"P2641","NIPST","1-1/2x4 Gal Std Steel Nipple","200","550","1293","C02-19C"
"P2642","NIPST","1-1/2x4-1/2 Gal Std Steel Nip","200","550","529","C02-19C"
"P2643","NIPST","1-1/2x5 Gal Std Steel Nipple","400","1100","891","C02-19C"
"P2644","NIPST","1-1/2x5-1/2 Gal Std Stl Nipple","200","550","601","C02-21C"
"P2645","NIPST","1-1/2x6 Gal Std Steel Nipple","550","1650","718","C02-21C"
"P2647","NIPST","1-1/2x8 Gal Std Steel Nipple","160","440","662","C02-21C"
"P2648","NIPST","1-1/2x9 Gal Std Steel Nipple","120","330","1","C02-12D"
"P2649","NIPST","1-1/2x10 Gal Std Steel Nipple","120","330","510","C02-21C"
"P2650","NIPST","1-1/2x11 Gal Std Steel Nipple","80","220","0","C02-12D"
"P2651","NIPST","1-1/2x12 Gal Std Steel Nipple","80","220","196","C02-22C"
"P2660","NIPST","2xCL Gal Std Steel Nipple","600","1650","745","C02-22C"
"P2661","NIPST","2x2-1/2 Gal Std Steel Nipple","200","550","554","C02-22C"
"P2662","NIPST","2x3 Gal Std Steel Nipple","200","550","431","C02-22C"
"P2663","NIPST","2x3-1/2 Gal Std Steel Nipple","160","440","-47","C02-23C"
"P2664","NIPST","2x4 Gal Std Steel Nipple","160","440","1127","C02-23C"
"P2665","NIPST","2x4-1/2 Gal Std Steel Nipple","160","440","279","C02-23C"
"P2666","NIPST","2x5 Gal Std Steel Nipple","440","1320","901","C02-24C"
"P2667","NIPST","2x5-1/2 Gal Std Steel Nipple","120","330","267","C02-23C"
"P2668","NIPST","2x6 Gal Std Steel Nipple","1260","2520","1310","C02-25A"
"P2670","NIPST","2x7 Gal Std Steel Nipple","80","220","295","C02-24C"
"P2671","NIPST","2x8 Gal Std Steel Nipple","80","220","260","C02-24C"
"P2672","NIPST","2x9 Gal Std Steel Nipple","80","220","-3","C02-12D"
"P2674","NIPST","2x10 Gal Std Steel Nipple","120","330","297","C02-24C"
"P2675","NIPST","2x11 Gal Std Steel Nipple","60","165","39","C02-12D"
"P2676","NIPST","2x12 Gal Std Steel Nipple","120","330","189","C02-25C"
"P2684","NIPST","2-1/2xCl Gal Std Steel Nipple","160","440","0","C02-12D"
"P2685","NIPST","2-1/2x3 Gal Std Steel Nipple","160","440","11","C02-12D"
"P2686","NIPST","2-1/2x3-1/2 Gal Std Steel Nipp le","120","330","0","C02-12D"
"P2687","NIPST","2-1/2x4 Gal Std Steel Nipple","120","330","30","C02-13D"
"P2688","NIPST","2-1/2x4-1/2 Gal Std Steel Nipp le","120","330","0","C02-26E"
"P2689","NIPST","2-1/2x5 Gal Std Steel Nipple","80","220","0","C02-13D"
"P2690","NIPST","2-1/2x5-1/2 Gal Std Steel Nipp le","80","220","0","C02-26E"
"P2691","NIPST","2-1/2x6 Gal Std Steel Nipple","80","220","16","C02-13D"
"P2692","NIPST","2-1/2x7 Gal Std Steel Nipple","80","220","0","C02-26E"
"P2693","NIPST","2-1/2x8 Gal Std Steel Nipple","40","110","15","C02-13D"
"P2695","NIPST","2-1/2x10 Gal Std Steel Nipple","40","110","2","C02-23D"
"P2697","NIPST","2-1/2x12 Gal Std Steel Nipple","40","110","0","C02-13D"
"P2698","NIPST","3xCl Gal Std Steel Nipple","120","330","161","C02-25C"
"P2699","NIPST","3x3 Gal Std Steel Nipple","80","220","96","C02-25C"
"P2701","NIPST","3x4 Gal Std Steel Nipple","60","165","67","C02-25C"
"P2702","NIPST","3x4-1/2 Gal Std Steel Nipple","60","165","39","C02-13D"
"P2703","NIPST","3x5 Gal Std Steel Nipple","60","165","67","C02-25C"
"P2704","NIPST","3x5-1/2 Gal Std Steel Nipple","60","165","13","C02-14D"
"P2705","NIPST","3x6 Gal Std Steel Nipple","40","110","120","C02-25C"
"P2706","NIPST","3x7 Gal Std Steel Nipple","28","77","0","C02-14D"
"P2707","NIPST","3x8 Gal Std Steel Nipple","28","77","7","C02-14D"
"P2708","NIPST","3x9 Gal Std Steel Nipple","28","77","0","C02-14D"
"P2709","NIPST","3x10 Gal Std Steel Nipple","20","55","10","C02-14D"
"P2710","NIPST","3x11 Gal Std Steel Nipple","20","55","10","C02-23D"
"P2711","NIPST","3x12 Gal Std Steel Nipple","40","110","46","C02-14D"
"P2712","NIPST","4xCl Gal Std Steel Nipple","80","220","26","C02-14D"
"P2713","NIPST","4x4 Gal Std Steel Nipple","40","110","25","C02-15D"
"P2714","NIPST","4x4-1/2 Gal Std Steel Nipple","32","88","47","C02-15D"
"P2715","NIPST","4x5 Gal Std Steel Nipple","32","88","20","C02-15D"
"P2716","NIPST","4x5-1/2 Gal Std Steel Nipple","32","88","8","C02-15D"
"P2717","NIPST","4x6 Gal Std Steel Nipple","32","88","68","C02-26C"
"P2718","NIPST","4x7 Gal Std Steel Nipple","16","44","12","C02-15D"
"P2719","NIPST","4x8 Gal Std Steel Nipple","16","44","9","C02-15D"
"P2720","NIPST","4x9 Gal Std Steel Nipple","16","44","0","C02-26E"
"P2721","NIPST","4x10 Gal Std Steel Nipple","16","44","4","C02-16D"
"P2722","NIPST","4x11 Gal Std Steel Nipple","16","44","4","C02-23D"
"P2723","NIPST","4x12 Gal Std Steel Nipple","16","44","-8","C02-16D"
"P2735","NIPST","1/4x10 Gal Std Steel Nipple","600","1650","0","C02-25E"
"P2769","NIPST","1/2x11 Gal Std Steel Nipple","300","825","75","C02-23D"
"P2770","NIPST","1/2x12 Gal Std Steel Nipple","300","825","418","C02-12C"
"P10078","NIPST","2 X 6-1/2 BLACK NIPPLE","80","220","20","C02-23D"
"P10086","NIPST","1-1/2 X 2 BLACK NIPPLE TOE","200","550","0","C02-30E"
"P2978","NIPST","1-1/4x7 Gal Std Steel Nipple","200","550","25","C02-11D"
"P2980","NIPST","1-1/4x10 Gal Std Steel Nipple","160","440","324","C02-18C"
"P2987","NIPST","1-1/2x9-1/2 Gal Std Steel Nipp","120","330","113","C02-23D"
"P2988","NIPST","1-1/2x8-1/2 Gal Std Steel Nipp le","120","330","20","C02-17D"
"P2989","NIPST","1-1/2x7-1/2 Gal Std Steel Nipp","160","440","0","C02-16D"
"P3076","NIPST","1-1/4x10 Blk Std Steel Nipple","320","880","329","C02-24B"
"P3116","NIPST","1x7-1/2 Blk Std Steel Nipple","200","550","433","C02-28C"
"P3170","NIPST","1/2 66 Pack Blk Assortment","25","75","313","C02-26A"
"P3181","NIPST","1/8x1 Blk Std Steel Nipple","100","275","0","C02-30E"
"P3186","NIPST","3/4 66 Pack Blk Assortment","20","60","83","C02-19A"
"P3223","NIPST","1/4x7 Blk Std Steel Nipple","800","2200","350","C02-24D"
"P3235","NIPST","1/2 66 Gal Assortment","264","726","2","C02-24D"
"P3237","NIPST","1/4x9 Blk Std Steel Nipple","800","2200","125","C02-24D"
"P3340","NIPST","1 60 Pack Blk Assortment","240","660","15","C02-32C"
"P3343","NIPST","3/4 66-Pack Gal Assortment","264","726","0","C02-26E"
"P3344","NIPST","1 60 Pack Gal Assortment","240","660","0","C02-26E"
"P3363","NIPST","3/4xCL to 6 one each Blk Assortment","480","960","554","C02-22A"
"P3364","NIPST","1/2xCl to 6 one Ea Blk Assort","60","120","1015","C02-21A"
"P3368","NIPST","3/4xCl to 6 one each Gal Assor tment","44","121","44","C02-26C"
"P3369","NIPST","1-1/2xCl to 6 one each Gal Ass ortment","40","110","64","C02-26C"
"P3370","NIPST","1xCl to 6 one each Gal Assortm ent","200","550","119","C02-26C"
"P3372","NIPST","1/2xCl to 6 one each Gal Assor tment","44","121","79","C02-26C"
"P3381","NIPST","3/4x1-3/4 Blk Std Steel Nipple","300","825","200","C02-23D"
"P3399","NIPST","1-1/2x11-1/2 Blk Std Steel Nip ple","80","220","22","C02-25D"
"P3492","NIPST","3xCl to 6 Blk Assortment","60","165","2","C02-21D"
"P3497","NIPST","6x12 Gal Std Steel Nipple","12","33","0","C02-32E"
"P3502","NIPST","5x10 Blk Std Steel Nipple","12","33","16","C02-22D"
"P10690","NIPST","2x9-1/2 Blk Std Steel Nipple","60","165","76","C02-23D"
"P3532","NIPST","2x54 Gal Assortment","80","220","0","C02-31E"
"P3635","NIPST","1-1/4x3-1/2 Gal Std Steel Nipple","400","1100","1002","C02-17C"
"P3642","NIPST","3/4x7-1/2 Blk Std Steel Nipple","300","825","174","C02-23D"
"P3695","NIPST","6x6 Gal Std Steel Nipple","20","55","0","C02-28E"
"P3708","NIPST","1-1/4x3/4 Gal Std Steel Nipple","200","550","0","C02-30E"
"P10887","NIPST","1-1/4x4 Sch40 THxGR Nipple","400","1100","50","C02-17D"
"P10890","NIPST","1-1/2X4 Sch40 THxGR Nipple","200","550","135","C02-16D"
"P10891","NIPST","2-1/2x4 Sch40 THxGR Nipple","120","330","207","C02-19D"
"P10892","NIPST","2-1/2x6 Sch40 THxGR Nipple","80","220","206","C02-19D"
"P10893","NIPST","4x6 Sch40 THxGR Nipple","32","88","71","C02-21D"
"P10894","NIPST","6x6 Sch40 THxGR Nipple","8","22","10","C02-23D"
"P3806","NIPST","1x11-1/2 Blk Std Steel Nipple","200","550","479","C02-18D"
"P3807","NIPST","1x10-1/2 Blk Std Steel Nipple","200","550","545","C02-18D"
"P3810","NIPST","2-1/2x10-1/2 Blk Std Steel Nip ple","80","220","0","C02-31E"
"P3819","NIPST","3x3-1/2 Gal Std Steel Nipple","60","165","14","C02-13D"
"P3833","NIPST","1/2x7-1/2 Blk Std Steel Nipple","400","1100","100","C02-25D"
"P3834","NIPST","1/2x8-1/2 Blk Std Steel Nipple","400","1100","181","C02-23D"
"P3836","NIPST","1/2x10-1/2 Blk Std Steel Nippl e","400","1100","150","C02-23D"
"P11004","NIPST","1x4 Sch40 THxGR Nipple","400","1100","400","C02-23D"
"P11007","NIPST","2x3 Sch40 THxGR Nipple","200","550","25","C02-25D"
"P3840","NIPST","1/2x10-1/2 Gal Std Steel Nippl e","1","1","75","C02-30D"
"P11008","NIPST","2x4 Sch40 THxGR Nipple","160","440","496","C02-19D"
"P11009","NIPST","2x6 Sch40 THxGR Nipple","120","330","101","C02-19D"
"P11016","NIPST","3x4 Sch40 THxGR Nipple","60","165","0","C02-21D"
"P11017","NIPST","3x6 Sch40 THxGR Nipple","40","110","4","C02-21D"
"P11026","NIPST","5x6 Sch40 THxGR Nipple","20","55","6","C02-22D"
"P11028","NIPST","6x12 Sch40 THxGR Nipple","8","22","10","C02-24D"
"P11034","NIPST","1x6 Sch40 THxGR Nipple","300","825","75","C02-23D"
"P3961","NIPST","3/4x6-1/2 Blk Std Steel Nipple","300","825","75","C02-25D"
"P11340","NIPST","5x5-1/2 Blk Std Steel Nipple","20","55","12","C02-25D"
"P4184","NIPST","6xCl Gal Std Steel Nipple","20","55","0","C02-29E"
"P11407","NIPST","1-1/4x4-1/4 Blk Nipple TOE","200","550","0","C02-29E"
"P4370","NIPST","6x4 Blk Std Steel Nipple","4","11","0","C02-23D"
"P4377","NIPST","6x8 Blk Std Steel Nipple","4","11","0","C02-25D"
"P4384","NIPST","1-1/4x11-1/2 Blk Std Steel Nip ple","200","550","0","C02-29E"
"P11557","NIPST","2 X 9-5/8 BLK NIPPLE TBE","80","220","0","C02-31E"
"P4397","NIPST","1xCL to 6 one each Blk Assortment","36","120","49","C02-21A"
"P4398","NIPST","1-1/4xCL to 6 one each Blk Assortment","60","156","269","C02-23A"
"P4399","NIPST","1-1/2xCL to 6 one each Blk Assortment","30","90","116","C02-23A"
"P4415","NIPST","1x6-1/2 Blk Std Steel Nipple","400","1100","753","C02-27C"
"P4470","NIPST","2xCL to 6 one each Blk Assortment","100","300","257","C02-24A"
"P4496","NIPST","1-1/4x6-1/2 Blk Std Steel Nipp le","200","550","0","C02-31E"
"P4522","NIPST","6x8 Gal Std Steel Nipple","16","44","0","C02-32E"
"P4553","NIPST","2x6-1/2 Gal Std Steel Nipple","80","220","250","C02-19D"
"P4554","NIPST","2x7-1/2 Gal Std Steel Nipple","80","220","340","C02-19D"
"P4555","NIPST","2x8-1/2 Gal Std Steel Nipple","80","220","0","C02-27E"
"P4563","NIPST","5x6 Blk Std Steel Nipple","20","55","37","C02-22D"
"P4585","NIPST","3x6-1/2 Blk Std Steel Nipple","60","165","0","C02-32E"
"P4625","NIPST","5xCl Blk Std Steel Nipple","20","55","17","C02-22D"
"P4629","NIPST","6x5 Blk Std Steel Nipple","4","11","10","C02-25D"
"P4630","NIPST","6x6 Blk Std Steel Nipple","4","11","21","C02-23D"
"P12009","NIPST","1-1/2x10-1/2 Gal Std Steel Nipple","200","550","0","C02-30E"
"P12013","NIPST","1-1/2x3-3/4 Blk Std Steel Nipple","200","550","0","C02-30E"
"P12111","NIPST","1-1/2x6 Sch40 THxGR Nipple","200","550","35","C02-16D"
"P12152","NIPST","5x4-1/2 Blk Std Steel Nipple","20","55","10","C02-23D"
"P12700","PEXAC","1/2x3/4 Press Copper x PEX F1807 ADPT","20","40","0","C06-33E"
"P12705","PEXAC","1/2 Brass F1960 EXPN PEX x Cop 8"" Stubout Elbow w/ Flange","840","1360","570","C06-33C"
"P12747","PEXAC","1/2 Brass F1960 EXPN PEX x Cop 8"" Stubout Elbow w/o Flange","120","280","-30","C06-33D"
"P12774","PEXAC","1/2 Brass F1807 PEX x Cop 8"" Stubout Elbow w/o Flange","180","420","2420","C06-33D"
"P12996","PEXAC","3/4 Brass F1960 EXPN PEX x Cop 8"" Stubout Elbow w/ Flange","30","70","0","C06-33D"
"P12997","PEXAC","3/4 Brass F1960 EXPN PEX x Cop 8"" Stubout Elbow w/o Flange","30","70","0","C06-33D"
"P13084","PEXAC","1/2 SS PEX Crimp SLEEVE","4000","8000","17200","C06-33E"
"P13085","PEXAC","3/4 SS PEX Crimp SLEEVE","2000","4000","13800","C06-33E"
"P13086","PEXAC","1 SS PEX Crimp SLEEVE","40","120","5300","C06-33C"
"P13094","PEXAC","1/2 PEX (Full) Talon","7500","17500","0","C06-33D"
"P13095","PEXAC","3/4 PEX (Full) Talon","7200","16800","1100","C06-33D"
"P13096","PEXAC","1 PEX (Full) Talon","4500","10500","2300","C06-33D"
"P13179","PEXAC","1/2 Mickey Mouse Strap","9600","28800","7850","C06-33C"
"P13180","PEXAC","3/4 Mickey Mouse Strap","7200","21600","9000","C06-33C"
"P13181","PEXAC","1 Mickey Mouse Strap","40","120","525","C06-33C"
"P13590","PEXAC","1/2 Split Tube Clamp (Black)","6000","12000","0","C06-33E"
"P13591","PEXAC","3/4 Split Tube Clamp (Black)","4000","8000","0","C06-33E"
"P13592","PEXAC","1 Split Tube Clamp (Black)","2000","4000","0","C06-33E"
"P13650","PEXAC","1/2 Copper Tub Spout Stubout Male Elbow (6x7)","20","40","0","C06-33E"
"P13651","PEXAC","1/2x6 CTS x Spin Closed End Type L Copper Stubout Bullet","200","400","0","C06-33E"
"P13652","PEXAC","1x1/2 Copper Open Manifold (12 Outlet) - Sweat Outlets (3""OC)","30","70","0","C06-33D"
"P13654","PEXAC","1/2x8 CTS x Spin Closed End Type L Copper Stubout Bullet","200","400","0","C06-33E"
"P13655","PEXAC","1x1/2 Copper Closed Manifold (12 Outlet) - EXPN Pex Outlets","48","112","0","C06-33D"
"P7515","PEXAC","3/8 Annealed Blk Cop Crimp Ring","4000","8000","0","C06-33E"
"P7516","PEXAC","1/2 Annealed Blk Cop Crimp Ring","22000","40000","62599","C06-37A"
"P7517","PEXAC","3/4 Annealed Blk Cop Crimp Ring","16500","30000","47845","C06-35A"
"P7518","PEXAC","1 Annealed Blk Cop Crimp Ring","4000","12000","12000","C06-33C"
"P7899","PEXAC","1/2 S/S PEX CLAMP RING","30000","68000","76375","C06-33A"
"P7900","PEXAC","3/4 S/S PEX CLAMP RING","22,000","50,000","33619","C06-33A"
"P7901","PEXAC","1 S/S PEX CLAMP RING","4000","8000","4450","C06-35A"
"P8236","PEXAC","1/2 PEX Tube Strap","20","40","0","C06-33E"
"P8324","PEXAC","1/2 PEX (Half) Talon","4000","12000","0","C06-33B"
"P8481","PEXAC","1 PEX (Half) Talon","2000","6000","7450","C06-33B"
"P8522","PEXAC","3/4 PEX (Half) Talon","3000","7000","19400","C06-33D"
"P9817","PEXAC","1/2 Brass F1807 PEX x Cop 8"" Stubout Elbow w/ Flange","720","1380","1135","C06-37A"
"P18500","PEXAC","1/2"" MIP Handi-Plug","400","1200","1167","C06-33B"
"P18524","PEXAC","1-1/2 Poly P-Trap w/ Threaded ADPT - White","20","40","0","C06-33E"
"P18533","PEXAC","1/2 Plastic Support Bend w/ Nail Tab","1500","3500","950","C06-33D"
"P18534","PEXAC","3/4 Plastic Support Bend w/ Nail Tab","200","600","550","C06-33B"
"P18535","PEXAC","1 Plastic Support Bend w/ Nail Tab","60","180","165","C06-33B"
"P18536","PEXAC","1/2 Metal Support Bend","800","2400","2150","C06-33B"
"P18537","PEXAC","3/4 Metal Support Bend","320","960","880","C06-33B"
"P18538","PEXAC","1/2 Metal Support Bend w/ Nail Flange","80","160","440","C06-33E"
"P18539","PEXAC","3/4 Metal Support Bend w/ Nail Flange","320","960","275","C06-33B"
"P10042","PEXAC","3/4 PEX Tube Strap","30","70","0","C06-33D"
"P11371","PEXAC","5/8 Annealed Blk Cop Crimp Ring","20","40","0","C06-33E"
"P11540","PEXAC","3/4 Brass F1807 PEX x Cop 8"" Stubout Elbow w/ Flange","30","70","200","C06-33D"
"P11717","PEXAC","3/4 Brass F1807 PEX x Cop 8"" Stubout Elbow w/o Flange","30","70","0","C06-33D"
"P12388","PEXFT","3/4x1 Brass F1807 PEX x FIP ADPT","450","1050","277","C06-17D"
"P12460","PEXFT","3/4 Brass F1807 PEX Transition CPLG w/ 1 Ring","750","1750","1556","C06-19D"
"P12461","PEXFT","1 Brass F1807 PEX Transition CPLG w/ 1 Ring","300","600","300","C06-15E"
"P12696","PEXFT","3/4 Brass F1807 PEX x Fem Swivel ADPT","600","1200","0","C06-19E"
"P12891","PEXFT","1/2 PEX F1807 BRASS Drop Ear Tee PEXxPEXxFIP","500","1000","445","C06-15E"
"P12892","PEXFT","3/4 PEX F1807 Drop Ear Tee PEXxPEXxFIP","500","1000","90","C06-15E"
"P12895","PEXFT","1x1x3/4 PEX F1807 Drop Ear Tee PEXxPEXxFIP","300","600","0","C06-19E"
"P12904","PEXFT","1 PEX F1807 Drop Ear Tee PEXxPEXxFIP","500","1000","0","C06-19E"
"P13166","PEXFT","1/2 Brass F1807 PEX Transition CPLG w/ 1 Ring","1500","3500","1075","C06-19D"
"P13272","PEXFT","3/4x1 Brass F1807 PEX x Fem Cop 90 Elbow","600","1200","0","C06-19E"
"P7189","PEXFT","3/4x1 Brass F1807 PEX x Fem Cop ADPT","600","1400","165","C06-19D"
"P7460","PEXFT","3/8x1/2 Brass F1807 PEX x MIP ADPT","2000","6000","470","C06-15B"
"P7461","PEXFT","1/2 Brass F1807 PEX x MIP ADPT","1600","4800","878","C06-15B"
"P7462","PEXFT","1/2x3/4 Brass F1807 PEX x MIP ADPT","1600","4800","1627","C06-17B"
"P7463","PEXFT","3/4 Brass F1807 PEX x MIP ADPT","1800","4200","4225","C06-15A"
"P7464","PEXFT","3/4x1/2 Brass F1807 PEX x MIP ADPT","1600","4800","362","C06-17B"
"P7465","PEXFT","1 Brass F1807 PEX x MIP ADPT","600","1800","1290","C06-15B"
"P7470","PEXFT","1/2 Brass F1807 PEX x FIP ADPT","3200","6000","3397","C06-15A"
"P7471","PEXFT","1/2x3/4 Brass F1807 PEX x FIP ADPT","1000","3000","1627","C06-17B"
"P7472","PEXFT","3/4 Brass F1807 PEX x FIP ADPT","2400","7200","7273","C06-17B"
"P7473","PEXFT","3/4x1/2 Brass F1807 PEX x FIP ADPT","1200","3600","97","C06-17B"
"P7474","PEXFT","1 Brass F1807 PEX x FIP ADPT","600","1800","1357","C06-17B"
"P7475","PEXFT","3/8 Brass F1807 PEX CPLG","6000","18000","870","C06-15B"
"P7476","PEXFT","1/2 Brass F1807 PEX CPLG","4000","12000","15281","C06-15B"
"P7477","PEXFT","3/4 Brass F1807 PEX CPLG","2000","6000","7591","C06-15B"
"P7478","PEXFT","3/4x1/2 Brass F1807 PEX Red. CPLG","2000","6000","248","C06-15B"
"P7479","PEXFT","1 Brass F1807 PEX CPLG","1000","3000","2160","C06-15B"
"P7480","PEXFT","1x3/4 Brass F1807 PEX Red. CPLG","1000","3000","438","C06-15B"
"P7481","PEXFT","3/8 Brass F1807 PEX 90 Elbow","4000","12000","306","C06-17B"
"P7482","PEXFT","1/2 Brass F1807 PEX 90 Elbow","9000","18000","53531","C06-17A"
"P7483","PEXFT","3/4 Brass F1807 PEX 90 Elbow","6300","14100","34370","C06-19A"
"P7484","PEXFT","3/4x1/2 Brass F1807 PEX 90 Elbow","1600","4800","2302","C06-19B"
"P7485","PEXFT","1 Brass F1807 PEX 90 Elbow","1200","3600","3309","C06-19B"
"P7486","PEXFT","1/2 Brass F1807 PEX Drop Ear Elbow PEXxFIP","4000","7600","21669","C06-21A"
"P7487","PEXFT","3/4 Brass F1807 PEX Drop Ear Elbow PxFIP","400","1200","690","C06-19B"
"P7488","PEXFT","3/4x1/2 Brass F1807 PEX Drop Ear Elbow PxFIP","600","1800","61","C06-19B"
"P7489","PEXFT","3/8x1/2 Brass F1807 PEX x Fem Cop ADPT","1200","2800","0","C06-15D"
"P7490","PEXFT","1/2 Brass F1807 PEX x Fem Cop ADPT","3000","9000","8000","C06-19C"
"P7491","PEXFT","3/4 Brass F1807 PEX x Fem Cop ADPT","900","2100","3790","C06-15D"
"P7492","PEXFT","1 Brass F1807 PEX x Fem Cop ADPT","375","875","680","C06-15D"
"P7493","PEXFT","3/8 Brass F1807 PEX Plug","4800","14400","0","C06-17C"
"P7494","PEXFT","1/2 Brass F1807 PEX Plug","6000","18000","6064","C06-17C"
"P7495","PEXFT","3/4 Brass F1807 PEX Plug","4000","12000","1929","C06-19C"
"P7496","PEXFT","1 Brass F1807 PEX Plug","1200","3600","283","C06-19C"
"P7497","PEXFT","3/8x1/2 Brass F1807 PEX x Male Cop ADPT","1600","4800","0","C06-19C"
"P7498","PEXFT","1/2 Brass F1807 PEX x Male Cop ADPT","4000","12000","12010","C06-19C"
"P7499","PEXFT","3/4 Brass F1807 PEX x Male Cop ADPT","1200","3600","2286","C06-19C"
"P7500","PEXFT","1 Brass F1807 PEX x Male Cop ADPT","800","2400","196","C06-19C"
"P7501","PEXFT","3/8 Brass F1807 PEX Tee","2000","6000","700","C06-15C"
"P7502","PEXFT","1/2 Brass F1807 PEX Tee","4000","12000","15576","C06-15C"
"P7503","PEXFT","1/2x1/2x3/4 Brass F1807 PEX Tee","1000","3000","1094","C06-15C"
"P7504","PEXFT","1/2x3/8x3/8 Brass F1807 PEX Tee","1600","4800","0","C06-15C"
"P7505","PEXFT","3/4 Brass F1807 PEX Tee","2000","6000","2918","C06-15C"
"P7506","PEXFT","3/4x3/4x1 Brass F1807 PEX Tee","800","2400","116","C06-17C"
"P7507","PEXFT","3/4x3/4x1/2 Brass F1807 PEX Tee","1750","3500","3871","C06-17A"
"P7508","PEXFT","3/4x1/2x3/4 Brass F1807 PEX Tee","1000","3000","2193","C06-17C"
"P7509","PEXFT","3/4x1/2x1/2 Brass F1807 PEX Tee","1200","3600","2853","C06-15C"
"P7510","PEXFT","1 Brass F1807 PEX Tee","400","1200","1238","C06-15C"
"P7511","PEXFT","1x1x3/4 Brass F1807 PEX Tee","400","1200","420","C06-17C"
"P7512","PEXFT","1x1x1/2 Brass F1807 PEX Tee","600","1800","689","C06-17C"
"P7513","PEXFT","1x3/4x3/4 Brass F1807 PEX Tee","800","2400","922","C06-17C"
"P7514","PEXFT","1x3/4x1/2 Brass F1807 PEX Tee","800","2400","0","C06-17C"
"P7519","PEXFT","1/2 Brass F1807 PEX x Fem Swivel ADPT","1200","2800","0","C06-19D"
"P7520","PEXFT","1/2 Brass F1807 PEX X Fem Swivel 90 Elbow","400","800","0","C06-19E"
"P7523","PEXFT","1x3/4 Brass F1807 PEX x Fem Cop ADPT","500","1000","0","C06-19E"
"P7644","PEXFT","1/2x3/8 Brass F1807 PEX Red. CPLG","4200","9800","525","C06-19D"
"P7733","PEXFT","1/2x3/4 Brass F1807 PEX x Fem Cop ADPT","750","1750","713","C06-15D"
"P7759","PEXFT","3/4x1/2 Brass F1807 PEX x Fem Cop 90 Elbow","1500","3500","372","C06-17D"
"P7760","PEXFT","3/4 Brass F1807 PEX x Fem Cop 90 Elbow","1000","2800","4607","C06-17D"
"P7957","PEXFT","1/2 Brass F1807 PEX x MIP 90 Elbow","1600","4800","731","C06-19B"
"P8038","PEXFT","1/2 Brass F1807 PEX x Fem Cop 90 Elbow","1200","2800","3405","C06-15D"
"P8058","PEXFT","3/4 Brass F1807 PEX x FTG Male Cop 90 Elbow","600","1400","2165","C06-15D"
"P8059","PEXFT","1/2 Brass F1807 PEX x Male FTG Cop 90 Elbow","1500","3500","3006","C06-15D"
"P8407","PEXFT","3/4 Brass F1807 PEX x MIP 90 Elbow","1000","3000","1177","C06-19B"
"P8778","PEXFT","1 Brass F1807 PEX x Fem Cop 90 Elbow","450","1050","31","C06-17D"
"P9031","PEXFT","1/2x3/4 Brass F1807 PEX x Fem Cop Elbow","900","2100","2705","C06-17D"
"P9242","PEXFT","3/4x1/2 Brass F1807 PEX x Fem Cop ADPT","1500","3500","1147","C06-15D"
"P9382","PEXFT","1/2x3/4 Brass F1807 PEX x MIP 90 Elbow","1200","3600","1107","C06-19B"
"P9403","PEXFT","3/4x1 Brass F1807 PEX x MIP 90 Elbow","800","2400","149","C06-19B"
"P9404","PEXFT","1/2x3/4 Brass F1807 PEX x Male Cop ADPT","2000","6000","650","C06-19C"
"P9655","PEXFT","1x1/2x1 Brass F1807 PEX Tee","200","400","171","C06-15E"
"P9881","PEXFT","1x1/2x1/2 Brass F1807 PEX Tee","500","1000","0","C06-19E"
"P9885","PEXFT","1x3/4x1 Brass F1807 PEX Tee","400","1200","192","C06-17C"
"P9917","PEXFT","1/2x3/4 Brass F1807 PEX x FTG Male Cop Elbow","900","2100","1050","C06-15D"
"P10032","PEXFT","1x3/4 Brass F1807 PEX x MIP ADPT","600","1800","1684","C06-17B"
"P10102","PEXFT","3/4x1/2 Brass F1807 PEX x Male Cop ADPT","1600","4800","1100","C06-19C"
"P10826","PEXFT","3/4x1 Brass F1807 PEX x MIP ADPT","450","1050","0","C06-17D"
"P11329","PEXFT","1/2 Brass F1807 PEX x FIP 90 Elbow","900","2100","95","C06-17D"
"P11338","PEXFT","3/4 Brass F1807 PEX x FIP 90 Elbow","900","2100","1070","C06-17D"
"P11362","PEXFT","5/8x3/4 Brass F1807 PEX x Male Cop ADPT","750","1750","1000","C06-19D"
"P11363","PEXFT","5/8 90 Brass F1807 PEX 90 Elbow","750","1750","2400","C06-19D"
"P11364","PEXFT","5/8x3/4 Brass F1807 PEX x Fem Cop ADPT","500","1000","650","C06-19E"
"P11368","PEXFT","5/8x3/4 Brass F1807 PEX x FTG Male Cop Elbow","750","1750","950","C06-19D"
"P11369","PEXFT","5/8 Brass F1807 PEX CPLG","750","1750","1375","C06-19D"
"P11370","PEXFT","5/8x1/2 Brass F1807 PEX x MIP ADPT","500","1000","125","C06-15E"
"P12392","PEXTU","(EXPN) OXY PEX A 1/2x1000FT","1","9","0","C14-28B"
"P12394","PEXTU","(EXPN) OXY PEX A 1/2x300FT","1","15","-1","C14-30B"
"P12395","PEXTU","(EXPN) OXY PEX A 1/2x500FT","1","9","0","C14-30B"
"P12396","PEXTU","(EXPN) OXY PEX A 1x100FT","1","15","0","C14-29B"
"P12398","PEXTU","(EXPN) OXY PEX A 1x300FT","1","3","0","C14-25C"
"P12399","PEXTU","(EXPN) OXY PEX A 3/4x100FT","1","16","8","C14-29B"
"P12400","PEXTU","(EXPN) OXY PEX A 3/4x1000FT","1","3","0","C14-23B"
"P12402","PEXTU","(EXPN) OXY PEX A 3/4x300FT","1","18","9","C14-34A"
"P12403","PEXTU","(EXPN) OXY PEX A 3/4x500FT","1","6","3","C14-26B"
"P12404","PEXTU","(EXPN) OXY PEX A 3/8x300FT","1","6","0","C14-23C"
"P12406","PEXTU","(EXPN) OXY PEX A 5/8x300FT","1","2","0","C14-23C"
"P12407","PEXTU","(EXPN) OXY PEX A 5/8x500FT","1","1","0","C14-23C"
"P12408","PEXTU","(EXPN) PEX A BLUE 1/2x100FT","1","66","27","C14-36C"
"P12410","PEXTU","(EXPN) PEX A BLUE 1/2x300FT","1","34","23","C14-36B"
"P12411","PEXTU","(EXPN) PEX A BLUE 1/2x500FT","1","11","8","C14-36B"
"P12412","PEXTU","(EXPN) PEX A BLUE 1x100FT","1","20","-2","C14-35C"
"P12415","PEXTU","(EXPN) PEX A BLUE 3/4x100FT","1","18","0","C14-35B"
"P12417","PEXTU","(EXPN) PEX A BLUE 3/4x300FT","1","20","5","C14-35B"
"P12418","PEXTU","(EXPN) PEX A RED 1/2x100FT","1","66","46","C14-34C "
"P12420","PEXTU","(EXPN) PEX A RED 1/2x300FT","1","36","35","C14-34B"
"P12421","PEXTU","(EXPN) PEX A RED 1/2x500FT","1","11","4","C14-34B"
"P12422","PEXTU","(EXPN) PEX A RED 1x100FT","1","24","0","D14-31C"
"P12424","PEXTU","(EXPN) PEX A RED 1x300FT","1","6","-2","C14-26B"
"P12425","PEXTU","(EXPN) PEX A RED 3/4x100FT","1","38","34","C14-31B"
"P12427","PEXTU","(EXPN) PEX A RED 3/4x300FT","1","9","6","C14-31B"
"P12428","PEXTU","(EXPN) OXY PEX A 1/2x100FT","1","20","5","C14-30B"
"P12450","PEXTU","(EXPN) PEX A BLUE 1x500FT","1","8","4","C14-20A"
"P12456","PEXTU","(EXPN) PEX A RED 1x500FT","1","8","2","C14-22A"
"P12676","PEXTU","(EXPN) OXY PEX A 1x500FT","1","4","0","C14-23B"
"P12713","PEXTU","(EXPN) OXY PEX A RED 1/2x300FT","1","15","0","C14-24B"
"P12715","PEXTU","(EXPN) OXY PEX A RED 3/4x100FT","1","18","0","C14-24B"
"P12717","PEXTU","(EXPN) OXY PEX A RED 3/4x300FT","1","9","0","C14-24B"
"P12718","PEXTU","(EXPN) OXY PEX A RED 1/2x100FT","1","20","0","C14-23C"
"P12802","PEXTU","OXY ORANGE PEX B 3/4x300FT","1","2","0","C14-24C"
"P12803","PEXTU","OXY ORANGE PEX B 3/4x500FT","1","1","0","C14-24C"
"P13129","PEXTU","(EXPN) PEX A WHITE 1x100FT","1","10","0","C14-21C"
"P13130","PEXTU","(EXPN) PEX A WHITE 1x300FT","1","6","0","C14-20C"
"P13147","PEXTU","(EXPN) PEX A WHITE 1-1/4x500FT","1","1","0","C14-21C"
"P13148","PEXTU","(EXPN) PEX A WHITE 1-1/2x300FT","1","3","0","C14-21C"
"P13149","PEXTU","(EXPN) PEX A WHITE 1-1/2x500FT","1","1","0","C14-21C"
"P13182","PEXTU","(EXPN) PEX A WHITE 2x300FT","1","3","0","C14-21C"
"P13183","PEXTU","(EXPN) PEX A WHITE 2x500FT","1","2","0","C14-22B"
"P13607","PEXTU","(EXPN) PEX A WHITE 1-1/2x100FT","1","1","0","C14-35C"
"P13608","PEXTU","(EXPN) PEX A WHITE 2x100FT","1","12","2","C14-23A"
"P13609","PEXTU","(EXPN) OXY PEX A 1-1/4x100FT","1","10","0","C14-22B"
"P13610","PEXTU","(EXPN) OXY PEX A 1-1/2x100FT","1","10","0","C14-22B"
"P13611","PEXTU","(EXPN) OXY PEX A 2x100FT","1","6","0","C14-22C"
"P13612","PEXTU","(EXPN) PEX A WHITE 1x500FT","1","4","0","C14-24B"
"P13613","PEXTU","(EXPN) PEX A WHITE 1-1/4x300FT","1","6","0","C14-20C"
"P13617","PEXTU","(EXPN) OXY PEX A 1-1/4x300FT","1","4","0","C14-22B"
"P13618","PEXTU","(EXPN) OXY PEX A 1-1/4x500FT","1","2","0","C14-22B"
"P13619","PEXTU","(EXPN) OXY PEX A 1-1/2x300FT","1","4","0","C14-22C"
"P13626","PEXTU","(EXPN) OXY PEX A 1-1/2x500FT","1","2","0","C14-22C"
"P13627","PEXTU","(EXPN) OXY PEX A 2x300FT","1","3","0","C14-22C"
"P13628","PEXTU","(EXPN) OXY PEX A 2x500FT","1","2","0","C14-22C"
"P13630","PEXTU","(EXPN) PEX A RED 1-1/4x100FT","1","6","0","C14-20C"
"P13631","PEXTU","(EXPN) PEX A RED 1-1/4x300FT","1","3","0","C14-20C"
"P13632","PEXTU","(EXPN) PEX A RED 1-1/4x500FT","1","2","0","C14-20C"
"P13634","PEXTU","(EXPN) PEX A RED 1-1/2x100FT","1","10","0","C14-20C"
"P13635","PEXTU","(EXPN) PEX A RED 1-1/2x300FT","1","3","0","C14-20C"
"P13636","PEXTU","(EXPN) PEX A RED 1-1/2x500FT","1","2","0","C14-21B"
"P13638","PEXTU","(EXPN) PEX A RED 2x100FT","1","8","0","C14-21B"
"P13639","PEXTU","(EXPN) PEX A RED 2x300FT","1","3","0","C14-21B"
"P13640","PEXTU","(EXPN) PEX A RED 2x500FT","1","2","0","C14-21B"
"P13641","PEXTU","(EXPN) PEX A BLUE 1-1/4x100FT","1","10","0","C14-20C"
"P13642","PEXTU","(EXPN) PEX A BLUE 1-1/4x300FT","1","6","0","C14-20C"
"P13643","PEXTU","(EXPN) PEX A BLUE 1-1/4x500FT","1","2","0","C14-20C"
"P13644","PEXTU","(EXPN) PEX A BLUE 1-1/2x100FT","1","10","0","C14-20C"
"P13645","PEXTU","(EXPN) PEX A BLUE 1-1/2x300FT","1","6","0","C14-20B"
"P13646","PEXTU","(EXPN) PEX A BLUE 1-1/2x500FT","1","3","0","C14-20B"
"P13647","PEXTU","(EXPN) PEX A BLUE 2x100FT","1","5","0","C14-20B"
"P13648","PEXTU","(EXPN) PEX A BLUE 2x300FT","1","3","0","C14-20B"
"P13649","PEXTU","(EXPN) PEX A BLUE 2x500FT","1","2","0","C14-20B"
"P7779","PEXTU","OXY PEX B 3/4x500FT","1","24","-1","C14-24A"
"P7781","PEXTU","OXY PEX B 3/8x300FT","1","4","0","C14-24C"
"P7782","PEXTU","PEX B BLUE 1/2x100FT","1","80","-4","C14-36A"
"P7783","PEXTU","PEX B RED 1/2x100FT","1","80","88","C14-36A"
"P7784","PEXTU","PEX B BLUE 3/4x100FT","1","64","54","C14-38A"
"P7785","PEXTU","PEX B RED 3/4x100FT","1","136","39","C14-34A"
"P7790","PEXTU","PEX B BLUE 1x100FT","1","24","-4","C14-39C"
"P7791","PEXTU","PEX B RED 1x100FT","1","11","2","C14-38B"
"P7832","PEXTU","OXY PEX B 1/2x300FT","1","64","18","C14-30A"
"P7833","PEXTU","OXY PEX B 3/4x300FT","1","36","20","C14-27A"
"P7834","PEXTU","OXY PEX B 3/4x100FT","1","96","73.1","C14-28A"
"P7836","PEXTU","OXY PEX B 1/2x100FT","1","92","66","C14-31A"
"P7837","PEXTU","PEX B RED 1/2x300FT","1","84","5","C14-35A"
"P7838","PEXTU","PEX B BLUE 1/2x300FT","1","84","20","C14-39A"
"P7839","PEXTU","PEX B BLUE 3/4x300FT","1","32","9","C14-37A"
"P7840","PEXTU","PEX B RED 3/4x300FT","1","32","20","C14-25A"
"P7865","PEXTU","OXY PEX B 1/2x1000FT","1","3","2","C14-23A"
"P7896","PEXTU","PEX B WHITE 1-1/4x100FT","1","6","0","C14-24C"
"P7935","PEXTU","OXY PEX B 1/2x500FT","1","18","2","C14-29A"
"P7936","PEXTU","OXY PEX B 1x100FT","1","11","11","C14-37B"
"P8304","PEXTU","PEX B WHITE 1x100FT","1","11","10","C14-37B"
"P8444","PEXTU","OXY PEX B 5/8x300FT","1","9","3","C14-27B"
"P8602","PEXTU","PEX B WHITE 1/2x100FT","1","24","27","C14-38C"
"P8603","PEXTU","PEX B WHITE 3/4x300FT","1","8","9","C14-27B"
"P8604","PEXTU","PEX B WHITE 1/2x300FT","1","16","2","C14-27B"
"P8605","PEXTU","PEX B WHITE 3/4x100FT","1","26","-10","C14-38B"
"P8614","PEXTU","(EXPN) PEX A WHITE 1/2x100FT","1","20","5","C14-26B"
"P8615","PEXTU","(EXPN) PEX A WHITE 1/2x300FT","1","16","14","C14-25B"
"P8619","PEXTU","(EXPN) PEX A WHITE 1/2x500FT","1","10","-10","C14-25B"
"P8625","PEXTU","(EXPN) PEX A WHITE 3/4x100FT","1","16","0","C14-21B"
"P8626","PEXTU","(EXPN) PEX A WHITE 3/4x300FT","1","9","-4","C14-25B"
"P8677","PEXTU","PEX B RED 1/2x500FT","1","18","27","C14-31A"
"P8678","PEXTU","PEX B BLUE 1/2x500FT","1","52","15","C14-26A"
"P9839","PEXTU","OXY PEX B 1x300FT","1","6","0","C14-37B"
"P10001","PEXTU","PEX B BLUE 1x300FT","1","18","7","C14-39B"
"P10002","PEXTU","PEX B RED 1x300FT","1","6","6","C14-37C"
"P10025","PEXTU","PEX B WHITE 1x300FT","1","6","0","C14-23B"
"P10035","PEXTU","OXY PEX B 1x500FT","1","4","0","C14-23A"
"P10832","PEXTU","OXY PEX B 3/8x100FT","1","10","0","C14-23B"
"P11481","PEXTU","OXY PEX B 3/4x1000FT","1","4","3","C14-20A"
"P13413","PPSU","3/4 PPSU F1807 PEX x FPT Swivel ADPT","800","2400","675","C06-25C"
"P13444","PPSU","3/4x1/2 PPSU F1807 PEX Closed Manifold (2 Outlet)","600","1400","0","C06-23D"
"P13445","PPSU","3/4x1/2 PPSU F1807 PEX Open Manifold (2 Outlet)","600","1400","0","C06-23D"
"P13446","PPSU","3/4x1/2 PPSU F1807 PEX Closed Manifold (3 Outlet)","600","1400","0","C06-23D"
"P13447","PPSU","3/4x1/2 PPSU F1807 PEX Open Manifold (3 Outlet)","600","1400","0","C06-23D"
"P13448","PPSU","3/4x1/2 PPSU F1807 PEX Closed Manifold (4 Outlet)","600","1400","0","C06-23D"
"P13449","PPSU","3/4x1/2 PPSU F1807 PEX Open Manifold (4 Outlet)","600","1400","0","C06-23D"
"P13450","PPSU","3/4x1/2 PPSU F1807 PEX Closed Manifold (6 Outlet)","600","1400","0","C06-23D"
"P13451","PPSU","3/4x1/2 PPSU F1807 PEX Open Manifold (6 Outlet)","600","1400","0","C06-23D"
"P13452","PPSU","1x1/2 PPSU F1807 PEX Closed Manifold (6 Outlet)","200","400","0","C06-25E"
"P13453","PPSU","1x1/2 PPSU F1807 PEX Open Manifold (6 Outlet)","200","400","0","C06-25E"
"P13454","PPSU","1x3/4x1/2 PPSU F1807 PEX Open Manifold (6 Outlet)","200","400","0","C06-25E"
"P13568","PPSU","1/2 PPSU F1807 x FPT Swivel 90 Elbow","2400","7200","1700","C06-25C"
"P8564","PPSU","1/2 PPSU F1807 x FPT Swivel ADPT","1600","4800","800","C06-25C"
"P10396","PPSU","1/2 PPSU F1807 PEX x MPT ADPT","1600","4800","645","C06-23C"
"P10398","PPSU","1/2x3/4 PPSU F1807 PEX x MPT ADPT","2400","7200","825","C06-23C"
"P10399","PPSU","3/4x1/2 PPSU F1807 PEX x MPT ADPT","2400","7200","240","C06-23B"
"P10400","PPSU","3/4 PPSU F1807 PEX x MPT ADPT","1000","3000","1403","C06-23C"
"P10401","PPSU","1 PPSU F1807 PEX x MPT ADPT","600","1800","1958","C06-23C"
"P10402","PPSU","1/2 PPSU F1807 PEX x FPT ADPT","1200","3600","1375","C06-23B"
"P10403","PPSU","3/4 PPSU F1807 PEX x FPT ADPT","800","2400","135","C06-23B"
"P10404","PPSU","1/2 PPSU F1807 PEX Tee","3200","9600","325","C06-23B"
"P10405","PPSU","3/4 PPSU F1807 PEX Tee","2400","7200","2347","C06-25B"
"P10406","PPSU","1 PPSU F1807 PEX Tee","400","1200","1190","C06-23B"
"P10407","PPSU","1/2x1/2x3/4 PPSU F1807 PEX Tee","1200","3600","4094","C06-25B"
"P10408","PPSU","3/4x1/2x1/2 PPSU F1807 PEX Tee","2400","7200","4125","C06-25B"
"P10409","PPSU","3/4x1/2x3/4 PPSU F1807 PEX Tee","1000","3000","2534","C06-25B"
"P10410","PPSU","3/4x3/4x1/2 PPSU F1807 PEX Tee","4000","9000","1590","C06-25A"
"P10411","PPSU","1x3/4x3/4 PPSU F1807 PEX Tee","400","1200","0","C06-25C"
"P10412","PPSU","1x1x1/2 PPSU F1807 PEX Tee","400","1200","1000","C06-25B"
"P10413","PPSU","1x1x3/4 PPSU F1807 PEX Tee","400","1200","0","C06-25B"
"P10414","PPSU","1/2 PPSU F1807 PEX CPLG","4000","12000","12055","C06-23C"
"P10415","PPSU","3/4 PPSU F1807 PEX CPLG","2400","7200","4339","C06-23C"
"P10416","PPSU","1 PPSU F1807 PEX CPLG","800","2400","1947","C06-23C"
"P10417","PPSU","3/4x1/2 PPSU F1807 PEX Red. CPLG","2400","7200","5480","C06-23C"
"P10418","PPSU","1/2 PPSU F1807 PEX 90 Elbow","10000","28000","9310","C06-23A"
"P10419","PPSU","3/4x1/2 PPSU F1807 PEX 90 Elbow","1600","4800","2025","C06-23B"
"P10420","PPSU","3/4 PPSU F1807 PEX 90 Elbow","9000","12000","38399","C06-23A"
"P10421","PPSU","1 PPSU F1807 PEX 90 Elbow","2400","5400","12103","C06-25A"
"P10422","PPSU","1/2 PPSU F1807 PEX Plug","8000","24000","18590","C06-23B"
"P10423","PPSU","3/4 PPSU F1807 PEX Plug","4000","12000","4008","C06-23B"
"P10424","PPSU","1 PPSU F1807 PEX Plug","2000","6000","476","C06-23B"
"P11221","PPSU","3/4x3/4x1 PPSU F1807 PEX Tee","1200","3600","1370","C06-25C"
"P11332","PPSU","1x3/4 PPSU F1807 PEX Red. CPLG","1200","3600","4040","C06-25C"
"P11454","PPSU","1x1/2 PPSU F1807 PEX CPLG","1200","3600","35","C06-25C"
"P11495","PPSU","1x3/4x1 PPSU F1807 PEX Tee","400","1200","-110","C06-25C"
"P12210","PROPR","1/2 Press Copper x PEX F1807 ADPT","1500","4500","9883","C08-19C"
"P12211","PROPR","3/4 Press Copper x PEX F1807 ADPT","960","2880","1710","C08-19C"
"P12212","PROPR","1 Press Copper x PEX F1807 ADPT","540","1620","2774","C08-19C"
"P12222","PROPR","2 Press Copper x Fem Union","20","60","22","C08-19E"
"P12223","PROPR","2x1/2 Press Copper FTG Reducer","40","120","35","C08-19E"
"P12230","PROPR","1-1/2x1/2 Press Copper Red. CPLG","30","90","0","C08-18E"
"P12327","PROPR","3/4 Press Copper x Male Union","100","300","0","C08-16E"
"P12328","PROPR","1 Press Copper x Male Union","50","150","0","C08-17E"
"P12355","PROPR","1/2 Press Copper x Fem Union","100","300","150","C08-19E"
"P12361","PROPR","2x3/4x2 Press Copper Tee","40","120","0","C08-19E"
"P12363","PROPR","1-1/4x1/2x1-1/4 Press Copper Tee","88","264","45","C08-19D"
"P12434","PROPR","3 Press Copper Companion Flange","20","60","10","C08-19D"
"P12436","PROPR","1-1/4x1-1/2 Press Copper x Male ADPT","60","180","1","C08-19E"
"P12437","PROPR","1x3/4 Press Copper x Male ADPT","320","960","572","C08-18E"
"P12438","PROPR","1-1/2x1-1/4 Press Copper x Male ADPT","54","162","0","C08-18E"
"P12464","PROPR","1 Press Copper Companion Flange","80","240","0","C08-17E"
"P12478","PROPR","1-1/4 Press Copper Companion Flange","80","240","0","C08-19E"
"P12479","PROPR","1-1/2 Press Copper Companion Flange","30","90","0","C08-18E"
"P12481","PROPR","2 Press Copper Companion Flange","40","120","4","C08-16E"
"P12483","PROPR","2-1/2 Press Copper Companion Flange","14","42","4","C08-16E"
"P12484","PROPR","4 Press Copper Companion Flange","1","3","-2","C08-16E"
"P12547","PROPR","1x3/4 Press Copper x Fem ADPT","140","420","113","C08-16E"
"P12680","PROPR","1-1/2x3/4x3/4 Press Copper Tee","30","90","0","C08-18E"
"P12697","PROPR","3/4 Press Copper x 1/2 PEX Elbow","200","600","0","C08-19E"
"P12699","PROPR","3/4 Press Copper x PEX Elbow","200","600","100","C08-19E"
"P12701","PROPR","1/2x3/4 Press Copper x PEX 90 Elbow","400","1200","300","C08-18E"
"P12702","PROPR","1/2 Press Copper x PEX Elbow","400","1200","0","C08-17E"
"P12741","PROPR","3x2x2 Press Copper Tee","10","30","0","C08-19E"
"P12763","PROPR","3/4x1/2 Press Copper x Fem ADPT","400","1200","77","C08-19D"
"P12770","PROPR","3/4 Press Copper x Male 90 Elbow","200","600","0","C08-19E"
"P12787","PROPR","2x3/4 Press Copper FTG Reducer","80","240","175","C08-19D"
"P12795","PROPR","1-1/2x1-1/4 Press Copper x Fem ADPT","50","150","0","C08-18E"
"P12806","PROPR","1/2x3/4 Press Copper x Fem FTG ADPT","240","720","0","C08-18E"
"P12815","PROPR","2x1-1/2x2 Press Copper Tee","10","30","0","C08-19E"
"P12831","PROPR","1-1/4x1/2 Press Copper Red. CPLG","160","480","121","C08-19D"
"P12833","PROPR","3/4 Press Copper x Fem Union","200","600","42","C08-19E"
"P12835","PROPR","1-1/4 Press Copper Tee PxPxF","80","240","0","C08-19E"
"P12910","PROPR","1 Press Copper x EXPN PEX F1960 ADPT","300","900","464","C08-19D"
"P12911","PROPR","3/4 Press Copper x EXPN PEX F1960 ADPT","200","600","1470","C08-19E"
"P12912","PROPR","1/2 Press Copper x EXPN PEX F1960 ADPT","800","2400","1528","C08-19D"
"P12929","PROPR","1/2 Press Copper x Male 90 Elbow","400","1200","0","C08-17E"
"P13075","PROPR","3x3x3/4 Press Copper Tee","10","30","0","C08-19E"
"P13089","PROPR","1-1/2 Press Copper x Male Union","30","90","7","C08-19E"
"P13091","PROPR","2-1/2x2-1/2x1/2 Press Copper Tee","14","42","3","C08-19E"
"P13265","PROPR","3/4 Press Copper Vent Elbow","200","600","0","C08-19E"
"P13585","PROPR","1-1/2x1-1/4x3/4 Press Copper Tee","30","90","0","C08-18E"
"P13586","PROPR","1-1/2x1x1-1/2 Press Copper Tee","30","90","0","C08-18E"
"P7190","PROPR","1/2x1/2x3/4 Press Copper Tee PxPxF","25","75","0","C08-18E"
"P7386","PROPR","3/4x1 Press Copper x Fem ADPT","200","600","0","C08-19E"
"P8684","PROPR","1 Press Copper CPLG w/o Stop","750","2250","0","C08-16A"
"P8687","PROPR","1 Press Copper 45 Elbow","500","1500","1009","C08-19A"
"P8688","PROPR","1 Press Copper 45 FTG Elbow","300","900","1168","C08-14B"
"P8689","PROPR","1 Press Copper x Fem ADPT","360","1080","670","C08-17C"
"P8690","PROPR","1 Press Copper x Male ADPT","360","1080","837","C08-15C"
"P8691","PROPR","1x1/2 Press Copper FTG Reducer","560","1680","380","C08-15D"
"P8692","PROPR","1x1/2 Press Copper Red. CPLG","1000","3000","689","C08-16A"
"P8693","PROPR","1x3/4 Press Copper Red. 90 Elbow","200","600","517","C08-16D"
"P8694","PROPR","1/2 Press Copper 45 Elbow","2000","6000","560","C08-18A"
"P8695","PROPR","1/2 Press Copper CPLG","2000","6000","8180","C08-15A"
"P8696","PROPR","1/2 Press Copper x Male ADPT","900","2700","4092","C08-15C"
"P8697","PROPR","1-1/2 Press Copper 45 Elbow","200","600","204","C08-19A"
"P8698","PROPR","1-1/2 Press Copper 45 FTG Elbow","80","240","117","C08-15D"
"P8699","PROPR","1-1/2 Press Copper 90 Elbow","90","270","249","C08-16B"
"P8700","PROPR","1-1/2 Press Copper 90 FTG Elbow","96","288","287","C08-15B"
"P8701","PROPR","1-1/2 Press Copper CPLG","240","720","610","C08-15A"
"P8702","PROPR","1-1/2 Press Copper CPLG w/o Stop","240","720","624","C08-16A"
"P8703","PROPR","1-1/2 Press Copper x Fem ADPT","162","486","37","C08-17C"
"P8704","PROPR","1-1/2 Press Copper x Male ADPT","132","396","216","C08-16C"
"P8705","PROPR","1-1/2x1 Press Copper FTG Reducer","280","840","242","C08-18A"
"P8708","PROPR","1-1/2x1/2 Press Copper FTG Reducer","160","480","492","C08-19D"
"P8709","PROPR","1-1/2x1-1/4 Press Copper FTG Reducer","280","840","99","C08-18A"
"P8710","PROPR","1-1/2x1-1/4 Press Copper Red. CPLG","300","900","227","C08-17A"
"P8711","PROPR","1-1/2x3/4 Press Copper FTG Reducer","160","480","949","C08-15E"
"P8712","PROPR","1-1/2x3/4 Press Copper Red. CPLG","140","420","488","C08-14D"
"P8713","PROPR","1-1/4 Press Copper 45 Elbow","250","750","860","C08-19A"
"P8714","PROPR","1-1/4 Press Copper 45 FTG Elbow","150","450","420","C08-14B"
"P8715","PROPR","1-1/4 Press Copper 90 FTG Elbow","120","360","666","C08-15B"
"P8716","PROPR","1-1/4 Press Copper CPLG","400","1200","713","C08-15A"
"P8717","PROPR","1-1/4 Press Copper CPLG w/o Stop","400","1200","1072","C08-16A"
"P8718","PROPR","1-1/4 Press Copper x Fem ADPT","216","648","348","C08-17C"
"P8719","PROPR","1-1/4 Press Copper x Male ADPT","240","720","562","C08-15C"
"P8720","PROPR","1-1/4x1 Press Copper FTG Reducer","650","1950","411","C08-18A"
"P8721","PROPR","1-1/4x1 Press Copper Red. CPLG","400","1200","1365","C08-17A"
"P8723","PROPR","1-1/4x1/2 Press Copper FTG Reducer","320","960","652","C08-15D"
"P8724","PROPR","1-1/4x3/4 Press Copper FTG Reducer","240","720","786","C08-15D"
"P8725","PROPR","1-1/4x3/4 Press Copper Red. CPLG","400","1200","53","C08-17A"
"P8726","PROPR","2 Press Copper CPLG","150","450","254","C08-15A"
"P8727","PROPR","2 Press Copper 45 Elbow","100","300","223","C08-19A"
"P8728","PROPR","2 Press Copper 45 FTG Elbow","60","180","175","C08-14B"
"P8729","PROPR","2 Press Copper 90 FTG Elbow","36","108","105","C08-16B"
"P8730","PROPR","2 Press Copper x Fem ADPT","108","324","211","C08-17C"
"P8731","PROPR","2 Press Copper Tee","36","108","221","C08-18B"
"P8732","PROPR","2x1 Press Copper Red. CPLG","80","240","165","C08-14D"
"P8733","PROPR","2x1-1/2 Press Copper Red. CPLG","180","540","397","C08-17A"
"P8734","PROPR","2x1-1/4 Press Copper Red. CPLG","80","240","175","C08-14D"
"P8735","PROPR","2x3/4 Press Copper Red. CPLG","80","240","235","C08-14D"
"P8736","PROPR","2-1/2 Press Copper 45 Elbow","20","60","36","C08-15D"
"P8737","PROPR","2-1/2 Press Copper 45 FTG Elbow","20","60","74","C08-15D"
"P8738","PROPR","2-1/2 Press Copper 90 Elbow","16","48","33","C08-16D"
"P8739","PROPR","2-1/2 Press Copper 90 FTG Elbow","16","48","36","C08-16D"
"P8740","PROPR","2-1/2 Press Copper CPLG","42","126","152","C08-19C"
"P8741","PROPR","2-1/2 Press Copper Tee","12","36","37","C08-17D"
"P8742","PROPR","2-1/2x3/4x2-1/2 Press Copper Tee","6","18","0","C08-16E"
"P8743","PROPR","2-1/2x2-1/2x3/4 Press Copper Tee PxPxF","6","18","0","C08-17E"
"P8744","PROPR","3 Press Copper 45 FTG Elbow","12","36","24","C08-16D"
"P8745","PROPR","3 Press Copper 90 Elbow","12","36","7","C08-14B"
"P8746","PROPR","3 Press Copper 90 FTG Elbow","8","24","12","C08-16D"
"P8747","PROPR","3 Press Copper CPLG","30","90","97","C08-19C"
"P8748","PROPR","3 Press Copper Tee","8","24","12","C08-17D"
"P8751","PROPR","3x2 Press Copper FTG Reducer","20","60","58","C08-15D"
"P8752","PROPR","3x3x3/4 Press Copper Tee PxPxF","4","12","0","C08-17E"
"P8753","PROPR","3/4 Press Copper 45 FTG Elbow","1000","3000","2744","C08-19A"
"P8754","PROPR","3/4 Press Copper 90 Elbow","3840","9600","5440","C08-14A"
"P8755","PROPR","3/4 Press Copper 90 FTG Elbow","480","1440","380","C08-15B"
"P8756","PROPR","3/4 Press Copper CPLG","1600","4800","3997","C08-15A"
"P8757","PROPR","2x1/2 Press Copper Red. CPLG","40","120","73","C08-17E"
"P8758","PROPR","3/4x1/2 Press Copper Red. CPLG","1500","4500","4750","C08-16A"
"P8759","PROPR","3/4x1/2 Press Copper Red. 90 Elbow","540","1620","1355","C08-15B"
"P8761","PROPR","4 Press Copper 45 Elbow","4","12","25","C08-15D"
"P8762","PROPR","4 Press Copper 45 FTG Elbow","4","12","25","C08-19D"
"P8763","PROPR","4 Press Copper 90 Elbow","2","6","5","C08-16D"
"P8764","PROPR","4 Press Copper 90 FTG Elbow","1","3","11","C08-17E"
"P8765","PROPR","4 Press Copper CPLG","12","36","97","C08-13E"
"P8766","PROPR","4 Press Copper Tee","1","3","4","C08-18E"
"P8767","PROPR","4x2-1/2 Press Copper Red. CPLG","5","15","16","C08-14E"
"P8768","PROPR","4x4x3/4 Press Copper Tee PxPxF","1","3","0","C08-17E"
"P8771","PROPR","1 Press Copper Cap","900","2700","176","C08-17B"
"P8772","PROPR","1-1/2 Press Copper Cap","180","540","276","C08-17B"
"P8773","PROPR","1-1/4 Press Copper Cap","300","900","749","C08-17B"
"P8774","PROPR","2 Press Copper Cap","54","162","207","C08-18E"
"P8775","PROPR","2-1/2 Press Copper Cap","30","90","10","C08-18E"
"P8776","PROPR","3 Press Copper Cap","36","108","25","C08-17D"
"P8777","PROPR","4 Press Copper Cap","9","27","27","C08-14E"
"P8780","PROPR","3/4 Press Copper CPLG w/o Stop","800","2400","3593","C08-16A"
"P8783","PROPR","1/2 Press Copper 45 FTG Elbow","2000","6000","3945","C08-19A"
"P8797","PROPR","1/2 Press Copper 90 Elbow","3600","14400","4161","C08-14A"
"P8798","PROPR","3/4 Press Copper x Male ADPT","600","1800","1636","C08-15C"
"P8799","PROPR","3/4 Press Copper 45 Elbow","1000","3000","2304","C08-18A"
"P8800","PROPR","3/4 Press Copper Tee","480","1440","1107","C08-18B"
"P8801","PROPR","1 Press Copper CPLG","750","2250","1671","C08-15A"
"P8802","PROPR","2x2x1 Press Copper Tee","54","162","131","C08-15C"
"P8803","PROPR","2-1/2x2-1/2x3/4 Press Copper Tee","12","36","8","C08-18D"
"P8807","PROPR","1-1/2x1-1/2x3/4 Press Copper Tee","90","270","238","C08-14C"
"P8808","PROPR","1-1/2x1-1/4x1 Press Copper Tee","30","90","0","C08-18E"
"P8810","PROPR","1-1/4x1-1/4x1/2 Press Copper Tee","144","432","534","C08-14C"
"P8811","PROPR","3/4x3/4x1/2 Press Copper Tee","360","1080","429","C08-19B"
"P8812","PROPR","1/2x1/2x3/4 Press Copper Tee","240","720","168","C08-17D"
"P8813","PROPR","2 Press Copper CPLG w/o Stop","150","450","132","C08-16A"
"P8814","PROPR","1/2 Press Copper CPLG w/o Stop","2000","6000","-2","C08-16A"
"P8818","PROPR","1-1/4 Press Copper Tee","120","360","38","C08-18B"
"P8819","PROPR","2x2x3/4 Press Copper Tee","54","162","59","C08-15C"
"P8820","PROPR","1-1/2x1 Press Copper Red. CPLG","350","1050","161","C08-17A"
"P8821","PROPR","1x3/4 Press Copper Red. CPLG","800","2400","1182","C08-17A"
"P8851","PROPR","1/2 Press Copper x Fem ADPT","900","2700","3063","C08-16C"
"P8852","PROPR","2 Press Copper 90 Elbow","84","252","144","C08-16B"
"P8853","PROPR","1-1/4 Press Copper 90 Elbow","240","720","1059","C08-16B"
"P8854","PROPR","1 Press Copper 90 FTG Elbow","240","720","611","C08-15B"
"P9018","PROPR","1/2 Press Copper 90 FTG Elbow","960","2880","1315","C08-15B"
"P9040","PROPR","3/4 Press Copper Cap","1200","3600","2821","C08-17B"
"P9192","PROPR","1-1/4x1-1/4x3/4 Press Copper Tee","132","396","163","C08-14C"
"P9210","PROPR","1/2 Press Copper Cap","1800","5400","6887","C08-17B"
"P9211","PROPR","3/4x1/2 Press Copper FTG Reducer","1500","4500","2448","C08-18A"
"P9212","PROPR","1x1x3/4 Press Copper Tee","180","540","355","C08-19B"
"P9240","PROPR","1x3/4 Press Copper FTG Reducer","1000","3000","774","C08-18A"
"P9241","PROPR","1/2 Press Copper Tee","480","1440","769","C08-17B"
"P9277","PROPR","3/4x3/4x1 Press Copper Tee","120","360","65","C08-19D"
"P9321","PROPR","1 Press Copper 90 Elbow","480","1440","1038","C08-14B"
"P9358","PROPR","1-1/2 Press Copper Tee","60","180","63","C08-18B"
"P10046","PROPR","1 Press Copper x Fem Union","80","240","24","C08-19E"
"P10609","PROPR","1-1/2 Press Copper x Fem Union","30","90","10","C08-18E"
"P10684","PROPR","3/4 Press Copper x Fem ADPT","600","1800","1037","C08-16C"
"P10827","PROPR","3x3x2 Press Copper Tee","8","24","18","C08-18D"
"P10829","PROPR","2x2x1-1/2 Press Copper Tee","42","126","89","C08-15C"
"P11082","PROPR","1-1/4 Press Copper x Fem Union","80","240","2","C08-19E"
"P11084","PROPR","1/2 Press Copper x Male Union","400","1200","115","C08-19E"
"P11085","PROPR","1-1/4 Press Copper x Male Union","80","240","13","C08-19E"
"P11426","PROPR","1-1/2 Press Copper Tee PxPxF","30","90","0","C08-18E"
"P11431","PROPR","1/2x3/4 Press Copper x Male ADPT","720","2160","1211","C08-16C"
"P11527","PROPR","3x3x2-1/2 Press Copper Tee","4","12","6","C08-19E"
"P11530","PROPR","3 Press Copper CPLG w/o Stop","30","90","57","C08-14C"
"P11566","PROPR","3 Press Copper 45 Elbow","12","36","22","C08-16D"
"P11567","PROPR","2-1/2 Press Copper x Fem ADPT","28","84","14","C08-18D"
"P11568","PROPR","3 Press Copper x Fem ADPT","20","60","25","C08-18D"
"P11569","PROPR","4 Press Copper Fem x ADPT","6","18","3","C08-18D"
"P11570","PROPR","2 Press Copper x Male ADPT","108","324","251","C08-16C"
"P11571","PROPR","2-1/2 Press Copper x Male ADPT","32","96","59","C08-17D"
"P11572","PROPR","3 Press Copper x Male ADPT","24","72","50","C08-18E"
"P11573","PROPR","4 Press Copper x Male ADPT","8","24","4","C08-19D"
"P11574","PROPR","2-1/2 Press Copper CPLG w/o Stop","42","126","29","C08-14C"
"P11575","PROPR","4 Press Copper CPLG w/o Stop","8","24","8","C08-14D"
"P11576","PROPR","1 Press Copper Tee","180","540","450","C08-18B"
"P11608","PROPR","2-1/2x2-1/2x2 Press Copper Tee","12","36","15","C08-16E"
"P11694","PROPR","2x1/2x2 Press Copper Tee","40","120","0","C08-19E"
"P11697","PROPR","1-1/2x1/2x2 Press Copper Tee","30","90","0","C08-18E"
"P11720","PROPR","2x1 Press Copper FTG Reducer","68","204","102","C08-15D"
"P11721","PROPR","2x1-1/4 Press Copper FTG Reducer","68","204","118","C08-15E"
"P11722","PROPR","2x1-1/2 Press Copper FTG Reducer","34","102","92","C08-17E"
"P11723","PROPR","2-1/2x1 Press Copper FTG Reducer","14","42","66","C08-14E"
"P11724","PROPR","2-1/2x1-1/4 Press Copper FTG Reducer","14","42","32","C08-17E"
"P11725","PROPR","2-1/2x1-1/2 Press Copper FTG Reducer","14","42","25","C08-17E"
"P11726","PROPR","2-1/2x2 Press Copper FTG Reducer","28","84","44","C08-16D"
"P11727","PROPR","3x1-1/4 Press Copper FTG Reducer","10","30","17","C08-17E"
"P11728","PROPR","3x1-1/2 Press Copper FTG Reducer","10","30","27","C08-17E"
"P11729","PROPR","3x2-1/2 Press Copper FTG Reducer","20","60","2","C08-15D"
"P11730","PROPR","4x2 Press Copper FTG Reducer","10","30","14","C08-15D"
"P11731","PROPR","4x2-1/2 Press Copper FTG Reducer","5","15","10","C08-14E"
"P11732","PROPR","4x3 Press Copper FTG Reducer","10","30","25","C08-15D"
"P11733","PROPR","1/2x3/4 Press Copper x Fem ADPT","720","2160","779","C08-17C"
"P11734","PROPR","1/2 Press Copper x Fem FTG ADPT","1200","3600","290","C08-17C"
"P11735","PROPR","3/4 Press Copper x Fem FTG ADPT","660","1980","380","C08-18C"
"P11736","PROPR","1 Press Copper x Fem FTG ADPT","240","720","0","C08-18D"
"P11737","PROPR","1-1/4 Press Copper x Fem FTG ADPT","70","210","33","C08-14E"
"P11738","PROPR","1-1/2 Press Copper x Fem FTG ADPT","60","180","20","C08-19E"
"P11739","PROPR","2 Press Copper x Fem FTG ADPT","36","108","0","C08-14E"
"P11740","PROPR","1/2x3/8 Press Copper x Male ADPT","720","2160","1300","C08-18D"
"P11741","PROPR","3/4x1/2 Press Copper x Male ADPT","400","1200","1118","C08-18D"
"P11742","PROPR","3/4x1 Press Copper x Male ADPT","480","1440","158","C08-16C"
"P11743","PROPR","1x1/2 Press Copper x Male ADPT","160","480","157","C08-17E"
"P11744","PROPR","1x1-1/4 Press Copper x Male ADPT","160","480","0","C08-19D"
"P11745","PROPR","1-1/4x1 Press Copper x Male ADPT","80","240","44","C08-19E"
"P11746","PROPR","1/2 Press Copper x Male FTG ADPT","800","2400","215","C08-19D"
"P11747","PROPR","3/4 Press Copper x Male FTG ADPT","500","1500","620","C08-18D"
"P11748","PROPR","1 Press Copper x Male FTG ADPT","300","900","100","C08-19D"
"P11749","PROPR","1-1/4 Press Copper x Male FTG ADPT","72","216","0","C08-14E"
"P11750","PROPR","1-1/2 Press Copper x Male FTG ADPT","56","168","21","C08-18E"
"P11751","PROPR","2 Press Copper x Male FTG ADPT","32","96","8","C08-18E"
"P11752","PROPR","2-1/2x1 Press Copper Red. CPLG","14","42","37","C08-14E"
"P11753","PROPR","2-1/2x1-1/4 Press Copper Red. CPLG","14","42","36","C08-18E"
"P11754","PROPR","2-1/2x1-1/2 Press Copper Red. CPLG","14","42","44","C08-18E"
"P11755","PROPR","2-1/2x2 Press Copper Red. CPLG","28","84","32","C08-14D"
"P11756","PROPR","3x1-1/2 Press Copper Red. CPLG","10","30","35","C08-14E"
"P11757","PROPR","3x2 Press Copper Red. CPLG","10","30","10","C08-17E"
"P11758","PROPR","3x2-1/2 Press Copper Red. CPLG","10","30","28","C08-17E"
"P11759","PROPR","4x2 Press Copper Red. CPLG","5","15","10","C08-17E"
"P11760","PROPR","4x3 Press Copper Red. CPLG","5","15","16","C08-16E"
"P11761","PROPR","1/2 Press Copper Union","300","900","470","C08-18C"
"P11762","PROPR","3/4 Press Copper Union","210","630","228","C08-18C"
"P11763","PROPR","1 Press Copper Union","150","450","351","C08-18C"
"P11764","PROPR","1-1/4 Press Copper Union","96","288","44","C08-18D"
"P11765","PROPR","1-1/2 Press Copper Union","60","180","2","C08-18D"
"P11766","PROPR","2 Press Copper Union","32","96","60","C08-18C"
"P11767","PROPR","3/4x1/2x1/2 Press Copper Tee","360","1080","633","C08-19B"
"P11768","PROPR","3/4x1/2x3/4 Press Copper Tee","270","810","645","C08-19B"
"P11769","PROPR","1x1/2x3/4 Press Copper Tee","140","420","234","C08-17D"
"P11770","PROPR","1x1/2x1 Press Copper Tee","140","420","151","C08-17D"
"P11771","PROPR","1x3/4x1/2 Press Copper Tee","80","240","174","C08-18E"
"P11772","PROPR","1x3/4x3/4 Press Copper Tee","210","630","-24","C08-19B"
"P11773","PROPR","1x3/4x1 Press Copper Tee","120","360","20","C08-17D"
"P11774","PROPR","1x1x1/2 Press Copper Tee","240","720","487","C08-19B"
"P11775","PROPR","1-1/4x3/4x3/4 Press Copper Tee","50","150","6","C08-16E"
"P11776","PROPR","1-1/4x3/4x1 Press Copper Tee","40","120","92","C08-18E"
"P11777","PROPR","1-1/4x3/4x1-1/4 Press Copper Tee","80","240","134","C08-17D"
"P11778","PROPR","1-1/4x1x1/2 Press Copper Tee","50","150","65","C08-18E"
"P11779","PROPR","1-1/4x1x3/4 Press Copper Tee","50","150","84","C08-18E"
"P11780","PROPR","1-1/4x1x1 Press Copper Tee","40","120","35","C08-15E"
"P11781","PROPR","1-1/4x1-1/4x1 Press Copper Tee","132","396","153","C08-14C"
"P11782","PROPR","1-1/2x1x1 Press Copper Tee","60","180","101","C08-17D"
"P11783","PROPR","1-1/2x1-1/2x1/2 Press Copper Tee","90","270","257","C08-14C"
"P11784","PROPR","1-1/2x1-1/2x1-1/4 Press Copper Tee","56","168","164","C08-17D"
"P11785","PROPR","2x1-1/4x1-1/4 Press Copper Tee","20","60","34","C08-19E"
"P11786","PROPR","2x2x1/2 Press Copper Tee","36","108","0","C08-18D"
"P11787","PROPR","2x2x1-1/4 Press Copper Tee","28","84","77","C08-18D"
"P11788","PROPR","2-1/2x2-1/2x1 Press Copper Tee","6","18","0","C08-15E"
"P11789","PROPR","2-1/2x2-1/2x1-1/4 Press Copper Tee","6","18","5","C08-19E"
"P11790","PROPR","2-1/2x2-1/2x1-1/2 Press Copper Tee","12","36","20","C08-18D"
"P11792","PROPR","3x3x1 Press Copper Tee","4","12","10","C08-16E"
"P11793","PROPR","3x3x1-1/4 Press Copper Tee","4","12","7","C08-15E"
"P11794","PROPR","3x3x1-1/2 Press Copper Tee","8","24","18","C08-18D"
"P11795","PROPR","4x4x1 Press Copper Tee","1","3","0","C08-14E"
"P11796","PROPR","4x4x1-1/4 Press Copper Tee","1","3","5","C08-14E"
"P11797","PROPR","4x4x1-1/2 Press Copper Tee","1","3","5","C08-17E"
"P11798","PROPR","4x4x2 Press Copper Tee","1","3","10","C08-19E"
"P11799","PROPR","4x4x2-1/2 Press Copper Tee","2","6","16","C08-19D"
"P11800","PROPR","4x4x3 Press Copper Tee","1","3","10","C08-14E"
"P11801","PROPR","1/2 Press Copper Tee PxPxF","240","720","600","C08-15E"
"P11802","PROPR","3/4 Press Copper Tee PxPxF","210","630","399","C08-18C"
"P11803","PROPR","3/4x3/4x1/2 Press Copper Tee PxPxF","270","810","5961","C08-18C"
"P11804","PROPR","1x1x1/2 Press Copper Tee PxPxF","70","210","50","C08-19E"
"P11805","PROPR","1x1x3/4 Press Copper Tee PxPxF","100","300","204","C08-19D"
"P11806","PROPR","1-1/4x1-1/4x1/2 Press Copper Tee PxPxF","50","150","5","C08-16E"
"P11807","PROPR","1-1/4x1-1/4x3/4 Press Copper Tee PxPxF","60","180","10","C08-19D"
"P11808","PROPR","1/2 Press Copper Drop Ear Elbow PxFPT","480","1440","1324","C08-17B"
"P11809","PROPR","3/4 Press Copper Drop Ear Elbow PxFPT","170","510","261","C08-16D"
"P11810","PROPR","1/2 Press Copper x Fem 90 Elbow PxFPT","300","900","59","C08-16D"
"P11811","PROPR","3/4 Press Copper x Fem 90 Elbow PxFPT","200","600","185","C08-16D"
"P11812","PROPR","1 Press Copper x Fem 90 Elbow PxFPT","120","360","324","C08-16D"
"P11813","PROPR","3/4x1/2 Press Copper x PEX F1807 ADPT","200","600","211","C08-16E"
"P11816","PROPR","1-1/2x1-1/2x1 Press Copper Tee","84","252","209","C08-14C"
"P11817","PROPR","2 Press Copper x Male Union","16","48","0","C08-19E"
"P13300","PUSH","1/2 Push CPLG","500","2000","1779","C06-38A"
"P13301","PUSH","3/4 Push CPLG","300","600","587","C06-38A"
"P13302","PUSH","1 Push CPLG","40","80","354","C06-38A"
"P13303","PUSH","1x3/4 Push Red. CPLG","100","300","307","C06-38A"
"P13304","PUSH","3/4x1/2 Push Red. CPLG","30","90","518","C06-38A"
"P13305","PUSH","3/4 Push Repair CPLG","120","480","24","C06-38A"
"P13306","PUSH","1/2 Push Repair CPLG","60","240","15","C06-38A"
"P13307","PUSH","1/2 Push x Fem ADPT","400","1600","272","C06-38A"
"P13308","PUSH","3/4 Push x Fem ADPT","500","1500","278","C06-37B"
"P13309","PUSH","1 Push x Fem ADPT","600","1800","172","C06-37B"
"P13310","PUSH","1x3/4 Push x Fem ADPT","100","300","20","C06-37B"
"P13311","PUSH","1/2x3/4 Push x Fem ADPT","1000","3000","37","C06-37B"
"P13312","PUSH","1/2 Push x Male ADPT","1600","4800","384","C06-38B"
"P13313","PUSH","3/4 Push x Male ADPT","500","1500","8","C06-38B"
"P13314","PUSH","1 Push x Male ADPT","600","1800","66","C06-37B"
"P13315","PUSH","1x3/4 Push x Male ADPT","100","300","57","C06-37B"
"P13316","PUSH","1/2x3/4 Push x Male ADPT","1200","3600","151","C06-37B"
"P13317","PUSH","1/2 Push 90 Elbow","800","2400","1531","C06-39C"
"P13318","PUSH","3/4 Push 90 Elbow","200","600","993","C06-38C"
"P13319","PUSH","1 Push 90 Elbow","160","480","55","C06-38C"
"P13320","PUSH","1/2 Push x Fem Elbow","160","480","106","C06-38C"
"P13321","PUSH","3/4 Push x Fem Elbow","100","300","104","C06-38C"
"P13324","PUSH","1/2 Push x Male Elbow","160","480","153","C06-38C"
"P13325","PUSH","3/4 Push x Male Elbow","400","1200","181","C06-38C"
"P13326","PUSH","3/4x1/2 Push 90 Elbow","600","1800","97","C06-38C"
"P13327","PUSH","1/2 Push Drop Ear Elbow (PXFIP)","450","1050","93","C06-38D"
"P13328","PUSH","1/2 Push Tee","300","700","339","C06-38D"
"P13329","PUSH","3/4 Push Tee","150","350","417","C06-38D"
"P13330","PUSH","1 Push Tee","90","210","107","C06-38D"
"P13331","PUSH","3/4x1/2x1/2 Push Tee","45","105","95","C06-38D"
"P13332","PUSH","3/4x1/2x3/4 Push Tee","45","105","175","C06-38D"
"P13333","PUSH","3/4x3/4x1/2 Push Tee","180","420","85","C06-38D"
"P13334","PUSH","1x1x3/4 Push Tee","90","210","50","C06-38D"
"P13335","PUSH","3/4 Push Slip Tee","20","40","12","C06-38E"
"P13336","PUSH","1/2 Push Slip Tee","45","105","92","C06-38D"
"P13337","PUSH","1/2 Push End Stop","1000","2000","2232","C06-38E"
"P13338","PUSH","3/4 Push End Stop","600","1200","895","C06-38E"
"P13339","PUSH","1 Push End Stop","300","600","32","C06-38E"
"P13343","PUSH","1 Push Slip Clip Release Tool","70","140","23","C06-38E"
"P13344","PUSH","3/4 Push Slip Clip Release Tool","50","100","51","C06-38E"
"P13345","PUSH","1/2 Push Slip Clip Release Tool","40","80","188","C06-38E"
"P12220","PVC DWV","2 PVC DWV Trap ADPT - Fem (HxSlip)","200","600","0","C14-19C"
"P12334","PVC DWV","4x3 PVC DWV Closet Flange w/Adj. Metal Ring (Epoxy) (S)","72","108","108","C14-05C"
"P12335","PVC DWV","4x3 PVC DWV Closet Flange w/Adj. Metal Ring (Epoxy) (H)","80","160","140","C16-05C"
"P12376","PVC DWV","3x3x2 PVC DWV STR Wye","24","40","48","C14-03C"
"P12378","PVC DWV","3x3x1-1/2 PVC DWV STR Wye","15","15","9","C14-19C"
"P12379","PVC DWV","4x4x2 PVC DWV STR Wye","5","5","0","C14-01C"
"P12380","PVC DWV","4x4x3 PVC DWV STR Wye","5","5","0","C14-16C"
"P12455","PVC DWV","1-1/2 PVC DWV Double 90 Elbow (1/4)","80","80","100","C14-10C"
"P12457","PVC DWV","3 PVC DWV Double 90 Elbow (1/4)","15","15","130","C14-08C"
"P12458","PVC DWV","4 PVC DWV Double 90 Elbow (1/4)","6","6","0","C14-09C"
"P12465","PVC DWV","6 PVC DWV 22 STR Elbow (1/16)","5","10","0","C14-09C"
"P12466","PVC DWV","6x3 PVC DWV Flush Bushing (SxH)","10","10","10","C14-17C"
"P12467","PVC DWV","6x6x3 PVC DWV Wye","12","18","9","C14-03C"
"P12482","PVC DWV","3 PVC DWV P-Trap-Low Profile","8","14","0","C14-16C"
"P12537","PVC DWV","4x3 PVC DWV Offset Closet Flange W/Adj. Plastic Ring (H)","24","24","24","C14-04C"
"P12550","PVC DWV","2 PVC DWV 90 STR Elbow (1/4) - Long (HxS)","180","360","655","C16-13C"
"P12551","PVC DWV","3 PVC DWV 90 STR Elbow (1/4) - Long (HxS)","60","100","70","C16-01B"
"P12552","PVC DWV","4 PVC DWV 90 STR Elbow (1/4) - Long (HxS)","10","10","-5","C16-13C"
"P12554","PVC DWV","4 PVC DWV P-Trap-Low Profile","4","8","12","C14-19C"
"P12555","PVC DWV","1-1/4x1-1/2 PVC DWV Male ADPT","150","450","25","C16-01C"
"P12557","PVC DWV","6x4 PVC DWV Flush Bushing (SxH)","20","40","20","C16-04B"
"P12568","PVC DWV","2 PVC DWV Flush C.O. Tee (HxHxF)","80","80","40","C14-02D"
"P12721","PVC DWV","8 PVC DWV 45 Elbow (1/8)","9","15","15","C14-16C"
"P12739","PVC DWV","3x3x1-1/2x1-1/2 PVC DWV Double Wye","10","10","0","C14-19C"
"P12745","PVC DWV","3 PVC DWV STR Wye","10","20","10","C14-16C"
"P12746","PVC DWV","3x3x1-1/2 PVC DWV San. STR Tee","36","108","9","C14-19C"
"P12751","PVC DWV","2x1-1/2 PVC DWV 90 Elbow (1/4)","50","100","100","C16-05C"
"P12764","PVC DWV","4x4 PVC DWV Offset Closet Flange W/Adj. Metal Ring (Epoxy) (H)","16","16","16","C14-19C"
"P12783","PVC DWV","4x3 PVC DWV Offset Closet Flange W/Adj. Metal Ring (Epoxy) (H)","24","48","0","C14-04C"
"P12796","PVC DWV","2x2x1-1/2 PVC DWV San. STR Tee","60","60","0","C14-19C"
"P12807","PVC DWV","1-1/2 PVC DWV Comb. Wye and 45 Elbow (1/8) (1-Piece)","40","40","0","C14-19C"
"P12808","PVC DWV","1-1/2 PVC DWV Test Cap (S)","600","600","300","C16-04C"
"P12809","PVC DWV","2 PVC DWV Comb. Wye and 45 Elbow (1/8) (1-Piece)","20","20","0","C14-02D"
"P12810","PVC DWV","2 PVC DWV Trap ADPT - Fem w/ Nut (HxSlip)","200","600","200","C16-02C"
"P12811","PVC DWV","2 PVC DWV Test Cap (S)","600","600","800","C16-03C"
"P12812","PVC DWV","3 PVC DWV FTG C.O. ADPT (SxF)","80","80","280","C16-08B"
"P12813","PVC DWV","3 PVC DWV Comb. Wye and 45 Elbow (1/8) (1-Piece)","40","60","50","C14-05C"
"P12814","PVC DWV","3 PVC DWV Test Cap (S)","200","200","150","C16-03C"
"P12837","PVC DWV","4 PVC DWV Comb. Wye and 45 Elbow (1/8) (1-Piece)","24","40","-32","C14-14A"
"P12838","PVC DWV","4 PVC DWV Test Cap (S)","400","400","700","C16-05C"
"P12839","PVC DWV","6 PVC DWV 90 Elbow (1/4) - Long","4","8","32","C16-06C"
"P12840","PVC DWV","6 PVC DWV P-Trap","1","3","4","C14-01D"
"P12841","PVC DWV","3x3x2 PVC DWV San. STR Tee","15","30","15","C16-06C"
"P12842","PVC DWV","4 PVC DWV Tube End C.O. w/ Plug (HxF)","24","24","0","C14-17C"
"P12849","PVC DWV","1-1/2 PVC DWV 60 STR Elbow (1/6)","160","160","80","C14-11C"
"P12851","PVC DWV","4x4x2 PVC DWV Comb. Wye and 45 Elbow (1/8) (1-Piece)","6","12","12","C14-18C"
"P12853","PVC DWV","3x3x3x2 PVC DWV San. Tee w/ L Inlet","10","30","10","C14-19C"
"P12854","PVC DWV","3x3x3x2 PVC DWV San. Tee w/ R Inlet","12","12","0","C14-09C"
"P12855","PVC DWV","3x3x3x1-1/2 PVC DWV San. Tee w/ L Inlet","8","24","0","C14-19C"
"P12857","PVC DWV","3 PVC DWV Flush C.O. Tee w/ Plug (HxHxF)","10","10","50","C14-04D"
"P12858","PVC DWV","4 PVC DWV Flush C.O. Tee w/ Plug (HxHxF)","2","4","30","C14-17C"
"P12881","PVC DWV","6 PVC DWV C.O. Tee w/ Plug","6","10","12","C14-16C"
"P12937","PVC DWV","2 PVC DWV 90 STR Elbow (1/4) - Short","70","70","70","C16-05C"
"P12944","PVC DWV","2x1-1/2x1-1/2 PVC DWV Wye","60","60","90","C14-03C"
"P12958","PVC DWV","3 PVC DWV Flush C.O. Plug (M)","150","150","125","C16-03C"
"P12959","PVC DWV","4 PVC DWV Flush C.O. Plug (M)","150","150","200","C16-05B"
"P12970","PVC DWV","4 PVC DWV STR Wye","6","10","48","C14-18C"
"P13694","PVC DWV","3x3x1-1/2 PVC DWV 90 Elbow (1/4) w/ Low Heel Inlet","4","6","0","C14-19C"
"P14102","PVC DWV","2x2x1-1/2 PVC DWV STR Wye","60","60","0","C14-05D"
"P14802","PVC DWV","3x3x1-1/2 PVC DWV Comb. Wye and 45 Elbow (1/8) (1-Piece)","4","12","0","C14-19C"
"P15000","PVC DWV","10 PVC DWV CPLG","8","8","0","C14-04C"
"P15001","PVC DWV","12 PVC DWV CPLG","4","6","6","C14-03C"
"P15002","PVC DWV","1-1/4 PVC DWV Fem ADPT (HxF)","400","1200","0","C14-19C"
"P15003","PVC DWV","8 PVC DWV Fem ADPT (HxF)","9","9","18","C16-13B"
"P15004","PVC DWV","1-1/2x1-1/4 PVC DWV Red. Fem ADPT (HxF)","400","1200","0","C14-19C"
"P15005","PVC DWV","1-1/2x1-1/4 PVC DWV Red. CPLG","150","150","75","C14-02C"
"P15006","PVC DWV","4x1-1/2 PVC DWV Red. CPLG","25","25","0","C14-19C"
"P15007","PVC DWV","8x6 PVC DWV Red. CPLG","12","12","48","C14-19C"
"P15008","PVC DWV","10x4 PVC DWV Red. CPLG","12","36","0","C14-19C"
"P15009","PVC DWV","10x6 PVC DWV Red. CPLG","12","36","0","C14-19C"
"P15010","PVC DWV","10x8 PVC DWV Red. CPLG","10","30","5","C14-01C"
"P15011","PVC DWV","12x8 PVC DWV Red. CPLG","2","6","0","C14-19C"
"P15012","PVC DWV","12x10 PVC DWV Red. CPLG","2","4","2","C14-01C"
"P15013","PVC DWV","2 PVC DWV Trap ADPT - Male (SxSlip)","150","450","0","C14-19C"
"P15014","PVC DWV","1-1/2x1-1/4 PVC DWV Trap ADPT - Male (SxSlip)","200","600","0","C14-19C"
"P15015","PVC DWV","1-1/4 PVC DWV Trap ADPT - Male w/ Nut (SxSlip)","180","540","0","C14-19C"
"P15016","PVC DWV","1-1/2 PVC DWV Trap ADPT - Male w/ Nut and Washer (SxSlip)","80","160","350","C16-14B"
"P15017","PVC DWV","2 PVC DWV Trap ADPT - Male w/ Nut & Washer (SxSlip)","240","720","0","C14-19C"
"P15018","PVC DWV","1-1/4 PVC DWV Trap ADPT - Fem (HxSlip)","300","900","0","C14-19C"
"P15020","PVC DWV","1-1/4 PVC DWV Trap ADPT - Fem w/ Nut (HxSlip)","300","900","0","C14-19C"
"P15021","PVC DWV","1-1/4 PVC DWV Trap ADPT - Fem w/ Nut & Washer (SxSlip)","300","900","0","C14-19C"
"P15022","PVC DWV","2 PVC DWV Trap ADPT - Fem w/ Nut & Washer (SxSlip)","200","600","0","C14-19C"
"P15023","PVC DWV","1-1/2x1-1/4 PVC DWV Trap ADPT - Fem w/ Nut & Washer (SxSlip)","300","300","200","C16-11B"
"P15024","PVC DWV","1-1/4 PVC DWV FTG C.O. ADPT (SxF)","210","630","0","C14-19C"
"P15025","PVC DWV","6 PVC DWV FTG C.O. ADPT (SxF)","10","30","0","C14-01C"
"P15026","PVC DWV","1-1/4 PVC DWV FTG C.O. ADPT w/ Plug (SxF)","200","600","0","C14-19C"
"P15027","PVC DWV","8 PVC DWV C.O. Plug (M)","20","20","50","C16-07B"
"P15028","PVC DWV","1-1/2 PVC DWV C.O. Plug w/Gasket (M)","600","1800","0","C14-19C"
"P15029","PVC DWV","2 PVC DWV C.O. Plug w/Gasket (M)","200","600","0","C14-19C"
"P15030","PVC DWV","3 PVC DWV C.O. Plug w/Gasket (M)","150","450","0","C14-19C"
"P15031","PVC DWV","4 PVC DWV C.O. Plug w/Gasket (M)","100","300","0","C14-19C"
"P15032","PVC DWV","6 PVC DWV C.O. Plug w/Gasket (M)","40","120","0","C14-19C"
"P15033","PVC DWV","2x1-1/4 PVC DWV Flush Bushing (SxH)","200","600","0","C14-19C"
"P15034","PVC DWV","8x4 PVC DWV Flush Bushing (SxH)","3","6","6","C14-01C"
"P15035","PVC DWV","8x6 PVC DWV Flush Bushing (SxH)","9","12","12","C14-13C"
"P15036","PVC DWV","10x6 PVC DWV Flush Bushing (SxH)","12","36","0","C16-01C"
"P15037","PVC DWV","10x8 PVC DWV Flush Bushing (SxH)","9","9","0","C14-17C"
"P15038","PVC DWV","12x6 PVC DWV Flush Bushing (SxH)","4","4","0","C14-19C"
"P15039","PVC DWV","12x8 PVC DWV Flush Bushing (SxH)","4","4","0","C14-19C"
"P15040","PVC DWV","1-1/2x1/2 PVC DWV Dishwasher Bushing (SxF)","300","900","0","C14-19C"
"P15041","PVC DWV","1-1/2x3/4 PVC DWV Dishwasher Bushing (SxF)","300","900","0","C14-19C"
"P15042","PVC DWV","1-1/2x1-1/4 PVC DWV Dishwasher Bushing (SxF)","400","1200","0","C14-19C"
"P15043","PVC DWV","2x1-1/2 PVC DWV Dishwasher Bushing (SxF)","200","200","150","C16-02C"
"P15044","PVC DWV","3x1-1/2 PVC DWV Dishwasher Bushing (SxF)","60","180","0","C14-19C"
"P15045","PVC DWV","3x2 PVC DWV Dishwasher Bushing (SxF)","60","180","0","C14-19C"
"P15046","PVC DWV","10x8 PVC DWV Dishwasher Bushing (SxF)","12","12","0","C14-19C"
"P15047","PVC DWV","12x8 PVC DWV Dishwasher Bushing (SxF)","4","4","4","C16-02C"
"P15048","PVC DWV","1-1/4 PVC DWV Male ADPT","200","600","0","C14-19C"
"P15049","PVC DWV","6 PVC DWV Male ADPT","7","7","7","C16-03C"
"P15050","PVC DWV","2 PVC DWV Flush C.O. Plug (M)","400","400","200","C16-02C"
"P15053","PVC DWV","1-1/2 PVC DWV Plug (SLIP)","300","900","0","C14-19C"
"P15054","PVC DWV","2 PVC DWV Plug (SLIP)","200","600","0","C14-19C"
"P15055","PVC DWV","1-1/4 PVC DWV Trap ADPT Cap w/ Gasket","200","600","0","C14-19C"
"P15056","PVC DWV","1-1/2 PVC DWV Trap ADPT Cap w/ Gasket","200","600","0","C14-19C"
"P15057","PVC DWV","8 PVC DWV Cap","16","48","16","C14-19C"
"P15058","PVC DWV","10 PVC DWV Cap","16","48","0","C14-19C"
"P15059","PVC DWV","12 PVC DWV Cap","4","4","4","C16-04C"
"P15068","PVC DWV","1-1/2 PVC DWV No-Hub ADPT (SxH)","100","300","0","C14-19C"
"P15069","PVC DWV","2 PVC DWV No-Hub ADPT (SxH)","100","300","0","C14-19C"
"P15070","PVC DWV","3 PVC DWV No-Hub ADPT (SxH)","80","240","0","C14-19C"
"P15071","PVC DWV","4 PVC DWV No-Hub ADPT (SxH)","56","56","140","C16-03C"
"P15072","PVC DWV","2x1-1/2 PVC DWV No-Hub ADPT (SxH)","100","300","0","C14-19C"
"P15073","PVC DWV","4x3 PVC DWV No-Hub ADPT (SxH)","48","144","0","C14-19C"
"P15074","PVC DWV","2 PVC DWV Hub ADPT (HxS)","80","240","20","C16-03C"
"P15075","PVC DWV","3 PVC DWV Hub ADPT (HxS)","20","60","0","C14-19C"
"P15076","PVC DWV","1-1/2 PVC DWV Trap ADPT Plug (SxNPSM Thread)","72","216","0","C14-19C"
"P15077","PVC DWV","6 PVC DWV Repair CPLG","12","12","36","C16-04C"
"P15078","PVC DWV","1-1/2 PVC DWV Threaded Cap (F)","400","1200","0","C14-19C"
"P15079","PVC DWV","2 PVC DWV Threaded Cap (F)","210","630","0","C14-19C"
"P15080","PVC DWV","3 PVC DWV Threaded Cap (F)","120","360","0","C14-19C"
"P15081","PVC DWV","1-1/2 PVC DWV 90 Elbow (1/4) - Short","100","100","200","C16-04C"
"P15082","PVC DWV","3x3x1-1/2 PVC DWV 90 Elbow (1/4) w/ Side Inlet","8","8","16","C16-05C"
"P15083","PVC DWV","3 PVC DWV 90 Elbow (1/4) (HxF)","15","45","0","C14-19C"
"P15084","PVC DWV","1-1/4 PVC DWV 90 STR Elbow (1/4)","200","600","0","C14-19C"
"P15085","PVC DWV","8 PVC DWV 90 STR Elbow (1/4)","4","4","4","C16-06C"
"P15087","PVC DWV","3x3x1-1/2 PVC DWV 90 Elbow (1/4) - Long w/Low Heel Inlet","10","30","0","C14-19C"
"P15088","PVC DWV","3x3x2 PVC DWV 90 Elbow (1/4) - Long w/Low Heel Inlet","20","20","20","C14-12C"
"P15089","PVC DWV","3x3x2 PVC DWV 90 Elbow (1/4) - Long w/High Heel Inlet","20","60","0","C14-19C"
"P15090","PVC DWV","1-1/2 PVC DWV 90 STR Elbow (1/4) - Long (HxS)","120","120","60","C14-12C"
"P15091","PVC DWV","3x3x2 PVC DWV 90 STR Elbow (1/4) w/ Low Heel Inlet","15","45","0","C14-12C"
"P15092","PVC DWV","3x3x2 PVC DWV 90 Elbow (1/4) - Long w/Side Inlet","10","10","40","C14-12C"
"P15093","PVC DWV","1-1/2 PVC DWV 60 Elbow (1/6)","160","160","80","C14-10C"
"P15094","PVC DWV","2 PVC DWV 60 Elbow (1/6)","100","100","25","C16-14C"
"P15095","PVC DWV","6 PVC DWV 60 Elbow (1/6)","2","6","0","C14-19C"
"P15096","PVC DWV","2 PVC DWV 60 STR Elbow (1/6)","100","100","100","C16-14C"
"P15097","PVC DWV","3 PVC DWV 60 STR Elbow (1/6)","20","20","40","C14-10C"
"P15099","PVC DWV","1-1/2 PVC DWV 45 Elbow (1/8) - Short","240","720","240","C14-11C"
"P15100","PVC DWV","8 PVC DWV 45 STR Elbow (1/8)","4","8","52","C14-12C"
"P15101","PVC DWV","10 PVC DWV 45 STR Elbow (1/8)","4","4","0","C14-11C"
"P15102","PVC DWV","1-1/2 PVC DWV 45 STR Elbow (1/8 Turn) - Short (HxS)","320","960","320","C14-11C"
"P15103","PVC DWV","8 PVC DWV 22 Elbow (1/16)","6","6","0","C14-18C"
"P15104","PVC DWV","10 PVC DWV 22 Elbow (1/16)","4","12","0","C14-19C"
"P15105","PVC DWV","12 PVC DWV 22 Elbow (1/16)","2","4","1","C14-10C"
"P15106","PVC DWV","1-1/2 PVC DWV 22 Elbow (1/16) - Short","200","600","0","C14-19C"
"P15107","PVC DWV","2x1-1/2x1-1/2 PVC DWV Double 90 Elbow (1/4)","60","180","0","C14-19C"
"P15108","PVC DWV","1-1/4 PVC DWV Vent Elbow","120","360","0","C14-19C"
"P15109","PVC DWV","6 PVC DWV Vent Elbow","4","12","0","C14-19C"
"P15110","PVC DWV","1-1/4 PVC DWV Vent STR Elbow","120","360","0","C14-19C"
"P15111","PVC DWV","6 PVC DWV Vent STR Elbow","4","12","0","C14-19C"
"P15112","PVC DWV","8 PVC DWV Vent STR Elbow","4","12","0","C14-19C"
"P15113","PVC DWV","10 PVC DWV Vent STR Elbow","2","6","0","C14-19C"
"P15114","PVC DWV","3 PVC DWV Trap Elbow","30","30","30","C14-10C"
"P15115","PVC DWV","4 PVC DWV Trap Elbow","20","20","20","C14-09C"
"P15116","PVC DWV","1-1/4 PVC DWV San. Tee","50","50","50","C14-09C"
"P15117","PVC DWV","8 PVC DWV San. Tee","2","4","0","C16-10C"
"P15118","PVC DWV","1-1/2x1-1/2x1-1/4 PVC DWV San. Tee","40","120","10","C14-09C"
"P15119","PVC DWV","6x6x2 PVC DWV San. Tee","5","5","15","C14-09C"
"P15120","PVC DWV","6x6x3 PVC DWV San. Tee","4","4","12","C14-19C"
"P15121","PVC DWV","6x6x4 PVC DWV San. Tee","12","20","61","C16-10C"
"P15122","PVC DWV","2x1-1/2x1-1/2 PVC DWV San. STR Tee","50","150","0","C14-19C"
"P15123","PVC DWV","2x1-1/2x2 PVC DWV San. STR Tee","60","180","0","C14-19C"
"P15124","PVC DWV","4x4x2 PVC DWV San. STR Tee","10","10","0","C14-08C"
"P15125","PVC DWV","4x4x4x2 PVC DWV San. Tee w/ L Inlet","4","4","0","C16-09C"
"P15126","PVC DWV","3x3x3x1-1/2 PVC DWV San. Tee w/ R Inlet","10","30","0","C14-19C"
"P15127","PVC DWV","4x4x4x2 PVC DWV San. Tee w/ R Inlet","8","8","4","C14-06D"
"P15128","PVC DWV","3x3x3x1-1/2x1-1/2 PVC DWV San. Tee w/ R&L Side Inlets","6","18","0","C14-19C"
"P15129","PVC DWV","3x3x3x2x2 PVC DWV San. Tee w/ R&L Side Inlets","6","6","0","C14-19C"
"P15130","PVC DWV","4x4x4x2x2 PVC DWV San. Tee w/ R&L Side Inlets","5","15","0","C14-19C"
"P15131","PVC DWV","6 PVC DWV Double San. Tee","1","3","0","C14-19C"
"P15132","PVC DWV","3x3x2x1-1/2 PVC DWV Double San. Tee","25","25","25","C14-06D"
"P15133","PVC DWV","3x3x1-1/2x1-1/2 PVC DWV Double San. Tee","24","24","120","C16-07C"
"P15134","PVC DWV","4x4x1-1/2x1-1/2 PVC DWV Double San. Tee","7","7","7","C14-05D"
"P15135","PVC DWV","6x6x2x2 PVC DWV Double San. Tee","4","12","0","C14-19C"
"P15136","PVC DWV","6x6x3x3 PVC DWV Double San. Tee","4","12","0","C14-19C"
"P15137","PVC DWV","3x3x2x2 PVC DWV Double San. STR Tee","10","10","10","C14-05D"
"P15138","PVC DWV","3x3x3x3x1-1/2 PVC DWV Double San. Tee w/ Side Inlet","5","15","0","C14-19C"
"P15139","PVC DWV","3x3x3x3x2 PVC DWV Double San. Tee w/ Side Inlet","5","15","0","C14-19C"
"P15140","PVC DWV","4x4x4x4x2 PVC DWV Double San. Tee w/ Side Inlet","4","4","0","C14-06D"
"P15141","PVC DWV","3x3x3x3x2x2 PVC DWV Double San. Tee w/ R&L Side Inlets","4","12","0","C14-19C"
"P15142","PVC DWV","4x4x4x4x2x2 PVC DWV Double San. Tee w/ R&L Side Inlets","4","12","0","C14-19C"
"P15143","PVC DWV","1-1/2 PVC DWV Vent Tee","100","300","0","C14-06D"
"P15144","PVC DWV","3 PVC DWV Vent Tee","10","10","10","C14-08C"
"P15145","PVC DWV","4 PVC DWV Vent Tee","5","5","5","C14-08C"
"P15146","PVC DWV","6 PVC DWV Vent Tee","3","6","3","C14-05D"
"P15147","PVC DWV","8 PVC DWV Vent Tee","5","15","0","C14-19C"
"P15149","PVC DWV","8 PVC DWV C.O. Tee w/ Plug","4","4","0","C14-08C"
"P15150","PVC DWV","1-1/2 PVC DWV Flush C.O. Tee (HxHxF)","120","360","0","C14-19C"
"P15152","PVC DWV","3 PVC DWV Flush C.O. Tee (HxHxF)","45","75","45","C14-06C"
"P15153","PVC DWV","6 PVC DWV Flush C.O. Tee (HxHxF)","6","6","12","C14-05D"
"P15154","PVC DWV","8 PVC DWV Flush C.O. Tee (HxHxF)","4","12","0","C14-19C"
"P15156","PVC DWV","3 PVC DWV 2-Way C.O.","10","30","0","C14-19C"
"P15157","PVC DWV","4 PVC DWV 2-Way C.O.","32","60","-16","C14-01D"
"P15158","PVC DWV","3x3x3x3 PVC DWV Double Fixture FTG","10","10","0","C14-19C"
"P15159","PVC DWV","2x1-1/2x1-1/2x1-1/2 PVC DWV Double Fixture FTG","20","60","0","C14-19C"
"P15160","PVC DWV","2x2x1-1/2x1-1/2 PVC DWV Double Fixture FTG","40","60","40","C14-03D"
"P15161","PVC DWV","2x1-1/2x2x2 PVC DWV Double Fixture FTG","20","60","0","C14-19C"
"P15162","PVC DWV","3x2x3x3 PVC DWV Double Fixture FTG","10","30","0","C14-19C"
"P15163","PVC DWV","2x1-1/2x1-1/2 PVC DWV Comb. Wye and 45 Elbow (1/8) (1-Piece)","40","120","0","C14-19C"
"P15164","PVC DWV","2x2x1-1/2 PVC DWV Comb. Wye and 45 Elbow (1/8) (1-Piece)","40","120","0","C14-19C"
"P15165","PVC DWV","2x1-1/2x2 PVC DWV Comb. Wye and 45 Elbow (1/8) (1-Piece)","20","60","0","C14-19C"
"P15167","PVC DWV","3x3x2 PVC DWV Comb. Wye and 45 Elbow (1/8) (1-Piece)","24","36","-12","C14-05C"
"P15168","PVC DWV","4x4x3 PVC DWV Comb. Wye and 45 Elbow (1/8) (1-Piece)","4","8","0","C14-06C"
"P15169","PVC DWV","1-1/2 PVC DWV Comb. Wye and 45 Elbow (1/8) (2-Piece)","25","75","0","C14-19C"
"P15170","PVC DWV","2 PVC DWV Comb. Wye and 45 Elbow (1/8) (2-Piece)","25","75","0","C14-19C"
"P15171","PVC DWV","3 PVC DWV Comb. Wye and 45 Elbow (1/8) (2-Piece)","10","30","0","C14-19C"
"P15172","PVC DWV","4 PVC DWV Comb. Wye and 45 Elbow (1/8) (2-Piece)","5","15","0","C14-19C"
"P15173","PVC DWV","6 PVC DWV Comb. Wye and 45 Elbow (1/8) (2-Piece)","1","3","4","C14-04D"
"P15174","PVC DWV","8 PVC DWV Comb. Wye and 45 Elbow (1/8) (2-Piece)","4","12","0","C14-19C"
"P15175","PVC DWV","3x3x2 PVC DWV Comb. Wye and 45 Elbow (1/8) (2-Piece)","8","24","0","C14-19C"
"P15176","PVC DWV","4x4x3 PVC DWV Comb. Wye and 45 Elbow (1/8) (2-Piece)","8","24","0","C14-19C"
"P15177","PVC DWV","6x6x4 PVC DWV Comb. Wye and 45 Elbow (1/8) (2-Piece)","3","9","0","C14-19C"
"P15178","PVC DWV","8x8x4 PVC DWV Comb. Wye and 45 Elbow (1/8) (2-Piece)","4","12","0","C14-19C"
"P15179","PVC DWV","8x8x6 PVC DWV Comb. Wye and 45 Elbow (1/8) (2-Piece)","4","12","0","C14-19C"
"P15180","PVC DWV","10x10x4 PVC DWV Comb. Wye and 45 Elbow (1/8) (2-Piece)","4","12","0","C14-19C"
"P15181","PVC DWV","1-1/2 PVC DWV Comb. Wye and 45 Elbow (1/8) Double Assembly","10","30","0","C14-19C"
"P15182","PVC DWV","2 PVC DWV Comb. Wye and 45 Elbow (1/8) Double Assembly","10","30","0","C14-19C"
"P15183","PVC DWV","3 PVC DWV Comb. Wye and 45 Elbow (1/8) Double Assembly","6","18","0","C14-19C"
"P15184","PVC DWV","4 PVC DWV Comb. Wye and 45 Elbow (1/8) Double Assembly","3","9","0","C14-19C"
"P15185","PVC DWV","2x1-1/2 PVC DWV Comb. Wye and 45 Elbow (1/8) Double Assembly","30","90","0","C14-19C"
"P15186","PVC DWV","4x2 PVC DWV Comb. Wye and 45 Elbow (1/8) Double Assembly","5","15","0","C14-19C"
"P15187","PVC DWV","4x3 PVC DWV Comb. Wye and 45 Elbow (1/8) Double Assembly","5","15","0","C14-19C"
"P15188","PVC DWV","3x3x3x2 PVC DWV Comb. Wye and 45 Elbow (1/8) w/L Side Inlet","8","24","0","C14-19C"
"P15189","PVC DWV","3x3x3x2 PVC DWV Comb. Wye and 45 Elbow (1/8) w/R Side Inlet","8","24","0","C14-19C"
"P15190","PVC DWV","1-1/4 PVC DWV Wye","100","300","0","C14-19C"
"P15191","PVC DWV","8 PVC DWV Wye","4","6","6","C14-04D"
"P15193","PVC DWV","6x6x2 PVC DWV Wye","5","10","10","C14-04C"
"P15194","PVC DWV","8x8x4 PVC DWV Wye","4","8","32","C14-04D"
"P15195","PVC DWV","8x8x6 PVC DWV Wye","6","10","20","C14-17C"
"P15196","PVC DWV","10x10x4 PVC DWV Wye","4","4","8","C14-01D"
"P15197","PVC DWV","1-1/2 PVC DWV STR Wye","50","50","0","C14-19C"
"P15198","PVC DWV","2 PVC DWV STR Wye","40","40","0","C14-19C"
"P15201","PVC DWV","6 PVC DWV Double Wye","2","4","0","C14-19C"
"P15202","PVC DWV","3x3x3x3x2 PVC DWV Double Wye w/ 2 Side Inlet","10","30","0","C14-19C"
"P15203","PVC DWV","6x6x2x2 PVC DWV Double Wye","4","12","0","C14-19C"
"P15204","PVC DWV","6x6x3x3 PVC DWV Double Wye","3","9","0","C14-19C"
"P15205","PVC DWV","6x6x4x4 PVC DWV Double Wye","3","9","0","C14-19C"
"P15206","PVC DWV","3x3x3x2 PVC DWV Wye w/L Inlet","18","54","0","C14-03D"
"P15207","PVC DWV","4x4x4x2 PVC DWV Wye w/L Inlet","4","12","0","C14-02D"
"P15208","PVC DWV","3x3x3x2 PVC DWV Wye w/R Inlet","6","18","0","C14-19C"
"P15209","PVC DWV","4x4x4x2 PVC DWV Wye w/R Inlet","3","6","0","C14-02D"
"P15210","PVC DWV","1-1/2 PVC DWV ADPT Tail Piece body w/ Nut (SxSlip)","144","432","0","C14-19C"
"P15211","PVC DWV","1-1/2 PVC DWV ADPT Tail Piece w/ Nut (SxSlip)","144","432","96","C14-02D"
"P15212","PVC DWV","1-1/2x1-1/4 PVC DWV ADPT Tail Piece w/ Nut (SxSlip)","120","360","0","C14-19C"
"P15213","PVC DWV","6 PVC DWV Return Bend","2","4","0","C14-19C"
"P15214","PVC DWV","1-1/4 PVC DWV Adj. P-Trap w/ Plastic Nut","30","90","0","C14-02D"
"P15215","PVC DWV","1-1/2 PVC DWV P-Trap w/ Union Joint (HxF)","30","90","0","C14-19C"
"P15217","PVC DWV","6 PVC DWV P-Trap-Low Profile","1","3","0","C14-19C"
"P15218","PVC DWV","1-1/2 PVC DWV P-Trap (HxSlip)","25","75","0","C14-19C"
"P15219","PVC DWV","2 PVC DWV Washer Box P-Trap","40","60","100","C14-05C"
"P15220","PVC DWV","4x3 PVC DWV Closet Flange w/Test Plate","160","240","35","C14-05C"
"P15221","PVC DWV","4x3 PVC DWV Closet Flange w/ Adj. Ring (S)","25","75","0","C14-19C"
"P15222","PVC DWV","4x3 PVC DWV Closet Flange (F)","20","60","0","C14-19C"
"P15223","PVC DWV","4x3 PVC DWV Closet Flange (M)","25","25","0","C14-19C"
"P15224","PVC DWV","1-1/2 PVC DWV Tube End C.O. w/ Plug (HxF)","150","450","0","C14-19C"
"P15225","PVC DWV","2 PVC DWV Tube End C.O. w/ Plug (HxF)","100","300","0","C14-19C"
"P15226","PVC DWV","3 PVC DWV Tube End C.O. w/ Plug (HxF)","80","240","0","C14-19C"
"P8563","PVC DWV","1-1/4 PVC DWV C.O. Plug (M)","600","600","1900","C16-01C"
"P15770","PVC DWV","6 PVC DWV 11-1/4 (1/32) Elbow STR (SxH)","5","15","0","C14-19C"
"P15771","PVC DWV","6 PVC DWV 11-1/4 (1/32) Elbow","3","5","0","C14-17C"
"P15773","PVC DWV","1-1/2x1-1/4 PVC DWV Trap ADPT - Male w/ Nut & Washer (SxSlip)","19","31","0","C14-18C"
"P8651","PVC DWV","2 PVC DWV C.O. Plug (M)","400","400","350","C16-07B"
"P9388","PVC DWV","2 PVC DWV 90 Elbow (1/4)","4250","9800","8745","C16-10A"
"P9389","PVC DWV","3 PVC DWV 90 Elbow (1/4)","1725","3900","2624","C16-08A"
"P9390","PVC DWV","2 PVC DWV San. Tee","1155","2695","3500","C14-13A"
"P9392","PVC DWV","3x3x1-1/2 PVC DWV San. Tee","160","352","226","C16-11C"
"P9399","PVC DWV","1-1/2 PVC DWV Male ADPT","300","600","800","C16-06B"
"P9401","PVC DWV","6 PVC DWV C.O. Plug (M)","120","160","14","C16-07B"
"P9421","PVC DWV","3 PVC DWV Male ADPT","50","75","50","C16-04B"
"P9487","PVC DWV","1-1/2 PVC DWV Trap ADPT - Male w/ Nut (SxSlip)","300","600","700","C16-08B"
"P9488","PVC DWV","2x1-1/2 PVC DWV Red. CPLG","400","900","1200","C16-13B"
"P9489","PVC DWV","3x1-1/2 PVC DWV Flush Bushing (SxH)","120","120","210","C16-04B"
"P9490","PVC DWV","3x2 PVC DWV Flush Bushing (SxH)","240","480","1090","C16-09B"
"P9491","PVC DWV","3x3x2 PVC DWV 90 Elbow (1/4) w/ Side Inlet","30","50","40","C16-03B"
"P9492","PVC DWV","3x3x2 PVC DWV 90 Elbow (1/4) w/ Low Heel Inlet","50","100","100","C16-14C"
"P9493","PVC DWV","3 PVC DWV Vent Elbow","50","75","150","C16-12C"
"P9494","PVC DWV","4 PVC DWV Vent Elbow","10","10","20","C14-08C"
"P9495","PVC DWV","3 PVC DWV Vent STR Elbow","50","75","75","C16-13C"
"P9497","PVC DWV","3 PVC DWV Wye","480","1005","570","C14-15A"
"P9498","PVC DWV","4 PVC DWV Wye","360","776","1089","C14-16A"
"P9512","PVC DWV","1-1/2 PVC DWV CPLG","1,200","2,400","6400","C16-14B"
"P9513","PVC DWV","2 PVC DWV CPLG","2000","4500","5700","C14-01A"
"P9514","PVC DWV","4 PVC DWV CPLG","575","1350","1189","C16-14A"
"P9515","PVC DWV","1-1/2 PVC DWV 90 Elbow (1/4)","2900","6800","-300","C16-12A"
"P9516","PVC DWV","4 PVC DWV 90 Elbow (1/4)","670","1390","1410","C16-06A"
"P9519","PVC DWV","3 PVC DWV 90 STR Elbow (1/4)","440","1000","960","C16-05A"
"P9521","PVC DWV","4 PVC DWV 90 STR Elbow (1/4)","170","320","520","C14-05A"
"P9522","PVC DWV","2 PVC DWV 90 Elbow (1/4) - Long","1,620","3,360","3645","C16-04A"
"P9523","PVC DWV","4 PVC DWV 90 Elbow (1/4) - Long","120","240","1330","C14-06A"
"P9524","PVC DWV","3 PVC DWV 60 Elbow (1/6)","20","20","20","C14-12C"
"P9526","PVC DWV","4 PVC DWV 60 Elbow (1/6)","24","32","48","C14-18C"
"P9528","PVC DWV","4 PVC DWV 60 STR Elbow (1/6)","10","10","0","C14-19C"
"P9529","PVC DWV","3 PVC DWV San. Tee","240","555","270","C14-04B"
"P9530","PVC DWV","4 PVC DWV San. Tee","190","425","465","C14-14A"
"P9531","PVC DWV","2x2x1-1/2 PVC DWV San. Tee","700","1,450","1150","C14-05B"
"P9532","PVC DWV","3x3x2 PVC DWV San. Tee","390","825","100","C14-06B"
"P9534","PVC DWV","4x4x2 PVC DWV San. Tee","160","340","500","C14-08B"
"P9535","PVC DWV","4x4x3 PVC DWV San. Tee","110","230","640","C14-09B"
"P9537","PVC DWV","4x4x2 PVC DWV Wye","330","740","570","C14-19A"
"P9538","PVC DWV","4x4x3 PVC DWV Wye","310","650","390","C14-17B"
"P9539","PVC DWV","3 PVC DWV 45 Elbow (1/8)","1125","2625","2175","C16-01A"
"P9540","PVC DWV","4 PVC DWV 45 Elbow (1/8)","795","1710","1275","C14-08A"
"P9541","PVC DWV","4 PVC DWV 45 STR Elbow (1/8)","387","873","1725","C14-12A"
"P9551","PVC DWV","2 PVC DWV 45 Elbow (1/8)","2,500","5,650","4850","C16-02A"
"P9552","PVC DWV","2 PVC DWV 45 STR Elbow (1/8)","2000","4500","4000","C14-10A"
"P9553","PVC DWV","2 PVC DWV Wye","500","1,075","1000","C14-11B"
"P9554","PVC DWV","3 PVC DWV 45 STR Elbow (1/8)","900","2025","-45","C14-11A"
"P9555","PVC DWV","3 PVC DWV CPLG","1140","2340","120","C14-02A"
"P9599","PVC DWV","1-1/4 PVC DWV CPLG","400","400","200","C14-04C"
"P9601","PVC DWV","2 PVC DWV 90 STR Elbow (1/4)","750","1700","2900","C14-04A"
"P9602","PVC DWV","1-1/2 PVC DWV 45 STR Elbow (1/8)","700","1800","1200","C16-02B"
"P9603","PVC DWV","2 PVC DWV 22 STR Elbow (1/16)","300","600","725","C16-13C"
"P9604","PVC DWV","3 PVC DWV 22 Elbow (1/16)","200","425","150","C16-06B"
"P9605","PVC DWV","4x2 PVC DWV Red. CPLG","80","160","300","C16-09B"
"P9606","PVC DWV","4 PVC DWV 22 Elbow (1/16)","195","405","225","C14-01B"
"P9625","PVC DWV","2 PVC DWV Adj. P-Trap w/ Plastic Nut","240","520","340","C14-15B"
"P9626","PVC DWV","1-1/2 PVC DWV Adj. P-Trap w/ Plastic Nut","390","870","1119","C16-04C"
"P9632","PVC DWV","3 PVC DWV 90 Elbow (1/4) - Long","560","1190","370","C16-03A"
"P9636","PVC DWV","3x3x2 PVC DWV Wye","732","1,620","1163","C14-18A"
"P9637","PVC DWV","2x1-1/2x1-1/2 PVC DWV San. Tee","240","540","300","C16-11C"
"P9638","PVC DWV","1-1/2 PVC DWV San. Tee","840","1800","2020","C14-03B"
"P9639","PVC DWV","1-1/2 PVC DWV Wye","250","450","400","C16-08C"
"P9640","PVC DWV","1-1/2 PVC DWV 45 Elbow (1/8)","1300","2600","2300","C16-01B"
"P9641","PVC DWV","1-1/2 PVC DWV 90 STR Elbow (1/4)","720","1440","2220","C16-02B"
"P9642","PVC DWV","2 PVC DWV P-Trap","435","915","1030","C14-13B"
"P9671","PVC DWV","3x2 PVC DWV Red. CPLG","480","880","380","C16-10B"
"P9672","PVC DWV","4x3 PVC DWV Red. CPLG","140","300","240","C16-10B"
"P9673","PVC DWV","3 PVC DWV 22 STR Elbow (1/16)","150","300","250","C16-14C"
"P9674","PVC DWV","2 PVC DWV C.O. Tee w/ Plug","120","240","340","C14-16C"
"P9691","PVC DWV","3 PVC DWV P-Trap","90","170","60","C14-14B"
"P9692","PVC DWV","4 PVC DWV Cap","120","220","395","C16-05B"
"P9693","PVC DWV","4x4x2x2 PVC DWV Double San. Tee","20","35","30","C16-07C"
"P9718","PVC DWV","2 PVC DWV 22 Elbow (1/16)","400","800","750","C16-03B"
"P9719","PVC DWV","4x3 PVC DWV Flush Bushing (SxH)","180","330","690","C16-07B"
"P9725","PVC DWV","1-1/2 PVC DWV Trap ADPT - Male (SxSlip)","200","200","150","C16-14B"
"P9727","PVC DWV","1-1/2 PVC DWV Trap ADPT - Fem (HxSlip)","200","200","50","C16-11B"
"P9729","PVC DWV","2x1-1/2 PVC DWV Flush Bushing (SxH)","1000","2200","1872","C16-13B"
"P9732","PVC DWV","3 PVC DWV C.O. Tee w/ Plug","160","320","0","C16-11C"
"P9735","PVC DWV","4 PVC DWV C.O. Tee w/ Plug","100","230","480","C14-10B"
"P9744","PVC DWV","4x2 PVC DWV Flush Bushing (SxH)","60","120","30","C16-06B"
"P9745","PVC DWV","4x4x2x2 PVC DWV Double Wye","18","30","30","C14-01C"
"P9746","PVC DWV","3x3x2x2 PVC DWV Double San. Tee","20","40","20","C16-07C"
"P9747","PVC DWV","4 PVC DWV FTG C.O. ADPT (SxF)","40","80","60","C16-09B"
"P9748","PVC DWV","4x4x2 PVC DWV 90 Elbow (1/4) w/ Low Heel Inlet","18","30","18","C16-01B"
"P9784","PVC DWV","3x3x1-1/2 PVC DWV Wye","180","360","510","C16-08C"
"P9805","PVC DWV","1-1/2 PVC DWV Fem ADPT (HxF)","400","400","600","C16-14B"
"P9847","PVC DWV","1-1/2x1-1/4 PVC DWV Flush Bushing (SxH)","400","400","100","C16-06B"
"P9849","PVC DWV","2 PVC DWV Male ADPT","800","1400","2400","C16-06B"
"P9850","PVC DWV","1-1/2 PVC DWV Cap","480","720","2020","C16-07B"
"P9852","PVC DWV","2 PVC DWV Cap","360","540","480","C16-08B"
"P9853","PVC DWV","3 PVC DWV Cap","300","540","430","C16-04B"
"P9882","PVC DWV","1-1/2 PVC DWV P-Trap","275","525","575","C16-07C"
"P9884","PVC DWV","3 PVC DWV Return Bend","24","40","32","C16-01C"
"P9889","PVC DWV","3 PVC DWV C.O. Plug (M)","300","450","650","C16-06B"
"P9891","PVC DWV","1-1/2 PVC DWV Trap ADPT - Fem w/ Nut (HxSlip)","300","600","1100","C16-08B"
"P9906","PVC DWV","4 PVC DWV Double San. Tee","12","18","6","C16-09C"
"P9907","PVC DWV","3 PVC DWV Double Wye","8","16","8","C14-03C"
"P9952","PVC DWV","1-1/2 PVC DWV 22 STR Elbow (1/16)","200","400","1150","C16-13C"
"P9953","PVC DWV","2x1-1/2x2 PVC DWV San. Tee","180","300","300","C16-12C"
"P9954","PVC DWV","6x4 PVC DWV Red. CPLG","12","24","72","C14-13C"
"P9957","PVC DWV","1-1/4x1-1/2 PVC DWV L.A. P-Trap (SlipxH)","30","90","0","C14-19C"
"P9971","PVC DWV","2 PVC DWV Double San. Tee","50","75","150","C16-09C"
"P9987","PVC DWV","1-1/2 PVC DWV L.A. P-Trap (SlipxH)","90","120","270","C14-16C"
"P9993","PVC DWV","4 PVC DWV FTG C.O. ADPT w/ Plug (SxF)","120","200","290","C16-08B"
"P10007","PVC DWV","1-1/2x1-1/4 PVC DWV Trap ADPT - Fem (HxSlip)","300","300","300","C16-02C"
"P10008","PVC DWV","4x3 PVC DWV Closet Flange","75","100","125","C14-05C"
"P10009","PVC DWV","4 PVC DWV Vent STR Elbow","10","10","20","C14-08C"
"P10011","PVC DWV","2 PVC DWV FTG C.O. ADPT w/ Plug (SxF)","200","200","650","C16-08B"
"P10013","PVC DWV","1-1/2x1-1/4 PVC DWV Trap ADPT - Fem w/ Nut (HxSlip)","300","300","800","C16-12B"
"P10014","PVC DWV","3 PVC DWV FTG C.O. ADPT w/ Plug (SxF)","160","240","640","C16-06B"
"P10016","PVC DWV","1-1/2 PVC DWV C.O. Plug (M)","300","600","1200","C14-18C"
"P10017","PVC DWV","1-1/2 PVC DWV San. STR Tee","100","100","0","C16-09C"
"P10019","PVC DWV","4 PVC DWV San. STR Tee","30","50","30","C16-06C"
"P10020","PVC DWV","2x2x1-1/2 PVC DWV Wye","180","360","375","C16-10C"
"P10021","PVC DWV","1-1/2 PVC DWV P-Trap w/ C.O.","90","150","120","C14-06C"
"P10022","PVC DWV","2 PVC DWV P-Trap w/ C.O.","20","40","40","C14-03C"
"P10027","PVC DWV","1-1/2x1-1/2x1/2 PVC DWV Dishwasher Wye (HxHxHose Barb)","160","160","40","C14-03D"
"P10028","PVC DWV","4 PVC DWV Hub ADPT (HxS)","12","24","36","C16-02B"
"P10030","PVC DWV","3 PVC DWV Repair CPLG","60","120","320","C16-05B"
"P10040","PVC DWV","2 PVC DWV Vent STR Elbow","160","320","360","C16-13C"
"P10041","PVC DWV","1-1/2 PVC DWV Vent STR Elbow","150","300","325","C16-12C"
"P10051","PVC DWV","4 PVC DWV C.O. Plug (M)","360","720","650","C16-09B"
"P10072","PVC DWV","2 PVC DWV Fem ADPT (HxF)","200","200","250","C16-12B"
"P10077","PVC DWV","1-1/2 PVC DWV C.O. Tee w/ Plug","80","160","160","C16-07C"
"P10088","PVC DWV","4x4x3x3 PVC DWV Double San. Tee","10","20","30","C16-07C"
"P10093","PVC DWV","1-1/4 PVC DWV Trap ADPT - Male w/ Nut & Washer (SxSlip)","180","180","60","C16-01C"
"P10095","PVC DWV","1-1/2 PVC DWV Double San. Tee","60","60","150","C16-06C"
"P10097","PVC DWV","1-1/2 PVC DWV FTG C.O. ADPT (SxF)","200","200","50","C16-12B"
"P10099","PVC DWV","2 PVC DWV Repair CPLG","120","240","180","C16-05B"
"P10100","PVC DWV","4x4x1-1/2 PVC DWV Wye","10","10","30","C14-03D"
"P10107","PVC DWV","2 PVC DWV Trap ADPT - Male w/ Nut (SxSlip)","100","300","0","C14-19C"
"P10393","PVC DWV","1-1/2 PVC DWV 22 Elbow (1/16)","200","400","400","C16-14C"
"P10394","PVC DWV","2 PVC DWV Vent Elbow","120","120","270","C16-12C"
"P10435","PVC DWV","6 PVC DWV CPLG","50","95","60","C16-13B"
"P10554","PVC DWV","6 PVC DWV Fem ADPT (HxF)","50","80","50","C16-14B"
"P10673","PVC DWV","4 PVC DWV P-Trap","28","52","116","C16-01C"
"P10680","PVC DWV","3x3x2x2 PVC DWV Double Wye","30","45","70","C14-02C"
"P10691","PVC DWV","3x4 PVC DWV Closet Bend","230","390","490","C14-02B"
"P10692","PVC DWV","3 PVC DWV San. STR Tee","10","20","60","C14-18C"
"P10696","PVC DWV","4x3 PVC DWV Red. Closet Flange (SPIG)","50","75","75","C14-06C"
"P10701","PVC DWV","1-1/2 PVC DWV FTG C.O. ADPT w/ Plug (SxF)","200","200","200","C16-09B"
"P10704","PVC DWV","2 PVC DWV FTG C.O. ADPT (SxF)","200","200","50","C16-09B"
"P10715","PVC DWV","2x2x2x2 PVC DWV Double Fixture FTG","15","45","0","C14-19C"
"P10736","PVC DWV","1-1/2 PVC DWV Trap ADPT - Fem w/ Nut & Washer (SxSlip)","200","400","650","C16-12B"
"P10738","PVC DWV","1-1/2 PVC DWV Return Bend","80","160","280","C14-02C"
"P10745","PVC DWV","3x1-1/2 PVC DWV Red. CPLG","50","75","25","C16-10B"
"P10760","PVC DWV","2 PVC DWV 90 Elbow (1/4) - Short","100","100","250","C16-03B"
"P10761","PVC DWV","3 PVC DWV 90 Elbow (1/4) - Short","100","175","200","C16-01B"
"P10762","PVC DWV","4 PVC DWV Double Wye","10","10","40","C14-02C"
"P10796","PVC DWV","4 PVC DWV Male ADPT","25","50","25","C16-04B"
"P10797","PVC DWV","4 PVC DWV Fem ADPT (HxF)","280","520","610","C16-11B"
"P10815","PVC DWV","2x2x1-1/2x1-1/2 PVC DWV Double San. Tee","75","150","165","C16-08C"
"P10816","PVC DWV","2x2x1-1/2x1-1/2 PVC DWV Double Wye","40","40","0","C14-02C"
"P10817","PVC DWV","4 PVC DWV 22 STR Elbow (1/16)","80","160","190","C16-11C"
"P10822","PVC DWV","4 PVC DWV Return Bend","18","30","30","C14-01C"
"P10828","PVC DWV","1-1/2 PVC DWV Repair CPLG","400","400","600","C16-03B"
"P10831","PVC DWV","3 PVC DWV Fem ADPT (HxF)","70","105","175","C16-14B"
"P10843","PVC DWV","1-1/2 PVC DWV Vent Elbow","150","150","250","C16-12C"
"P10844","PVC DWV","2 PVC DWV Double 90 Elbow (1/4)","25","25","75","C14-11C"
"P10868","PVC DWV","1-1/2x1-1/4 PVC DWV Trap ADPT - Male w/ Nut (SxSlip)","300","300","300","C16-10B"
"P10870","PVC DWV","2 PVC DWV Double Wye","20","20","20","C14-03C"
"P10879","PVC DWV","1-1/2 PVC DWV Trap ADPT - Male w/ Nut & Washer (SxSlip)","300","600","1400","C16-12B"
"P10953","PVC DWV","3 PVC DWV Double San. Tee","12","18","36","C16-06C"
"P11062","PVC DWV","4 PVC DWV Flush C.O. Tee (HxHxF)","20","30","50","C14-18C"
"P11118","PVC DWV","2 PVC DWV Return Bend","125","250","125","C16-08C"
"P11143","PVC DWV","6 PVC DWV 90 Elbow (1/4)","40","68","44","C14-03A"
"P11144","PVC DWV","6 PVC DWV 45 Elbow (1/8)","30","60","55","C16-02B"
"P11206","PVC DWV","6 PVC DWV Cap","16","24","0","C16-03B"
"P11232","PVC DWV","6 PVC DWV Wye","8","14","10","C14-06C"
"P11233","PVC DWV","6 PVC DWV 45 STR Elbow (1/8)","20","30","0","C16-14C"
"P11234","PVC DWV","1-1/4 PVC DWV 90 Elbow (1/4)","200","200","100","C16-05C"
"P11235","PVC DWV","1-1/4 PVC DWV 45 Elbow (1/8)","200","200","150","C14-12C"
"P11252","PVC DWV","1-1/4 PVC DWV 45 STR Elbow (1/8)","240","240","120","C14-10C"
"P11260","PVC DWV","3x2 PVC DWV Comb. Wye and 45 Elbow (1/8) Double Assembly","10","30","0","C14-19C"
"P11324","PVC DWV","1-1/2 PVC DWV Double Wye","40","40","40","C14-04D"
"P11357","PVC DWV","6x6x4 PVC DWV Wye","44","72","-4","C14-05C"
"P11372","PVC DWV","4x4x3x3 PVC DWV Double Wye","10","15","5","C14-02C"
"P11422","PVC DWV","4x4 PVC DWV Closet Flange","30","30","30","C14-01D"
"P11464","PVC DWV","1-1/4 PVC DWV Trap ADPT - Male (SxSlip)","20","60","0","C14-19C"
"P11482","PVC DWV","8 PVC DWV 90 Elbow (1/4)","16","24","28","C16-04B"
"P11483","PVC DWV","8 PVC DWV CPLG","16","24","32","C16-14B"
"P11489","PVC DWV","2x1-1/2x2 PVC DWV Wye","40","40","120","C14-03D"
"P11511","PVC DWV","2 PVC DWV Flush C.O. Tee w/ Plug (HxHxF)","60","60","100","C14-03D"
"P11655","PVC DWV","6 PVC DWV 90 STR Elbow (1/4)","8","12","0","C14-17C"
"P11831","PVC DWV","2 PVC DWV Vent Tee","25","25","25","C14-06D"
"P11870","PVC DWV","6 PVC DWV FTG C.O. ADPT w/ Plug (SxF)","6","12","-12","C16-10B"
"P11873","PVC DWV","4 PVC DWV Repair CPLG","90","150","235","C16-05B"
"P11874","PVC DWV","2 PVC DWV San. STR Tee","30","30","25","C16-10C"
"P11889","PVC DWV","6x6x4x4 PVC DWV Double San. Tee","3","6","3","C14-06D"
"P11890","PVC DWV","4x4x1-1/2 PVC DWV San. Tee","10","20","0","C16-09C"
"P11908","PVC DWV","2 PVC DWV P-Trap-Low Profile","360","660","390","C14-16B"
"P11909","PVC DWV","1-1/2 PVC DWV P-Trap-Low Profile","150","275","225","C16-05C"
"P11917","PVC DWV","6 PVC DWV 22 Elbow (1/16)","18","30","24","C16-12C"
"P11918","PVC DWV","1-1/2 PVC DWV 90 Elbow (1/4) - Long","240","360","610","C16-03B"
"P11978","PVC DWV","8x4 PVC DWV Red. CPLG","12","36","36","C14-17C"
"P12015","PVC DWV","6 PVC DWV San. Tee","9","18","18","C16-10C"
"P12110","PVC DWV","1-1/2 PVC DWV Trap ADPT Plug (HxNPSM Thread)","80","240","0","C14-19C"
"P12148","PVC DWV","4x4 PVC DWV Closet Flange w/Adj. Metal Ring (Epoxy) (H)","40","60","0","C16-06C"
"P12149","PVC DWV","4x4 PVC DWV Closet Flange w/Adj. Metal Ring (Epoxy) (S)","30","60","0","C14-04C"
"P12347","PVC PIPE","1-1/2x10FT PVC Foam Core Pipe (Plain End)","221","442","0","02-PVCF"
"P12348","PVC PIPE","2x10FT PVC Foam Core Pipe (Plain End)","840","1,400","0","02-PVCF"
"P12954","PVC PIPE","6x10FT PVC Sch40 Pipe (Plain End)","26","26","41","01-PVC40"
"P12979","PVC PIPE","3/4x10FT PVC Sch40 Pipe (Plain End)","1,760","3,520","649","01-PVC40"
"P12980","PVC PIPE","1/2x20FT PVC Sch40 Pipe (Plain End)","450","450","0","01-PVC40"
"P12981","PVC PIPE","3/4x20FT PVC Sch40 Pipe (Plain End)","440","440","0","01-PVC40"
"P12982","PVC PIPE","1x20FT PVC Sch40 Pipe (Plain End)","280","280","0","01-PVC40"
"P12983","PVC PIPE","1-1/4x20FT PVC Sch40 Pipe (Plain End)","165","165","0","01-PVC40"
"P12984","PVC PIPE","1-1/2x20FT PVC Sch40 Pipe (Plain End)","221","221","0","01-PVC40"
"P12985","PVC PIPE","2x20FT PVC Sch40 Pipe (Plain End)","140","140","21","01-PVC40"
"P12986","PVC PIPE","3x20FT PVC Sch40 Pipe (Plain End)","63","63","0","01-PVC40"
"P12987","PVC PIPE","4x20FT PVC Sch40 Pipe (Plain End)","57","57","0","01-PVC40"
"P12988","PVC PIPE","5x20FT PVC Sch40 Pipe (Plain End)","1","1","0","01-PVC40"
"P12989","PVC PIPE","6x20FT PVC Sch40 Pipe (Plain End)","26","26","0","01-PVC40"
"P12998","PVC PIPE","3x10FT PVC Sch40 Conduit","88","88","0","01-PVC40"
"P13980","PVC PIPE","2x10FT PVC Sch40 Pipe (Belled End)","140","140","0","01-PVC40"
"P13981","PVC PIPE","1x10FT PVC Sch40 Pipe (Belled End)","280","280","0","01-PVC40"
"P13982","PVC PIPE","3x10FT PVC Sch40 Pipe (Belled End)","63","63","0","01-PVC40"
"P13983","PVC PIPE","4x10FT PVC Sch40 Pipe (Belled End)","57","57","10","01-PVC40"
"P13984","PVC PIPE","3/4x10FT PVC Sch40 Pipe (Belled End)","440","440","0","01-PVC40"
"P13985","PVC PIPE","6x10FT PVC Sch40 Pipe (Belled End)","26","26","0","01-PVC40"
"P13986","PVC PIPE","1/2x20FT PVC Sch40 Pipe (Belled End)","450","450","0","01-PVC40"
"P13987","PVC PIPE","3/4x20FT PVC Sch40 Pipe (Belled End)","440","440","0","01-PVC40"
"P13988","PVC PIPE","1x20FT PVC Sch40 Pipe (Belled End)","280","280","0","01-PVC40"
"P13989","PVC PIPE","1-1/4x20FT PVC Sch40 Pipe (Belled End)","165","165","0","01-PVC40"
"P13990","PVC PIPE","1-1/2x20FT PVC Sch40 Pipe (Belled End)","221","221","0","01-PVC40"
"P13991","PVC PIPE","2x20FT PVC Sch40 Pipe (Belled End)","140","140","0","01-PVC40"
"P13992","PVC PIPE","3x20FT PVC Sch40 Pipe (Belled End)","63","63","0","01-PVC40"
"P13993","PVC PIPE","4x20FT PVC Sch40 Pipe (Belled End)","57","57","0","01-PVC40"
"P13994","PVC PIPE","5x20FT PVC Sch40 Pipe (Belled End)","1","1","0","01-PVC40"
"P13995","PVC PIPE","6x20FT PVC Sch40 Pipe (Belled End)","26","26","0","01-PVC40"
"P13996","PVC PIPE","1-1/2x10FT PVC Sch40 Pipe (Belled End)","165","165","0","01-PVC40"
"P13997","PVC PIPE","1/2x10FT PVC Sch40 Pipe (Belled End)","450","450","0","01-PVC40"
"P13998","PVC PIPE","1-1/4x10FT PVC Sch40 Pipe (Belled End)","221","221","0","01-PVC40"
"P13999","PVC PIPE","1/2x10FT PVC Sch40 Pipe (Plain End)","450","450","477","01-PVC40"
"P14000","PVC PIPE","1-1/4x10FT PVC Sch40 Pipe (Plain End)","165","165","11","01-PVC40"
"P14001","PVC PIPE","5x10FT PVC Sch40 Pipe (Plain End)","1","1","0","01-PVC40"
"P14002","PVC PIPE","5x10FT PVC Sch40 Pipe (Belled End)","1","1","0","01-PVC40"
"P14003","PVC PIPE","8x10FT PVC Sch40 Pipe (Belled End)","14","14","0","01-PVC40"
"P14004","PVC PIPE","8x20FT PVC Sch40 Pipe (Belled End)","14","14","0","01-PVC40"
"P14005","PVC PIPE","10x20FT PVC Sch40 Pipe (Belled End)","12","12","0","01-PVC40"
"P14006","PVC PIPE","12x20FT PVC Sch40 Pipe (Belled End)","8","8","0","01-PVC40"
"P14007","PVC PIPE","3x10FT PVC Foam Core Pipe (Plain End)","378","567","12","02-PVCF"
"P14008","PVC PIPE","4x10FT PVC Foam Core Pipe (Plain End)","342","570","0","02-PVCF"
"P14009","PVC PIPE","5x10FT PVC Foam Core Pipe (Plain End)","1","1","0","02-PVCF"
"P14010","PVC PIPE","6x10FT PVC Foam Core Pipe (Plain End)","26","26","0","02-PVCF"
"P14011","PVC PIPE","1-1/2x20FT PVC Foam Core Pipe (Plain End)","221","221","0","02-PVCF"
"P14012","PVC PIPE","2x20FT PVC Foam Core Pipe (Plain End)","140","140","0","02-PVCF"
"P14013","PVC PIPE","3x20FT PVC Foam Core Pipe (Plain End)","63","63","0","02-PVCF"
"P14014","PVC PIPE","4x20FT PVC Foam Core Pipe (Plain End)","57","57","0","02-PVCF"
"P14015","PVC PIPE","5x20FT PVC Foam Core Pipe (Plain End)","1","1","0","02-PVCF"
"P14016","PVC PIPE","6x20FT PVC Foam Core Pipe (Plain End)","26","26","0","02-PVCF"
"P14023","PVC PIPE","1-1/2x10FT PVC Foam Core Pipe (Bell End)","221","221","0","02-PVCF"
"P14024","PVC PIPE","2x10FT PVC Foam Core Pipe (Bell End)","140","140","0","02-PVCF"
"P14025","PVC PIPE","3x10FT PVC Foam Core Pipe (Bell End)","63","63","0","02-PVCF"
"P14026","PVC PIPE","4x10FT PVC Foam Core Pipe (Bell End)","57","57","0","02-PVCF"
"P14027","PVC PIPE","5x10FT PVC Foam Core Pipe (Bell End)","1","1","0","02-PVCF"
"P14028","PVC PIPE","6x10FT PVC Foam Core Pipe (Bell End)","26","26","0","02-PVCF"
"P14029","PVC PIPE","1-1/2x20FT PVC Foam Core Pipe (Bell End)","221","221","0","02-PVCF"
"P14030","PVC PIPE","2x20FT PVC Foam Core Pipe (Bell End)","140","140","0","02-PVCF"
"P14031","PVC PIPE","3x20FT PVC Foam Core Pipe (Bell End)","63","63","0","02-PVCF"
"P14032","PVC PIPE","4x20FT PVC Foam Core Pipe (Bell End)","57","57","0","02-PVCF"
"P14033","PVC PIPE","5x20FT PVC Foam Core Pipe (Bell End)","1","1","0","02-PVCF"
"P14034","PVC PIPE","6x20FT PVC Foam Core Pipe (Bell End)","26","26","0","02-PVCF"
"P14035","PVC PIPE","8x10FT PVC Foam Core Pipe (Plain End)","14","14","0","02-PVCF"
"P14036","PVC PIPE","8x20FT PVC Foam Core Pipe (Plain End)","14","14","-28","02-PVCF"
"P14037","PVC PIPE","8x20FT PVC Sch40 Pipe (Plain End)","14","14","0","01-PVC40"
"P14038","PVC PIPE","2-1/2x20FT PVC Sch40 Pipe (Belled End)","","","0","01-PVC40"
"P9986","PVC PIPE","1-1/2x10FT PVC Sch40 Pipe (Plain End)","221","221","34","01-PVC40"
"P10902","PVC PIPE","2x10FT PVC Sch40 Pipe (Plain End)","700","1,540","92","01-PVC40"
"P11480","PVC PIPE","1x10FT PVC Sch40 Pipe (Plain End)","280","560","0","01-PVC40"
"P11545","PVC PIPE","3x10FT PVC Sch40 Pipe (Plain End)","315","504","0","01-PVC40"
"P11546","PVC PIPE","4x10FT PVC Sch40 Pipe (Plain End)","171","285","30","01-PVC40"
"P12183","PVC S40","1-1/2x1-1/4 PVC Sch40 Flush Bushing (SPIGxF)","150","150","100","C04-09D"
"P12184","PVC S40","1x3/4 PVC Sch40 Flush Bushing (SPIGxF)","400","400","500","C06-10D"
"P12185","PVC S40","3/4x1/2 PVC Sch40 Flush Bushing (SPIGxF)","800","800","800","C06-02D"
"P12191","PVC S40","2x1-1/2 PVC Sch40 Flush Bushing (SPIGxS)","160","320","110","C06-04D"
"P12301","PVC S40","1-1/4 PVC Sch40 90 Elbow (1/4)","150","300","350","C08-21C"
"P12302","PVC S40","1-1/4 PVC Sch40 CPLG","150","300","475","C06-08D"
"P12329","PVC S40","1-1/4 PVC Sch40 Tee","100","100","50","C06-12C"
"P12338","PVC S40","1-1/4x1 PVC Sch40 Flush Bushing (SPIGxS)","300","300","300","C06-06D"
"P12340","PVC S40","1/2 PVC Sch40 Plug (SPIG)","1200","1200","400","C04-14D"
"P12341","PVC S40","3/4 PVC Sch40 Plug (SPIG)","600","600","0","C06-04E"
"P12342","PVC S40","2 PVC Sch40 45 STR Elbow (1/8)","100","100","50","C04-13D"
"P12351","PVC S40","3/4 PVC Sch40 Plug (M)","1200","1200","1000","C06-08E"
"P12357","PVC S40","3/4x1/2 PVC Sch40 T.T. Flush Bushing (MxF)","600","600","50","C06-12E"
"P12358","PVC S40","1-1/2x1-1/4 PVC Sch40 T.T. Flush Bushing (MxF)","200","200","100","C06-06F"
"P12736","PVC S40","3/4x1/2 PVC Sch40 Red. CPLG","400","400","800","C06-08D"
"P12742","PVC S40","1-1/4 PVC Sch40 45 Elbow (1/8)","150","150","300","C06-12D"
"P12760","PVC S40","1-1/4x3/4 PVC Sch40 Flush Bushing (SPIGxS)","300","300","0","C06-06D"
"P12765","PVC S40","1 PVC Sch40 90 Elbow (1/4) (SxF)","300","300","350","C06-04E"
"P12883","PVC S40","1-1/2 PVC Sch40 Cap","300","450","400","C08-21F"
"P12884","PVC S40","2 PVC Sch40 Cap","240","400","510","C08-21F"
"P12907","PVC S40","3 PVC Sch40 Tee","30","40","90","C06-02D"
"P12928","PVC S40","2x3/4 PVC Sch40 Flush Bushing (SPIGxF)","120","120","860","C06-12E"
"P12961","PVC S40","1-1/2x1/2 PVC Sch40 Flush Bushing (SPIGxF)","150","150","0","C06-10E"
"P12993","PVC S40","1x3/4 PVC Sch40 Red. Fem ADPT (SxF)","200","200","0","C04-13D"
"P13470","PVC S40","2 PVC Sch40 Plug (M)","120","120","0","C04-14D"
"P13471","PVC S40","3x2 PVC Sch40 Flush Bushing (SPIGxS)","40","80","80","C06-10D"
"P13472","PVC S40","1/2x1/4 PVC Sch40 Flush Bushing (SPIGxF)","1200","2400","0","C04-26D"
"P13567","PVC S40","1-1/4 PVC Sch40 Male ADPT (MxS)","150","150","0","C06-06D"
"P13569","PVC S40","4x3 PVC Sch40 Flush Bushing (SPIGxS)","24","24","12","C06-06F"
"P13570","PVC S40","4x2 PVC Sch40 Flush Bushing (SPIGxS)","24","24","6","C06-02D"
"P13572","PVC S40","6 PVC Sch40 Male ADPT (MxS)","12","24","6","C04-13D"
"P15227","PVC S40","3/8 PVC Sch40 Tee","800","1600","0","C04-15D"
"P15228","PVC S40","2-1/2 PVC Sch40 Tee","10","10","0","C04-12D"
"P15230","PVC S40","4 PVC Sch40 Tee","18","30","6","C06-08C"
"P15231","PVC S40","5 PVC Sch40 Tee","10","20","0","C04-15D"
"P15232","PVC S40","6 PVC Sch40 Tee","6","10","2","C06-08C"
"P15233","PVC S40","8 PVC Sch40 Tee","5","5","0","C04-09D"
"P15234","PVC S40","3/8x3/8x1/2 PVC Sch40 Tee","800","1600","0","C04-15D"
"P15235","PVC S40","1/2x1/2x3/4 PVC Sch40 Tee","400","800","0","C04-15D"
"P15236","PVC S40","1/2x1/2x1 PVC Sch40 Tee","400","800","0","C04-15D"
"P15237","PVC S40","3/4x1/2x1/2 PVC Sch40 Tee","400","800","0","C04-15D"
"P15238","PVC S40","3/4x1/2x3/4 PVC Sch40 Tee","600","1200","0","C04-15D"
"P15239","PVC S40","3/4x3/4x1 PVC Sch40 Tee","400","800","0","C04-15D"
"P15240","PVC S40","1x1/2x1 PVC Sch40 Tee","400","800","0","C04-15D"
"P15241","PVC S40","1x3/4x1/2 PVC Sch40 Tee","600","1200","0","C04-15D"
"P15242","PVC S40","1x3/4x1 PVC Sch40 Tee","400","800","0","C04-15D"
"P15243","PVC S40","1x1x1/2 PVC Sch40 Tee","400","800","0","C04-10D"
"P15244","PVC S40","1x1x1-1/4 PVC Sch40 Tee","300","600","0","C04-15D"
"P15245","PVC S40","1x1x1-1/2 PVC Sch40 Tee","200","400","0","C04-15D"
"P15246","PVC S40","1x1x2 PVC Sch40 Tee","200","400","0","C04-15D"
"P15247","PVC S40","1-1/4x1x1/2 PVC Sch40 Tee","300","600","0","C04-15D"
"P15248","PVC S40","1-1/4x1x3/4 PVC Sch40 Tee","300","600","0","C04-15D"
"P15249","PVC S40","1-1/4x1x1 PVC Sch40 Tee","300","600","0","C04-15D"
"P15250","PVC S40","1-1/4x1-1/4x1/2 PVC Sch40 Tee","300","600","0","C04-15D"
"P15251","PVC S40","1-1/4x1-1/4x3/4 PVC Sch40 Tee","200","400","75","C04-11D"
"P15252","PVC S40","1-1/4x1-1/4x1 PVC Sch40 Tee","100","100","0","C04-10D"
"P15253","PVC S40","1-1/4x1-1/4x1-1/2 PVC Sch40 Tee","200","400","0","C04-15D"
"P15254","PVC S40","1-1/2x1-1/4x1/2 PVC Sch40 Tee","300","600","0","C04-15D"
"P15255","PVC S40","1-1/2x1-1/4x3/4 PVC Sch40 Tee","300","600","0","C04-15D"
"P15256","PVC S40","1-1/2x1-1/4x1 PVC Sch40 Tee","200","400","0","C04-15D"
"P15257","PVC S40","1-1/2x1-1/4x1-1/4 PVC Sch40 Tee","200","400","0","C04-16D"
"P15258","PVC S40","1-1/2x1-1/2x1-1/4 PVC Sch40 Tee","200","400","0","C04-16D"
"P15259","PVC S40","1-1/2x1-1/2x2 PVC Sch40 Tee","60","60","30","C06-06E"
"P15260","PVC S40","2x1x2 PVC Sch40 Tee","80","160","0","C04-16D"
"P15261","PVC S40","2x1-1/2x3/4 PVC Sch40 Tee","80","160","0","C04-16D"
"P15262","PVC S40","2x1-1/2x1 PVC Sch40 Tee","120","240","0","C04-16D"
"P15263","PVC S40","2x2x1/2 PVC Sch40 Tee","40","40","40","C04-11D"
"P15264","PVC S40","2x2x3/4 PVC Sch40 Tee","40","40","40","C04-10D"
"P15265","PVC S40","2x2x1 PVC Sch40 Tee","60","60","90","C06-06E"
"P15266","PVC S40","2x2x1-1/4 PVC Sch40 Tee","120","240","0","C04-12D"
"P15267","PVC S40","2-1/2x2-1/2x1/2 PVC Sch40 Tee","80","160","0","C04-16D"
"P15268","PVC S40","2-1/2x2-1/2x3/4 PVC Sch40 Tee","80","160","0","C04-16D"
"P15269","PVC S40","2-1/2x2-1/2x1 PVC Sch40 Tee","80","160","0","C04-16D"
"P15270","PVC S40","2-1/2x2-1/2x1-1/4 PVC Sch40 Tee","80","160","0","C04-16D"
"P15271","PVC S40","2-1/2x2-1/2x1-1/2 PVC Sch40 Tee","80","160","0","C04-16D"
"P15272","PVC S40","2-1/2x2-1/2x2 PVC Sch40 Tee","64","128","0","C04-16D"
"P15273","PVC S40","3x3x1/2 PVC Sch40 Tee","64","128","0","C04-16D"
"P15274","PVC S40","3x3x3/4 PVC Sch40 Tee","20","40","0","C04-16D"
"P15275","PVC S40","3x3x1 PVC Sch40 Tee","10","10","20","C06-04F"
"P15276","PVC S40","3x3x1-1/4 PVC Sch40 Tee","32","32","32","C06-10F"
"P15277","PVC S40","3x3x2-1/2 PVC Sch40 Tee","20","40","0","C04-16D"
"P15278","PVC S40","4x4x3/4 PVC Sch40 Tee","48","96","0","C04-16D"
"P15279","PVC S40","4x4x1 PVC Sch40 Tee","48","96","0","C04-16D"
"P15280","PVC S40","4x4x1-1/4 PVC Sch40 Tee","20","40","0","C04-16D"
"P15281","PVC S40","5x5x2 PVC Sch40 Tee","10","20","0","C04-16D"
"P15282","PVC S40","5x5x3 PVC Sch40 Tee","16","32","0","C04-16D"
"P15283","PVC S40","5x5x4 PVC Sch40 Tee","12","24","0","C04-17D"
"P15284","PVC S40","6x6x2 PVC Sch40 Tee","12","24","0","C04-17D"
"P15285","PVC S40","6x6x3 PVC Sch40 Tee","10","20","0","C04-17D"
"P15286","PVC S40","6x6x4 PVC Sch40 Tee","10","15","0","C06-10F"
"P15287","PVC S40","8x8x4 PVC Sch40 Tee","8","8","0","C04-12D"
"P15288","PVC S40","8x8x6 PVC Sch40 Tee","5","5","5","C06-08F"
"P15289","PVC S40","10x10x4 PVC Sch40 Tee","24","48","0","C04-17D"
"P15290","PVC S40","10x10x6 PVC Sch40 Tee","24","48","0","C04-17D"
"P15291","PVC S40","1/2 PVC Sch40 Tee (SxSxF)","300","300","250","C04-12D"
"P15292","PVC S40","1 PVC Sch40 Tee (SxSxF)","400","800","50","C04-15D"
"P15293","PVC S40","1-1/4 PVC Sch40 Tee (SxSxF)","200","400","0","C04-12D"
"P15294","PVC S40","1-1/2 PVC Sch40 Tee (SxSxF)","200","400","125","C04-15D"
"P15295","PVC S40","2 PVC Sch40 Tee (SxSxF)","120","240","0","C04-17D"
"P15296","PVC S40","2-1/2 PVC Sch40 Tee (SxSxF)","30","60","0","C04-17D"
"P15297","PVC S40","3 PVC Sch40 Tee (SxSxF)","20","40","0","C04-17D"
"P15298","PVC S40","4 PVC Sch40 Tee (SxSxF)","12","24","0","C04-17D"
"P15299","PVC S40","1/2x1/2x1/8 PVC Sch40 Tee (SxSxF)","400","800","0","C04-17D"
"P15300","PVC S40","1/2x1/2x1/4 PVC Sch40 Tee (SxSxF)","800","1600","0","C04-17D"
"P15301","PVC S40","1/2x1/2x3/4 PVC Sch40 Tee (SxSxF)","400","800","0","C04-17D"
"P15302","PVC S40","3/4x1/2x1/2 PVC Sch40 Tee (SxSxF)","400","800","0","C04-17D"
"P15303","PVC S40","3/4x1/2x3/4 PVC Sch40 Tee (SxSxF)","600","1200","0","C04-17D"
"P15304","PVC S40","3/4x3/4x1/2 PVC Sch40 Tee (SxSxF)","400","800","0","C04-17D"
"P15305","PVC S40","1x3/4x1/2 PVC Sch40 Tee (SxSxF)","600","1200","0","C04-17D"
"P15306","PVC S40","1x3/4x3/4 PVC Sch40 Tee (SxSxF)","480","960","0","C04-17D"
"P15307","PVC S40","1x1x1/2 PVC Sch40 Tee (SxSxF)","400","800","0","C04-17D"
"P15308","PVC S40","1x1x3/4 PVC Sch40 Tee (SxSxF)","200","200","0","C04-12D"
"P15309","PVC S40","1-1/4x1x1/2 PVC Sch40 Tee (SxSxF)","200","400","0","C04-17D"
"P15310","PVC S40","1-1/4x1x3/4 PVC Sch40 Tee (SxSxF)","300","600","0","C04-17D"
"P15311","PVC S40","1-1/4x1x1 PVC Sch40 Tee (SxSxF)","300","600","0","C04-18D"
"P15312","PVC S40","1-1/4x1-1/4x1/2 PVC Sch40 Tee (SxSxF)","300","600","0","C04-18D"
"P15313","PVC S40","1-1/4x1-1/4x3/4 PVC Sch40 Tee (SxSxF)","300","600","0","C04-18D"
"P15314","PVC S40","1-1/4x1-1/4x1 PVC Sch40 Tee (SxSxF)","300","600","0","C04-18D"
"P15315","PVC S40","1-1/2x1-1/4x1/2 PVC Sch40 Tee (SxSxF)","300","600","0","C04-18D"
"P15316","PVC S40","1-1/2x1-1/4x3/4 PVC Sch40 Tee (SxSxF)","300","600","0","C04-18D"
"P15317","PVC S40","1-1/2x1-1/4x1 PVC Sch40 Tee (SxSxF)","300","600","0","C04-18D"
"P15318","PVC S40","1-1/2x1-1/2x1/2 PVC Sch40 Tee (SxSxF)","300","600","0","C04-18D"
"P15319","PVC S40","1-1/2x1-1/2x3/4 PVC Sch40 Tee (SxSxF)","200","400","175","C04-16D"
"P15320","PVC S40","1-1/2x1-1/2x1 PVC Sch40 Tee (SxSxF)","200","400","0","C04-18D"
"P15321","PVC S40","1-1/2x1-1/2x1-1/4 PVC Sch40 Tee (SxSxF)","200","400","0","C04-18D"
"P15322","PVC S40","2x1-1/2x1 PVC Sch40 Tee (SxSxF)","80","160","0","C04-18D"
"P15323","PVC S40","2x2x1/2 PVC Sch40 Tee (SxSxF)","80","160","0","C04-18D"
"P15324","PVC S40","2x2x3/4 PVC Sch40 Tee (SxSxF)","60","60","90","C04-11D"
"P15325","PVC S40","2x2x1 PVC Sch40 Tee (SxSxF)","40","40","10","C04-16D"
"P15326","PVC S40","2x2x1-1/4 PVC Sch40 Tee (SxSxF)","120","240","0","C04-18D"
"P15327","PVC S40","2x2x1-1/2 PVC Sch40 Tee (SxSxF)","120","240","0","C04-18D"
"P15328","PVC S40","2-1/2x2-1/2x1/2 PVC Sch40 Tee (SxSxF)","80","160","0","C04-18D"
"P15329","PVC S40","2-1/2x2-1/2x3/4 PVC Sch40 Tee (SxSxF)","80","160","0","C04-18D"
"P15330","PVC S40","2-1/2x2-1/2x1 PVC Sch40 Tee (SxSxF)","80","160","0","C04-18D"
"P15331","PVC S40","2-1/2x2-1/2x1-1/4 PVC Sch40 Tee (SxSxF)","80","160","0","C04-18D"
"P15332","PVC S40","2-1/2x2-1/2x1-1/2 PVC Sch40 Tee (SxSxF)","80","160","0","C04-18D"
"P15333","PVC S40","2-1/2x2-1/2x2 PVC Sch40 Tee (SxSxF)","64","128","0","C04-18D"
"P15334","PVC S40","3x3x1/2 PVC Sch40 Tee (SxSxF)","64","128","0","C04-19D"
"P15335","PVC S40","3x3x3/4 PVC Sch40 Tee (SxSxF)","64","128","0","C04-19D"
"P15336","PVC S40","3x3x1 PVC Sch40 Tee (SxSxF)","32","32","40","C04-16D"
"P15337","PVC S40","3x3x1-1/4 PVC Sch40 Tee (SxSxF)","64","128","0","C04-19D"
"P15338","PVC S40","3x3x1-1/2 PVC Sch40 Tee (SxSxF)","20","40","0","C04-19D"
"P15339","PVC S40","3x3x2 PVC Sch40 Tee (SxSxF)","48","96","18","C04-11D"
"P15340","PVC S40","4x4x3/4 PVC Sch40 Tee (SxSxF)","48","96","0","C04-19D"
"P15341","PVC S40","4x4x1 PVC Sch40 Tee (SxSxF)","48","96","0","C04-19D"
"P15342","PVC S40","4x4x1-1/4 PVC Sch40 Tee (SxSxF)","20","40","0","C04-19D"
"P15343","PVC S40","4x4x1-1/2 PVC Sch40 Tee (SxSxF)","20","40","0","C04-19D"
"P15344","PVC S40","4x4x2 PVC Sch40 Tee (SxSxF)","20","40","0","C04-19D"
"P15345","PVC S40","4x4x3 PVC Sch40 Tee (SxSxF)","12","24","0","C04-16D"
"P15346","PVC S40","5x5x4 PVC Sch40 Tee (SxSxF)","12","24","0","C04-19D"
"P15347","PVC S40","6x6x1 PVC Sch40 Tee (SxSxF)","12","24","0","C04-19D"
"P15348","PVC S40","6x6x2 PVC Sch40 Tee (SxSxF)","8","16","0","C04-19D"
"P15349","PVC S40","6x6x3 PVC Sch40 Tee (SxSxF)","8","16","0","C04-19D"
"P15350","PVC S40","6x6x4 PVC Sch40 Tee (SxSxF)","4","8","0","C04-19D"
"P15351","PVC S40","1/2 PVC Sch40 Tee (SxFxS)","600","1200","0","C04-19D"
"P15352","PVC S40","3/4 PVC Sch40 Tee (SxFxS)","300","300","100","C04-11D"
"P15353","PVC S40","1/2 PVC Sch40 90 STR Elbow (1/4) (SPIGxF)","800","1600","0","C04-19D"
"P15354","PVC S40","3/4 PVC Sch40 90 STR Elbow (1/4) (SPIGxF)","600","1200","0","C04-19D"
"P15355","PVC S40","1/2 PVC Sch40 Tee (FxFxF)","600","1200","0","C04-19D"
"P15356","PVC S40","3/4 PVC Sch40 Tee (FxFxF)","400","800","0","C04-12D"
"P15357","PVC S40","1 PVC Sch40 Tee (FxFxF)","200","200","0","C04-08D"
"P15358","PVC S40","1-1/4 PVC Sch40 Tee (FxFxF)","300","600","0","C04-19D"
"P15359","PVC S40","1-1/2 PVC Sch40 Tee (FxFxF)","200","400","0","C04-19D"
"P15360","PVC S40","2 PVC Sch40 Tee (FxFxF)","120","240","0","C04-20D"
"P15361","PVC S40","3/8 PVC Sch40 90 Elbow (1/4)","1200","2400","0","C04-20D"
"P15362","PVC S40","2-1/2 PVC Sch40 90 Elbow (1/4)","40","40","0","C04-12D"
"P15363","PVC S40","4 PVC Sch40 90 Elbow (1/4)","24","32","34","C06-04C"
"P15364","PVC S40","5 PVC Sch40 90 Elbow (1/4)","8","16","0","C04-20D"
"P15365","PVC S40","6 PVC Sch40 90 Elbow (1/4)","12","21","48","C06-04C"
"P15366","PVC S40","8 PVC Sch40 90 Elbow (1/4)","8","12","8","C06-04E"
"P15368","PVC S40","2 PVC Sch40 90 Sweep Elbow (1/4)","60","60","0","C04-08D"
"P15369","PVC S40","2-1/2 PVC Sch40 90 Sweep Elbow (1/4)","30","60","0","C04-20D"
"P15370","PVC S40","3 PVC Sch40 90 Sweep Elbow (1/4)","50","100","25","C04-16D"
"P15371","PVC S40","3/8x1/2 PVC Sch40 90 Elbow (1/4)","800","1600","0","C04-20D"
"P15372","PVC S40","3/4x1/2 PVC Sch40 90 Elbow (1/4)","600","1200","0","C04-12D"
"P15373","PVC S40","1x1/2 PVC Sch40 90 Elbow (1/4)","600","1200","0","C04-20D"
"P15374","PVC S40","1x3/4 PVC Sch40 90 Elbow (1/4)","300","300","150","C04-12D"
"P15375","PVC S40","1-1/4x1/2 PVC Sch40 90 Elbow (1/4)","300","600","0","C04-20D"
"P15376","PVC S40","1-1/4x3/4 PVC Sch40 90 Elbow (1/4)","300","600","0","C04-13D"
"P15377","PVC S40","1-1/4x1 PVC Sch40 90 Elbow (1/4)","300","600","0","C04-20D"
"P15378","PVC S40","1-1/2x1/2 PVC Sch40 90 Elbow (1/4)","200","400","400","C04-20D"
"P15379","PVC S40","1-1/2x1 PVC Sch40 90 Elbow (1/4)","200","400","0","C04-20D"
"P15380","PVC S40","1-1/2x1-1/4 PVC Sch40 90 Elbow (1/4)","200","400","0","C04-20D"
"P15381","PVC S40","2x1 PVC Sch40 90 Elbow (1/4)","80","160","0","C04-20D"
"P15382","PVC S40","2x1-1/4 PVC Sch40 90 Elbow (1/4)","80","160","0","C04-20D"
"P15383","PVC S40","2x1-1/2 PVC Sch40 90 Elbow (1/4)","80","160","0","C04-20D"
"P15384","PVC S40","2-1/2x2 PVC Sch40 90 Elbow (1/4)","80","160","0","C04-20D"
"P15385","PVC S40","1/2 PVC Sch40 90 Elbow (1/4) (SxF)","400","400","50","C04-13D"
"P15387","PVC S40","1-1/4 PVC Sch40 90 Elbow (1/4) (SxF)","150","150","175","C06-02F"
"P15388","PVC S40","2-1/2 PVC Sch40 90 Elbow (1/4) (SxF)","72","144","0","C04-20D"
"P15389","PVC S40","3 PVC Sch40 90 Elbow (1/4) (SxF)","48","96","0","C04-20D"
"P15390","PVC S40","4 PVC Sch40 90 Elbow (1/4) (SxF)","14","28","0","C04-20D"
"P15391","PVC S40","3/8x1/2 PVC Sch40 90 Elbow (1/4) (SxF)","800","1600","0","C04-20D"
"P15392","PVC S40","1/2x3/4 PVC Sch40 90 Elbow (1/4) (SxF)","600","1200","0","C04-20D"
"P15393","PVC S40","3/4x1/2 PVC Sch40 90 Elbow (1/4) (SxF)","600","1200","0","C04-20D"
"P15394","PVC S40","1x1/2 PVC Sch40 90 Elbow (1/4) (SxF)","200","200","0","C04-21D"
"P15395","PVC S40","1x3/4 PVC Sch40 90 Elbow (1/4) (SxF)","600","1200","0","C04-21D"
"P15396","PVC S40","1-1/4x1 PVC Sch40 90 Elbow (1/4) (SxF)","200","400","0","C04-21D"
"P15397","PVC S40","1-1/2x1 PVC Sch40 90 Elbow (1/4) (SxF)","200","400","0","C04-21D"
"P15398","PVC S40","1-1/2x1-1/4 PVC Sch40 90 Elbow (1/4) (SxF)","120","240","0","C04-21D"
"P15399","PVC S40","2x1 PVC Sch40 90 Elbow (1/4) (SxF)","80","160","0","C04-21D"
"P15400","PVC S40","2x1-1/4 PVC Sch40 90 Elbow (1/4) (SxF)","80","160","4767","C04-21D"
"P15401","PVC S40","2x1-1/2 PVC Sch40 90 Elbow (1/4) (SxF)","80","160","0","C04-21D"
"P15402","PVC S40","1/2 PVC Sch40 90 Elbow (1/4) (FxF)","800","1600","300","C04-16D"
"P15403","PVC S40","3/4 PVC Sch40 90 Elbow (1/4) (FxF)","600","1200","0","C04-21D"
"P15404","PVC S40","1 PVC Sch40 90 Elbow (1/4) (FxF)","300","300","0","C04-13D"
"P15405","PVC S40","1-1/4 PVC Sch40 90 Elbow (1/4) (FxF)","300","600","0","C04-21D"
"P15406","PVC S40","1-1/2 PVC Sch40 90 Elbow (1/4) (FxF)","280","560","0","C04-21D"
"P15407","PVC S40","2 PVC Sch40 90 Elbow (1/4) (FxF)","120","240","0","C04-21D"
"P15408","PVC S40","1-1/4 PVC Sch40 90 STR Elbow (1/4) (SPIGxS)","150","150","25","C06-02C"
"P15409","PVC S40","2-1/2 PVC Sch40 90 STR Elbow (1/4) (SPIGxS)","80","160","0","C04-21D"
"P15410","PVC S40","3 PVC Sch40 90 STR Elbow (1/4) (SPIGxS)","30","60","0","C04-13D"
"P15411","PVC S40","4 PVC Sch40 90 STR Elbow (1/4) (SPIGxS)","10","10","30","C06-02F"
"P15412","PVC S40","6 PVC Sch40 90 STR Elbow (1/4) (SPIGxS)","10","20","0","C04-21D"
"P15413","PVC S40","1/2 PVC Sch40 90 STR Elbow (1/4) (MxS)","800","1600","0","C04-21D"
"P15414","PVC S40","3/4 PVC Sch40 90 STR Elbow (1/4) (MxS)","200","200","-100","C06-12D"
"P15415","PVC S40","1-1/4 PVC Sch40 90 STR Elbow (1/4) (MxS)","200","400","0","C04-21D"
"P15418","PVC S40","3/4x1/2 PVC Sch40 90 STR Elbow (1/4) (MxS)","600","1200","0","C04-21D"
"P15419","PVC S40","3/4x1 PVC Sch40 90 STR Elbow (1/4) (MxS)","400","800","0","C04-21D"
"P15420","PVC S40","10 PVC Sch40 11 Elbow (1/32)","4","8","0","C04-21D"
"P15421","PVC S40","12 PVC Sch40 11 Elbow (1/32)","4","8","0","C04-13D"
"P15422","PVC S40","1/2 PVC Sch40 90 STR Elbow (1/4) (MxF)","800","1600","0","C04-22D"
"P15423","PVC S40","3/4 PVC Sch40 90 STR Elbow (1/4) (MxF)","600","1200","0","C04-22D"
"P15424","PVC S40","1 PVC Sch40 90 STR Elbow (1/4) (MxF)","300","300","200","C06-06E"
"P15425","PVC S40","1-1/4 PVC Sch40 90 STR Elbow (1/4) (MxF)","200","400","0","C04-22D"
"P15426","PVC S40","1-1/2 PVC Sch40 90 STR Elbow (1/4) (MxF)","300","600","0","C04-22D"
"P15427","PVC S40","2 PVC Sch40 90 STR Elbow (1/4) (MxF)","80","160","0","C04-22D"
"P15428","PVC S40","1/2 PVC Sch40 S.O. Elbow","600","1200","0","C04-22D"
"P15429","PVC S40","3/4 PVC Sch40 S.O. Elbow","600","1200","0","C04-22D"
"P15430","PVC S40","1 PVC Sch40 S.O. Elbow","160","320","0","C04-22D"
"P15431","PVC S40","1-1/2 PVC Sch40 S.O. Elbow","120","240","0","C04-22D"
"P15432","PVC S40","2 PVC Sch40 S.O. Elbow","80","160","0","C04-22D"
"P15435","PVC S40","3/4x3/4x1/2 PVC Sch40 S.O. Elbow","400","800","50","C14-17D"
"P15437","PVC S40","1x1x1/2 PVC Sch40 S.O. Elbow","400","800","0","C04-22D"
"P15438","PVC S40","1-1/2 PVC Sch40 22 Elbow (1/16)","80","80","100","C06-12D"
"P15439","PVC S40","2 PVC Sch40 22 Elbow (1/16)","120","120","180","C06-12D"
"P15440","PVC S40","2-1/2 PVC Sch40 22 Elbow (1/16)","60","60","60","C04-12D"
"P15441","PVC S40","3 PVC Sch40 22 Elbow (1/16)","20","20","20","C06-02E"
"P15442","PVC S40","4 PVC Sch40 22 Elbow (1/16)","12","12","12","C06-08F"
"P15443","PVC S40","6 PVC Sch40 22 Elbow (1/16)","4","4","4","C06-08F"
"P15444","PVC S40","10 PVC Sch40 22 Elbow (1/16)","2","4","0","C04-10D"
"P15445","PVC S40","2-1/2 PVC Sch40 45 Elbow (1/8)","40","40","60","C06-02F"
"P15446","PVC S40","5 PVC Sch40 45 Elbow (1/8)","20","40","0","C04-22D"
"P15447","PVC S40","6 PVC Sch40 45 Elbow (1/8)","10","20","10","C06-02E"
"P15448","PVC S40","8 PVC Sch40 45 Elbow (1/8)","6","6","-6","C06-10F"
"P15449","PVC S40","10 PVC Sch40 45 Elbow (1/8)","4","4","0","C04-10D"
"P15450","PVC S40","2 PVC Sch40 Deep Socket 45 Elbow (1/8)","160","320","80","C14-17D"
"P15451","PVC S40","2-1/2 PVC Sch40 Deep Socket 45 Elbow (1/8)","20","40","0","C04-22D"
"P15452","PVC S40","3 PVC Sch40 Deep Socket 45 Elbow (1/8)","25","25","50","C04-08D"
"P15453","PVC S40","1/2 PVC Sch40 Cross","400","800","0","C04-22D"
"P15454","PVC S40","3/4 PVC Sch40 Cross","400","800","0","C04-22D"
"P15455","PVC S40","1 PVC Sch40 Cross","200","400","0","C04-22D"
"P15456","PVC S40","1-1/4 PVC Sch40 Cross","100","200","0","C06-02F"
"P15457","PVC S40","1-1/2 PVC Sch40 Cross","25","25","25","C04-08D"
"P15458","PVC S40","2 PVC Sch40 Cross","32","32","24","C06-10D"
"P15459","PVC S40","2-1/2 PVC Sch40 Cross","20","40","0","C04-22D"
"P15460","PVC S40","3 PVC Sch40 Cross","6","12","24","C06-06E"
"P15461","PVC S40","4 PVC Sch40 Cross","6","6","0","C04-23D"
"P15462","PVC S40","6 PVC Sch40 Cross","4","8","0","C04-23D"
"P15463","PVC S40","3/4x3/4x1/2x1/2 PVC Sch40 Cross","600","1200","0","C04-23D"
"P15464","PVC S40","2x2x1x1 PVC Sch40 Cross","40","40","10","C06-02E"
"P15465","PVC S40","2x2x1-1/2x1-1/2 PVC Sch40 Cross","80","160","0","C04-23D"
"P15466","PVC S40","3x3x1x1 PVC Sch40 Cross","18","18","18","C04-08D"
"P15467","PVC S40","3x3x1-1/2x1-1/2 PVC Sch40 Cross","30","60","0","C04-23D"
"P15468","PVC S40","3x3x2x2 PVC Sch40 Cross","24","48","0","C04-23D"
"P15469","PVC S40","4x4x1-1/2x1-1/2 PVC Sch40 Cross","16","32","0","C04-23D"
"P15470","PVC S40","4x4x2x2 PVC Sch40 Cross","12","24","0","C04-23D"
"P15471","PVC S40","4x4x3x3 PVC Sch40 Cross","10","20","0","C04-23D"
"P15472","PVC S40","6x6x2x2 PVC Sch40 Cross","6","12","0","C04-23D"
"P15473","PVC S40","6x6x4x4 PVC Sch40 Cross","4","8","0","C04-23D"
"P15475","PVC S40","1-1/4 PVC Sch40 45 STR Elbow (1/8)","100","100","25","C06-08F"
"P15476","PVC S40","2-1/2 PVC Sch40 45 STR Elbow (1/8)","80","160","0","C04-23D"
"P15477","PVC S40","3 PVC Sch40 45 STR Elbow (1/8)","30","30","30","C04-23D"
"P15478","PVC S40","4 PVC Sch40 45 STR Elbow (1/8)","40","80","0","C04-23D"
"P15479","PVC S40","6 PVC Sch40 45 STR Elbow (1/8)","16","32","0","C04-23D"
"P15480","PVC S40","8 PVC Sch40 45 STR Elbow (1/8)","4","8","0","C04-23D"
"P15481","PVC S40","10 PVC Sch40 45 STR Elbow (1/8)","8","16","0","C04-23D"
"P15482","PVC S40","3/8 PVC Sch40 CPLG","1200","2400","0","C04-23D"
"P15483","PVC S40","2-1/2 PVC Sch40 CPLG","72","72","60","C04-08D"
"P15484","PVC S40","5 PVC Sch40 CPLG","15","15","0","C04-13D"
"P15485","PVC S40","8 PVC Sch40 CPLG","8","8","8","C06-08F"
"P15486","PVC S40","10 PVC Sch40 CPLG","16","32","0","C04-23D"
"P15487","PVC S40","12 PVC Sch40 CPLG","4","8","0","C04-23D"
"P15488","PVC S40","1-1/4x3/4 PVC Sch40 Red. CPLG","150","150","75","C06-06E"
"P15489","PVC S40","1-1/4x1 PVC Sch40 Red. CPLG","150","150","50","C06-08D"
"P15490","PVC S40","1-1/2x1-1/4 PVC Sch40 Red. CPLG","100","100","50","C06-06E"
"P15491","PVC S40","2-1/2x1-1/2 PVC Sch40 Red. CPLG","40","40","40","C04-12D"
"P15492","PVC S40","2-1/2x2 PVC Sch40 Red. CPLG","80","160","0","C04-13D"
"P15493","PVC S40","3x2-1/2 PVC Sch40 Red. CPLG","64","128","0","C04-23D"
"P15494","PVC S40","4x2-1/2 PVC Sch40 Red. CPLG","48","96","0","C04-24D"
"P15495","PVC S40","6x2 PVC Sch40 Red. CPLG","20","40","0","C04-24D"
"P15496","PVC S40","6x3 PVC Sch40 Red. CPLG","30","60","0","C04-24D"
"P15497","PVC S40","6x4 PVC Sch40 Red. CPLG","15","20","0","C04-11D"
"P15498","PVC S40","8x4 PVC Sch40 Red. CPLG","24","48","0","C04-24D"
"P15499","PVC S40","8x6 PVC Sch40 Red. CPLG","24","48","0","C04-24D"
"P15500","PVC S40","10x6 PVC Sch40 Red. CPLG","16","32","0","C04-24D"
"P15501","PVC S40","10x8 PVC Sch40 Red. CPLG","16","32","0","C04-24D"
"P15502","PVC S40","12x8 PVC Sch40 Red. CPLG","6","12","0","C04-24D"
"P15503","PVC S40","12x10 PVC Sch40 Red. CPLG","6","12","0","C04-24D"
"P15504","PVC S40","1-1/4x1 PVC Sch40 Eccentric Red. CPLG","300","600","0","C04-24D"
"P15505","PVC S40","1-1/2x1-1/4 PVC Sch40 Eccentric Red. CPLG","200","400","0","C02-24D"
"P15506","PVC S40","2x1-1/2 PVC Sch40 Eccentric Red. CPLG","160","320","0","C04-24D"
"P15507","PVC S40","2-1/2x2 PVC Sch40 Eccentric Red. CPLG","120","240","0","C04-24D"
"P15508","PVC S40","3x2 PVC Sch40 Eccentric Red. CPLG","36","36","0","C04-12D"
"P15509","PVC S40","4x2 PVC Sch40 Eccentric Red. CPLG","30","60","0","C04-24D"
"P15510","PVC S40","4x2-1/2 PVC Sch40 Eccentric Red. CPLG","48","96","0","C04-24D"
"P15511","PVC S40","4x3 PVC Sch40 Eccentric Red. CPLG","24","48","0","C04-24D"
"P15512","PVC S40","6x2 PVC Sch40 Eccentric Red. CPLG","6","12","0","C04-24D"
"P15513","PVC S40","6x3 PVC Sch40 Eccentric Red. CPLG","6","12","0","C04-24D"
"P15514","PVC S40","6x4 PVC Sch40 Eccentric Red. CPLG","10","20","0","C04-24D"
"P15515","PVC S40","1/2 PVC Sch40 CPLG (FxF)","600","600","200","C04-08D"
"P15516","PVC S40","3/4 PVC Sch40 CPLG (FxF)","400","400","300","C06-06E"
"P15517","PVC S40","1 PVC Sch40 CPLG (FxF)","200","200","100","C06-12F"
"P15518","PVC S40","1-1/4 PVC Sch40 CPLG (FxF)","240","480","0","C04-24D"
"P15519","PVC S40","2 PVC Sch40 CPLG (FxF)","160","320","0","C04-24D"
"P15520","PVC S40","1x3/4 PVC Sch40 Red. CPLG (FxF)","600","1200","0","C04-25D"
"P15521","PVC S40","1/2 PVC Sch40 Riser Ext. (FxM)","600","600","300","C04-13D"
"P15522","PVC S40","3/4 PVC Sch40 Riser Ext. (FxM)","400","400","0","C04-09D"
"P15523","PVC S40","3/8 PVC Sch40 Fem ADPT (SxF)","2400","4800","0","C04-25D"
"P15524","PVC S40","1-1/4 PVC Sch40 Fem ADPT (SxF)","100","100","0","C06-06F"
"P15525","PVC S40","2-1/2 PVC Sch40 Fem ADPT (SxF)","80","160","0","C04-25D"
"P15526","PVC S40","3 PVC Sch40 Fem ADPT (SxF)","40","40","0","C04-11D"
"P15527","PVC S40","4 PVC Sch40 Fem ADPT (SxF)","72","144","6","C04-13D"
"P15528","PVC S40","1/2x1/4 PVC Sch40 Red. Fem ADPT (SxF)","1200","2400","0","C04-25D"
"P15529","PVC S40","1/2x3/8 PVC Sch40 Red. Fem ADPT (SxF)","1200","2400","0","C04-25D"
"P15530","PVC S40","1/2x3/4 PVC Sch40 Red. Fem ADPT (SxF)","600","600","450","C06-06F"
"P15531","PVC S40","3/4x1 PVC Sch40 Red. Fem ADPT (SxF)","400","800","0","C04-25D"
"P15532","PVC S40","1x1/2 PVC Sch40 Red. Fem ADPT (SxF)","400","800","0","C04-25D"
"P15533","PVC S40","1x1-1/2 PVC Sch40 Red. Fem ADPT (SxF)","300","600","0","C04-25D"
"P15534","PVC S40","1-1/4x1 PVC Sch40 Red. Fem ADPT (SxF)","200","400","0","C04-25D"
"P15535","PVC S40","3/8 PVC Sch40 Male ADPT (MxS)","1200","2400","0","C04-25D"
"P15536","PVC S40","2-1/2 PVC Sch40 Male ADPT (MxS)","40","40","0","C04-13D"
"P15537","PVC S40","3 PVC Sch40 Male ADPT (MxS)","60","60","0","C04-11D"
"P15538","PVC S40","3/8x1/2 PVC Sch40 Red. Male ADPT (MxS)","1200","2400","0","C04-25D"
"P15539","PVC S40","1/2x3/8 PVC Sch40 Red. Male ADPT (MxS)","1200","2400","0","C04-25D"
"P15540","PVC S40","1/2x3/4 PVC Sch40 Red. Male ADPT (MxS)","400","400","150","C06-06D"
"P15541","PVC S40","1/2x1 PVC Sch40 Red. Male ADPT (MxS)","480","960","0","C04-25D"
"P15542","PVC S40","1x1-1/4 PVC Sch40 Red. Male ADPT (MxS)","600","1200","0","C04-25D"
"P15543","PVC S40","1x1-1/2 PVC Sch40 Red. Male ADPT (MxS)","600","1200","0","C04-25D"
"P15544","PVC S40","1-1/4x1 PVC Sch40 Red. Male ADPT (MxS)","400","800","0","C04-25D"
"P15545","PVC S40","1-1/4x1-1/2 PVC Sch40 Red. Male ADPT (MxS)","300","600","0","C04-25D"
"P15546","PVC S40","1-1/2x1-1/4 PVC Sch40 Red. Male ADPT (MxS)","200","400","0","C04-25D"
"P15547","PVC S40","1-1/2x2 PVC Sch40 Red. Male ADPT (MxS)","900","1500","8650","C04-09D"
"P15548","PVC S40","2x1-1/2 PVC Sch40 Red. Male ADPT (MxS)","160","320","30","C14-17D"
"P15549","PVC S40","2x3 PVC Sch40 Red. Male ADPT (MxS)","120","240","0","C04-25D"
"P15550","PVC S40","3x4 PVC Sch40 Red. Male ADPT (MxS)","60","120","0","C04-26D"
"P15551","PVC S40","1/2x1/4 PVC Sch40 Flush Bushing (SPIGxS)","1200","2400","0","C04-26D"
"P15552","PVC S40","1/2x3/8 PVC Sch40 Flush Bushing (SPIGxS)","600","600","600","C04-13D"
"P15553","PVC S40","1-1/4x1/2 PVC Sch40 Flush Bushing (SPIGxS)","300","300","125","C04-09D"
"P15555","PVC S40","1-1/2x1/2 PVC Sch40 Flush Bushing (SPIGxS)","150","150","0","C06-04D"
"P15557","PVC S40","2x1-1/4 PVC Sch40 Flush Bushing (SPIGxS)","80","80","60","C06-04D"
"P15558","PVC S40","2-1/2x1/2 PVC Sch40 Flush Bushing (SPIGxS)","120","240","0","C04-26D"
"P15559","PVC S40","2-1/2x3/4 PVC Sch40 Flush Bushing (SPIGxS)","120","240","0","C04-26D"
"P15560","PVC S40","2-1/2x1 PVC Sch40 Flush Bushing (SPIGxS)","120","240","0","C04-26D"
"P15561","PVC S40","2-1/2x1-1/4 PVC Sch40 Flush Bushing (SPIGxS)","120","240","0","C04-26D"
"P15562","PVC S40","2-1/2x1-1/2 PVC Sch40 Flush Bushing (SPIGxS)","60","60","50","C04-09D"
"P15563","PVC S40","3x3/4 PVC Sch40 Flush Bushing (SPIGxS)","80","160","0","C04-26D"
"P15564","PVC S40","3x1 PVC Sch40 Flush Bushing (SPIGxS)","40","40","54","C06-06F"
"P15565","PVC S40","3x1-1/4 PVC Sch40 Flush Bushing (SPIGxS)","40","40","0","C04-09D"
"P15566","PVC S40","3x1-1/2 PVC Sch40 Flush Bushing (SPIGxS)","40","80","160","C06-12F"
"P15568","PVC S40","3x2-1/2 PVC Sch40 Flush Bushing (SPIGxS)","90","90","15","C06-06F"
"P15569","PVC S40","4x2-1/2 PVC Sch40 Flush Bushing (SPIGxS)","48","96","0","C04-26D"
"P15570","PVC S40","5x3 PVC Sch40 Flush Bushing (SPIGxS)","30","60","0","C04-26D"
"P15571","PVC S40","5x4 PVC Sch40 Flush Bushing (SPIGxS)","30","60","15","C04-26D"
"P15572","PVC S40","6x2 PVC Sch40 Flush Bushing (SPIGxS)","18","36","0","C04-26D"
"P15573","PVC S40","6x3 PVC Sch40 Flush Bushing (SPIGxS)","18","36","9","C14-17D"
"P15574","PVC S40","6x4 PVC Sch40 Flush Bushing (SPIGxS)","9","18","27","C06-06F"
"P15575","PVC S40","6x5 PVC Sch40 Flush Bushing (SPIGxS)","40","80","0","C04-26D"
"P15576","PVC S40","8x4 PVC Sch40 Flush Bushing (SPIGxS)","3","6","0","C04-11D"
"P15577","PVC S40","8x6 PVC Sch40 Flush Bushing (SPIGxS)","3","6","3","C06-06F"
"P15578","PVC S40","10x3 PVC Sch40 Flush Bushing (SPIGxS)","24","48","0","C04-26D"
"P15579","PVC S40","10x4 PVC Sch40 Flush Bushing (SPIGxS)","24","48","0","C04-26D"
"P15580","PVC S40","10x6 PVC Sch40 Flush Bushing (SPIGxS)","24","48","0","C04-26D"
"P15581","PVC S40","10x8 PVC Sch40 Flush Bushing (SPIGxS)","32","64","0","C04-26D"
"P15582","PVC S40","12x8 PVC Sch40 Flush Bushing (SPIGxS)","2","4","0","C04-26D"
"P15583","PVC S40","3/8x1/4 PVC Sch40 Flush Bushing (SPIGxF)","1200","2400","0","C04-26D"
"P15584","PVC S40","1/2x1/8 PVC Sch40 Flush Bushing (SPIGxF)","1200","2400","0","C04-26D"
"P15585","PVC S40","1/2x3/8 PVC Sch40 Flush Bushing (SPIGxF)","1200","2400","0","C04-26D"
"P15586","PVC S40","3/4x1/4 PVC Sch40 Flush Bushing (SPIGxF)","1200","2400","0","C04-27D"
"P15587","PVC S40","1x1/4 PVC Sch40 Flush Bushing (SPIGxF)","800","1600","0","C04-27D"
"P15588","PVC S40","1x3/8 PVC Sch40 Flush Bushing (SPIGxF)","800","1600","0","C04-27D"
"P15589","PVC S40","1x1/2 PVC Sch40 Flush Bushing (SPIGxF)","400","400","300","C06-02D"
"P15590","PVC S40","1-1/4x1/2 PVC Sch40 Flush Bushing (SPIGxF)","200","200","125","C04-13D"
"P15591","PVC S40","1-1/4x3/4 PVC Sch40 Flush Bushing (SPIGxF)","200","200","25","C06-02D"
"P15592","PVC S40","1-1/4x1 PVC Sch40 Flush Bushing (SPIGxF)","100","100","50","C04-09D"
"P15593","PVC S40","1-1/2x1/4 PVC Sch40 Flush Bushing (SPIGxF)","400","800","50","C14-17D"
"P15594","PVC S40","2x1/2 PVC Sch40 Red. CPLG","160","320","0","C04-23D"
"P15595","PVC S40","1-1/2x1 PVC Sch40 Flush Bushing (SPIGxF)","150","150","25","C06-12E"
"P15596","PVC S40","2x1/4 PVC Sch40 Flush Bushing (SPIGxF)","240","480","0","C04-27D"
"P15597","PVC S40","2x1/2 PVC Sch40 Flush Bushing (SPIGxF)","120","120","80","C06-06E"
"P15598","PVC S40","2x3/4 PVC Sch40 Red. CPLG","160","320","80","C04-11D"
"P15599","PVC S40","2x1 PVC Sch40 Flush Bushing (SPIGxF)","120","120","10","C06-12E"
"P15600","PVC S40","2x1-1/4 PVC Sch40 Flush Bushing (SPIGxF)","120","120","40","C06-04E"
"P15601","PVC S40","2x1-1/2 PVC Sch40 Flush Bushing (SPIGxF)","120","120","0","C06-12E"
"P15602","PVC S40","2-1/2x3/4 PVC Sch40 Flush Bushing (SPIGxF)","120","240","0","C04-27D"
"P15603","PVC S40","2-1/2x1-1/4 PVC Sch40 Flush Bushing (SPIGxF)","120","240","0","C04-27D"
"P15604","PVC S40","2-1/2x1-1/2 PVC Sch40 Flush Bushing (SPIGxF)","120","240","0","C04-27D"
"P15605","PVC S40","2-1/2x2 PVC Sch40 Flush Bushing (SPIGxF)","120","240","0","C04-27D"
"P15606","PVC S40","3x1 PVC Sch40 Flush Bushing (SPIGxF)","80","160","0","C04-27D"
"P15607","PVC S40","3x1-1/4 PVC Sch40 Flush Bushing (SPIGxF)","80","160","0","C04-27D"
"P15608","PVC S40","3x1-1/2 PVC Sch40 Flush Bushing (SPIGxF)","40","40","40","C04-10D"
"P15609","PVC S40","3x2 PVC Sch40 Flush Bushing (SPIGxF)","40","40","10","C06-12E"
"P15610","PVC S40","3x2-1/2 PVC Sch40 Flush Bushing (SPIGxF)","80","160","0","C04-27D"
"P15611","PVC S40","4x2 PVC Sch40 Flush Bushing (SPIGxF)","24","24","6","C04-10D"
"P15612","PVC S40","4x2-1/2 PVC Sch40 Flush Bushing (SPIGxF)","48","96","0","C04-27D"
"P15613","PVC S40","4x3 PVC Sch40 Flush Bushing (SPIGxF)","48","96","0","C04-14D"
"P15614","PVC S40","5x4 PVC Sch40 Flush Bushing (SPIGxF)","48","96","0","C04-27D"
"P15615","PVC S40","6x2 PVC Sch40 Flush Bushing (SPIGxF)","18","36","0","C04-27D"
"P15616","PVC S40","6x3 PVC Sch40 Flush Bushing (SPIGxF)","18","36","0","C04-27D"
"P15617","PVC S40","6x4 PVC Sch40 Flush Bushing (SPIGxF)","18","36","0","C04-27D"
"P15618","PVC S40","3/8x1/4 PVC Sch40 T.T. Flush Bushing (MxF)","1200","2400","0","C04-27D"
"P15619","PVC S40","1/2x1/4 PVC Sch40 T.T. Flush Bushing (MxF)","3600","7200","0","C04-27D"
"P15620","PVC S40","1/2x3/8 PVC Sch40 T.T. Flush Bushing (MxF)","1200","2400","0","C04-27D"
"P15621","PVC S40","3/4x1/4 PVC Sch40 T.T. Flush Bushing (MxF)","1200","2400","0","C04-27D"
"P15622","PVC S40","1x1/4 PVC Sch40 T.T. Flush Bushing (MxF)","600","1200","0","C04-28D"
"P15623","PVC S40","1x1/2 PVC Sch40 T.T. Flush Bushing (MxF)","1200","2400","0","C14-17D"
"P15624","PVC S40","1x3/4 PVC Sch40 T.T. Flush Bushing (MxF)","600","600","300","C04-10D"
"P15625","PVC S40","1-1/4x1/2 PVC Sch40 T.T. Flush Bushing (MxF)","600","1200","0","C04-28D"
"P15626","PVC S40","1-1/4x3/4 PVC Sch40 T.T. Flush Bushing (MxF)","600","1200","0","C04-28D"
"P15627","PVC S40","1-1/4x1 PVC Sch40 T.T. Flush Bushing (MxF)","300","300","225","C06-06F"
"P15628","PVC S40","1-1/2x2 PVC Sch40 T.T. Flush Bushing (MxF)","480","960","0","C04-28D"
"P15629","PVC S40","1-1/2x1/2 PVC Sch40 T.T. Flush Bushing (MxF)","400","800","0","C04-28D"
"P15630","PVC S40","1-1/2x3/4 PVC Sch40 T.T. Flush Bushing (MxF)","200","200","125","C04-13D"
"P15631","PVC S40","1-1/2x1 PVC Sch40 T.T. Flush Bushing (MxF)","200","200","175","C04-10D"
"P15633","PVC S40","2x3/4 PVC Sch40 T.T. Flush Bushing (MxF)","240","480","0","C04-14D"
"P15634","PVC S40","2x1 PVC Sch40 T.T. Flush Bushing (MxF)","120","120","110","C06-06F"
"P15635","PVC S40","2x1-1/4 PVC Sch40 T.T. Flush Bushing (MxF)","120","120","120","C06-04F"
"P15636","PVC S40","2x1-1/2 PVC Sch40 T.T. Flush Bushing (MxF)","120","120","100","C04-10D"
"P15637","PVC S40","2-1/2x2 PVC Sch40 T.T. Flush Bushing (MxF)","120","240","0","C04-28D"
"P15638","PVC S40","3x2 PVC Sch40 T.T. Flush Bushing (MxF)","60","60","70","C04-14D"
"P15639","PVC S40","4x3 PVC Sch40 T.T. Flush Bushing (MxF)","48","96","0","C04-28D"
"P15640","PVC S40","1/2 PVC Sch40 22 STR Elbow (1/16)","1200","2400","0","C04-28D"
"P15641","PVC S40","3/4 PVC Sch40 22 STR Elbow (1/16)","600","1200","0","C04-28D"
"P15642","PVC S40","1 PVC Sch40 22 STR Elbow (1/16)","400","800","0","C04-28D"
"P15643","PVC S40","1-1/4 PVC Sch40 22 STR Elbow (1/16)","200","400","0","C04-28D"
"P15644","PVC S40","1-1/2 PVC Sch40 22 STR Elbow (1/16)","120","120","90","C14-18D"
"P15645","PVC S40","2 PVC Sch40 22 STR Elbow (1/16)","160","320","20","C14-18D"
"P15646","PVC S40","2-1/2 PVC Sch40 22 STR Elbow (1/16)","120","240","0","C04-28D"
"P15647","PVC S40","3 PVC Sch40 22 STR Elbow (1/16)","60","120","0","C14-18D"
"P15648","PVC S40","4 PVC Sch40 22 STR Elbow (1/16)","32","64","0","C14-18D"
"P15649","PVC S40","6 PVC Sch40 22 STR Elbow (1/16)","10","20","0","C04-28D"
"P15650","PVC S40","1/2 PVC Sch40 STR Tee (SPIGxSxS)","400","800","0","C04-28D"
"P15651","PVC S40","3/4 PVC Sch40 STR Tee (SPIGxSxS)","240","480","0","C04-28D"
"P15652","PVC S40","1 PVC Sch40 STR Tee (SPIGxSxS)","180","360","0","C04-28D"
"P15653","PVC S40","1-1/4 PVC Sch40 STR Tee (SPIGxSxS)","80","160","0","C04-29D"
"P15654","PVC S40","1-1/2 PVC Sch40 STR Tee (SPIGxSxS)","80","160","0","C04-29D"
"P15655","PVC S40","2 PVC Sch40 STR Tee (SPIGxSxS)","80","160","0","C04-29D"
"P15656","PVC S40","3/8 PVC Sch40 Cap","2400","4800","0","C04-29D"
"P15657","PVC S40","1-1/4 PVC Sch40 Cap","150","150","75","C06-12D"
"P15658","PVC S40","2-1/2 PVC Sch40 Cap","120","240","20","C04-15D"
"P15659","PVC S40","5 PVC Sch40 Cap","24","24","24","C06-04F"
"P15660","PVC S40","6 PVC Sch40 Cap","40","64","0","C06-12D"
"P15661","PVC S40","8 PVC Sch40 Cap","12","24","24","C06-12F"
"P15662","PVC S40","10 PVC Sch40 Cap","12","12","0","C04-12D"
"P15663","PVC S40","12 PVC Sch40 Cap","6","6","0","C04-14D"
"P15664","PVC S40","3/8 PVC Sch40 Cap (F)","2400","4800","0","C04-29D"
"P15665","PVC S40","1/2 PVC Sch40 Cap (F)","1,200","1,200","0","C06-12D"
"P15666","PVC S40","1-1/4 PVC Sch40 Cap (F)","200","200","0","C04-14D"
"P15667","PVC S40","1-1/2 PVC Sch40 Cap (F)","300","600","0","C14-18D"
"P15668","PVC S40","2 PVC Sch40 Cap (F)","120","120","0","C04-14D"
"P15669","PVC S40","2-1/2 PVC Sch40 Cap (F)","120","240","0","C04-29D"
"P15670","PVC S40","3 PVC Sch40 Cap (F)","80","160","0","C04-29D"
"P15671","PVC S40","6 PVC Sch40 Cap (F)","26","52","0","C04-29D"
"P15672","PVC S40","3/8 PVC Sch40 Plug (SPIG)","3600","7200","0","C04-29D"
"P15673","PVC S40","1 PVC Sch40 Plug (SPIG)","400","400","250","C04-13D"
"P15674","PVC S40","1-1/4 PVC Sch40 Plug (SPIG)","400","800","0","C04-29D"
"P15675","PVC S40","1-1/2 PVC Sch40 Plug (SPIG)","300","600","0","C04-29D"
"P15676","PVC S40","2 PVC Sch40 Plug (SPIG)","240","480","0","C04-29D"
"P15677","PVC S40","2-1/2 PVC Sch40 Plug (SPIG)","120","240","0","C04-29D"
"P15678","PVC S40","3 PVC Sch40 Plug (SPIG)","80","160","0","C04-29D"
"P15679","PVC S40","4 PVC Sch40 Plug (SPIG)","48","96","0","C04-29D"
"P15680","PVC S40","6 PVC Sch40 Plug (SPIG)","16","32","0","C04-29D"
"P15681","PVC S40","3/8 PVC Sch40 Plug (M)","2400","4800","0","C04-29D"
"P15682","PVC S40","1/2 PVC Sch40 Plug (M)","1800","1800","450","C06-04F"
"P15683","PVC S40","1-1/4 PVC Sch40 Plug (M)","300","300","225","C06-10F"
"P15684","PVC S40","1-1/2 PVC Sch40 Plug (M)","200","200","0","C06-08E"
"P15685","PVC S40","2-1/2 PVC Sch40 Plug (M)","120","240","0","C04-29D"
"P15686","PVC S40","3 PVC Sch40 Plug (M)","40","40","30","C04-13D"
"P15687","PVC S40","4 PVC Sch40 Plug (M)","48","96","6","C04-13D"
"P15688","PVC S40","6 PVC Sch40 Plug (M)","32","64","0","C04-29D"
"P15689","PVC S40","1/2 PVC Sch40 Male ADPT (take off) (SPIGxM)","1200","2400","0","C04-29D"
"P15690","PVC S40","3/4 PVC Sch40 Male ADPT (take off) (SPIGxM)","800","1600","0","C04-30D"
"P15691","PVC S40","1 PVC Sch40 Male ADPT (take off) (SPIGxM)","600","1200","0","C04-30D"
"P15692","PVC S40","1-1/2 PVC Sch40 Male ADPT (take off) (SPIGxM)","200","400","25","C04-14D"
"P15693","PVC S40","2 PVC Sch40 Male ADPT (take off) (SPIGxM)","200","400","0","C04-30D"
"P15694","PVC S40","3/4 PVC Sch40 Snap-on Saddle (IPS ODxF)","400","800","0","C04-30D"
"P15695","PVC S40","3/4x1/2 PVC Sch40 Snap-on Saddle (IPS ODxF)","400","800","0","C04-30D"
"P15696","PVC S40","1x1/2 PVC Sch40 Snap-on Saddle (IPS ODxF)","400","800","0","C04-30D"
"P15697","PVC S40","1x3/4 PVC Sch40 Snap-on Saddle (IPS ODxF)","400","800","0","C04-30D"
"P15698","PVC S40","1-1/2x1-1/2x3/4 PVC Sch40 VentureIn Tee","240","480","0","C04-30D"
"P15699","PVC S40","1x3/4x3/4 PVC Sch40 VentureIn Tee","480","960","0","C04-30D"
"P15700","PVC S40","3/4 PVC Sch40 Insert ADPT (INSERTxS)","800","1600","0","C04-30D"
"P15701","PVC S40","1 PVC Sch40 Insert ADPT (INSERTxS)","400","800","0","C04-30D"
"P15702","PVC S40","1-1/2 PVC Sch40 Insert ADPT (INSERTxS)","200","400","0","C04-30D"
"P15703","PVC S40","2 PVC Sch40 Insert ADPT (INSERTxS)","80","80","0","C04-12D"
"P15704","PVC S40","1/2 PVC Sch40 Wye","300","600","0","C04-14D"
"P15705","PVC S40","3/4 PVC Sch40 Wye","160","320","0","C04-14D"
"P15706","PVC S40","1-1/4 PVC Sch40 Wye","160","320","0","C04-30D"
"P15707","PVC S40","2-1/2 PVC Sch40 Wye","24","48","0","C04-30D"
"P15708","PVC S40","3 PVC Sch40 Wye","12","24","0","C04-30D"
"P15709","PVC S40","4 PVC Sch40 Wye","10","20","0","C04-14D"
"P15710","PVC S40","6 PVC Sch40 Wye","4","6","0","C04-10D"
"P15711","PVC S40","3/4x3/4x1/2 PVC Sch40 Wye","240","480","0","C04-30D"
"P15712","PVC S40","1x1x3/4 PVC Sch40 Wye","160","320","0","C04-30D"
"P15713","PVC S40","1-1/2x1-1/2x3/4 PVC Sch40 Wye","160","320","0","C04-30D"
"P15714","PVC S40","1-1/2x1-1/2x1 PVC Sch40 Wye","160","320","0","C04-30D"
"P15715","PVC S40","1-1/2x1-1/2x1-1/4 PVC Sch40 Wye","120","240","0","C04-30D"
"P15716","PVC S40","2x2x1-1/2 PVC Sch40 Wye","80","160","0","C04-30D"
"P15717","PVC S40","2-1/2x2-1/2x2 PVC Sch40 Wye","48","96","0","C04-31D"
"P15718","PVC S40","3x3x2 PVC Sch40 Wye","20","40","0","C04-31D"
"P15719","PVC S40","3x3x2-1/2 PVC Sch40 Wye","16","32","0","C04-31D"
"P15720","PVC S40","4x4x2 PVC Sch40 Wye","10","20","0","C04-31D"
"P15721","PVC S40","4x4x3 PVC Sch40 Wye","10","20","0","C04-31D"
"P15722","PVC S40","6x6x2 PVC Sch40 Wye","10","20","0","C04-31D"
"P15723","PVC S40","6x6x3 PVC Sch40 Wye","10","20","0","C04-31D"
"P15724","PVC S40","6x6x4 PVC Sch40 Wye","6","12","0","C04-31D"
"P15725","PVC S40","1/2 PVC Sch40 Fem ADPT (SPIGxF)","1200","2400","0","C04-31D"
"P15726","PVC S40","3/4 PVC Sch40 Fem ADPT (SPIGxF)","300","300","300","C04-14D"
"P15727","PVC S40","1 PVC Sch40 Fem ADPT (SPIGxF)","480","960","0","C04-31D"
"P15728","PVC S40","1-1/4 PVC Sch40 Fem ADPT (SPIGxF)","200","400","0","C04-31D"
"P15729","PVC S40","1-1/2 PVC Sch40 Fem ADPT (SPIGxF)","120","120","0","C04-15D"
"P15730","PVC S40","2 PVC Sch40 Fem ADPT (SPIGxF)","200","400","0","C04-12D"
"P15731","PVC S40","1/2 PVC Sch40 Deep Socket CPLG","800","1600","0","C04-31D"
"P15732","PVC S40","3/4 PVC Sch40 Deep Socket CPLG","600","1200","0","C04-31D"
"P15733","PVC S40","1 PVC Sch40 Deep Socket CPLG","600","1200","0","C04-31D"
"P15734","PVC S40","1-1/4 PVC Sch40 Deep Socket CPLG","400","800","0","C04-31D"
"P15735","PVC S40","1-1/2 PVC Sch40 Deep Socket CPLG","120","120","120","C04-10D"
"P15736","PVC S40","2 PVC Sch40 Deep Socket CPLG","60","120","60","C06-10F"
"P15737","PVC S40","2-1/2 PVC Sch40 Deep Socket CPLG","50","100","0","C04-31D"
"P15738","PVC S40","3 PVC Sch40 Deep Socket CPLG","20","20","0","C06-04F"
"P15739","PVC S40","4 PVC Sch40 Deep Socket CPLG","10","10","30","C04-10D"
"P15740","PVC S40","6 PVC Sch40 Deep Socket CPLG","5","5","5","C04-15D"
"P15741","PVC S40","1/2 PVC Sch40 Union w/O-ring Seal (FxF)","480","960","0","C04-31D"
"P15742","PVC S40","3/4 PVC Sch40 Union w/O-ring Seal (FxF)","240","480","0","C04-31D"
"P15743","PVC S40","1 PVC Sch40 Union w/O-ring Seal (FxF)","160","320","30","C14-18D"
"P15744","PVC S40","1-1/4 PVC Sch40 Union w/O-ring Seal (FxF)","128","256","0","C04-31D"
"P15745","PVC S40","1-1/2 PVC Sch40 Union w/O-ring Seal (FxF)","120","240","0","C04-31D"
"P15746","PVC S40","2 PVC Sch40 Union w/O-ring Seal (FxF)","60","120","0","C04-31D"
"P15747","PVC S40","1/2 PVC Sch40 Expand Repair CPLG (SxSPIG)","200","400","0","C04-32D"
"P15748","PVC S40","3/4 PVC Sch40 Expand Repair CPLG (SxSPIG)","160","320","0","C04-14D"
"P15749","PVC S40","1 PVC Sch40 Expand Repair CPLG (SxSPIG)","80","160","0","C04-32D"
"P15750","PVC S40","1-1/4 PVC Sch40 Expand Repair CPLG (SxSPIG)","48","96","0","C04-32D"
"P15751","PVC S40","1-1/2 PVC Sch40 Expand Repair CPLG (SxSPIG)","48","96","0","C04-32D"
"P15752","PVC S40","2 PVC Sch40 Expand Repair CPLG (SxSPIG)","36","72","0","C04-32D"
"P15753","PVC S40","2-1/2 PVC Sch40 Expand Repair CPLG (SxSPIG)","40","80","0","C04-32D"
"P15754","PVC S40","3 PVC Sch40 Expand Repair CPLG (SxSPIG)","12","24","0","C04-32D"
"P15755","PVC S40","4 PVC Sch40 Expand Repair CPLG (SxSPIG)","14","28","0","C04-32D"
"P15756","PVC S40","6 PVC Sch40 Expand Repair CPLG (SxSPIG)","4","8","0","C04-32D"
"P15757","PVC S40","1/2 PVC Sch40 Comp. CPLG (GASKETxGASKET)","240","480","0","C04-32D"
"P15758","PVC S40","3/4 PVC Sch40 Comp. CPLG (GASKETxGASKET)","360","720","0","C04-32D"
"P15759","PVC S40","1 PVC Sch40 Comp. CPLG (GASKETxGASKET)","80","160","0","C04-32D"
"P15760","PVC S40","1-1/4 PVC Sch40 Comp. CPLG (GASKETxGASKET)","120","240","0","C04-32D"
"P15761","PVC S40","1-1/2 PVC Sch40 Comp. CPLG (GASKETxGASKET)","80","160","0","C04-32D"
"P15764","PVC S40","3 PVC Sch40 Comp. CPLG (GASKETxGASKET)","14","28","0","C04-32D"
"P15765","PVC S40","4 PVC Sch40 Comp. CPLG (GASKETxGASKET)","20","40","0","C04-32D"
"P15766","PVC S40","6 PVC Sch40 Comp. CPLG (GASKETxGASKET)","6","12","0","C04-32D"
"P15767","PVC S40","1/2 PVC Sch40 Comp. Tee (GASKETxGASKETxF)","360","720","0","C04-32D"
"P15768","PVC S40","3/4 PVC Sch40 Comp. Tee (GASKETxGASKETxF)","300","600","0","C04-32D"
"P15769","PVC S40","1 PVC Sch40 Comp. Tee (GASKETxGASKETxF)","80","160","0","C04-32D"
"P15774","PVC S40","2-1/2x1 PVC Sch40 Flush Bushing (SPIGxF)","120","240","0","C04-27D"
"P8608","PVC S40","1 PVC Sch40 Plug (M)","800","1200","650","C06-08E"
"P15775","PVC S40","2x1 PVC Sch40 Red. CPLG","150","150","125","C04-08D"
"P15776","PVC S40","1x1/2 PVC Sch40 Red. CPLG","300","300","300","C06-02E"
"P15777","PVC S40","1-1/4x1/2 PVC Sch40 Red. CPLG","150","150","100","C04-12D"
"P15778","PVC S40","1-1/2x1/2 PVC Sch40 Red. CPLG","150","150","125","C04-08D"
"P15779","PVC S40","1-1/2x3/4 PVC Sch40 Red. CPLG","150","150","200","C06-02E"
"P15780","PVC S40","1-1/2x1 PVC Sch40 Red. CPLG","100","100","75","C06-08D"
"P15781","PVC S40","2x1-1/2x1-1/2 PVC Sch40 Tee","160","320","0","C04-16D"
"P15782","PVC S40","2x2x1-1/2 PVC Sch40 Tee","160","320","0","C04-16D"
"P15783","PVC S40","3x3x1-1/2 PVC Sch40 Tee","15","15","0","C04-10D"
"P15785","PVC S40","4x4x1-1/2 PVC Sch40 Tee","20","40","0","C04-16D"
"P15786","PVC S40","4x4x2 PVC Sch40 Tee","20","40","0","C04-12D"
"P15787","PVC S40","4x4x3 PVC Sch40 Tee","6","6","6","C06-02F"
"P15788","PVC S40","1-1/2 PVC Sch40 90 Sweep Elbow (1/4)","100","100","75","C04-11D"
"P15789","PVC S40","1-1/2 PVC Sch40 90 STR Elbow (1/4) (MxS)","200","400","0","C04-21D"
"P15790","PVC S40","2 PVC Sch40 90 STR Elbow (1/4) (MxS)","80","160","0","C04-17D"
"P15791","PVC S40","2x1-1/2 PVC Sch40 Red. CPLG","80","80","125","C06-06E"
"P15792","PVC S40","3x2 PVC Sch40 Red. CPLG","64","128","16","C04-09D"
"P15793","PVC S40","4x2 PVC Sch40 Red. CPLG","16","16","16","C04-12D"
"P15794","PVC S40","4x3 PVC Sch40 Red. CPLG","32","64","10","C04-24D"
"P15795","PVC S40","4 PVC Sch40 Cap (F)","72","144","0","C04-29D"
"P15796","PVC S40","2x1-1/4 PVC Sch40 Red. CPLG","80","80","60","C06-06E"
"P9502","PVC S40","2 PVC Sch40 Male ADPT (MxS)","400","600","275","C08-21E"
"P9633","PVC S40","3 PVC Sch40 CPLG","40","80","40","C06-06D"
"P9741","PVC S40","3/4x3/8 PVC Sch40 T.T. Flush Bushing (MxF)","1200","2400","0","C04-28D"
"P9742","PVC S40","3/4 PVC Sch40 Tee (SxSxF)","300","300","0","C04-10D"
"P9762","PVC S40","1-1/2 PVC Sch40 CPLG","300","500","550","C08-20F"
"P9795","PVC S40","4 PVC Sch40 CPLG","24","48","24","C06-06D"
"P9798","PVC S40","6 PVC Sch40 CPLG","6","12","0","C06-06D"
"P9942","PVC S40","4 PVC Sch40 Male ADPT (MxS)","16","16","12","C04-13D"
"P9960","PVC S40","3/4 PVC Sch40 90 Elbow (1/4)","7800","16400","14625","C08-20A"
"P9961","PVC S40","1 PVC Sch40 90 STR Elbow (1/4) (SPIGxS)","300","600","350","C06-02C"
"P9962","PVC S40","3/4 PVC Sch40 45 Elbow (1/8)","1800","3600","3300","C08-20D"
"P9963","PVC S40","3/4 PVC Sch40 45 STR Elbow (1/8)","200","400","1350","C06-10D"
"P10047","PVC S40","2 PVC Sch40 CPLG","400","700","300","C06-02F"
"P10606","PVC S40","2-1/2x2 PVC Sch40 Flush Bushing (SPIGxS)","120","180","60","C06-02D"
"P10800","PVC S40","1/2 PVC Sch40 90 Elbow (1/4)","800","1200","1650","C08-21B"
"P10801","PVC S40","1 PVC Sch40 90 Elbow (1/4)","2400","4500","5350","C08-20C"
"P10802","PVC S40","1/2 PVC Sch40 45 Elbow (1/8)","400","400","400","C06-12D"
"P10803","PVC S40","1 PVC Sch40 45 Elbow (1/8)","600","1,200","1450","C08-21C"
"P10804","PVC S40","1/2 PVC Sch40 Tee","300","300","300","C08-20E"
"P10805","PVC S40","3/4 PVC Sch40 Tee","2100","4200","2250","C08-21A"
"P10806","PVC S40","1 PVC Sch40 Tee","800","1200","1900","C08-20B"
"P10807","PVC S40","1/2 PVC Sch40 CPLG","600","600","550","C06-10D"
"P10808","PVC S40","3/4 PVC Sch40 CPLG","2,800","6,000","9250","C08-21A"
"P10809","PVC S40","1 PVC Sch40 CPLG","1,000","1,800","1750","C08-20F"
"P10810","PVC S40","1x3/4 PVC Sch40 Flush Bushing (SPIGxS)","400","800","1950","C06-02F"
"P10848","PVC S40","3/4 PVC Sch40 90 STR Elbow (1/4) (SPIGxS)","1200","2200","1600","C08-21D"
"P10849","PVC S40","1-1/2 PVC Sch40 90 Elbow (1/4)","500","700","575","C08-21B"
"P10853","PVC S40","2 PVC Sch40 90 Elbow (1/4)","720","1280","1020","C08-20B"
"P10854","PVC S40","3 PVC Sch40 Cap","80","160","80","C06-10E"
"P10855","PVC S40","2x3/4 PVC Sch40 Flush Bushing (SPIGxS)","240","360","330","C08-21C"
"P10856","PVC S40","1-1/2x1-1/4 PVC Sch40 Flush Bushing (SPIGxS)","150","150","50","C06-04D"
"P10857","PVC S40","2x1/2 PVC Sch40 Flush Bushing (SPIGxS)","80","80","10","C06-04D"
"P10899","PVC S40","3/4 PVC Sch40 Fem ADPT (SxF)","800","1200","1000","C08-20E"
"P10900","PVC S40","1/2 PVC Sch40 Cap","1200","1200","200","C06-10E"
"P11081","PVC S40","2x1 PVC Sch40 Flush Bushing (SPIGxS)","160","240","30","C06-02F"
"P11192","PVC S40","1x1/2 PVC Sch40 Flush Bushing (SPIGxS)","400","400","50","C06-06D"
"P11209","PVC S40","1-1/2x1-1/2x1 PVC Sch40 Tee","100","100","250","C06-02E"
"P11210","PVC S40","1/2 PVC Sch40 90 STR Elbow (1/4) (SPIGxS)","400","400","800","C06-02C"
"P11212","PVC S40","1 PVC Sch40 Cap (F)","400","400","50","C06-04E"
"P11227","PVC S40","3/4 PVC Sch40 Male ADPT (MxS)","1,600","3,200","2300","C08-20E"
"P11228","PVC S40","3/4x1/2 PVC Sch40 Red. Fem ADPT (SxF)","400","400","400","C06-06F"
"P11229","PVC S40","3/4x1/2 PVC Sch40 Flush Bushing (SPIGxS)","600","600","50","C06-06D"
"P11236","PVC S40","1-1/2x1-1/2x1/2 PVC Sch40 Tee","200","400","0","C04-16D"
"P11245","PVC S40","1 PVC Sch40 90 STR Elbow (1/4) (MxS)","300","300","0","C04-13D"
"P11246","PVC S40","1 PVC Sch40 45 STR Elbow (1/8)","200","200","200","C06-10D"
"P11247","PVC S40","1/2 PVC Sch40 45 STR Elbow (1/8)","600","600","600","C06-10D"
"P11248","PVC S40","1-1/2 PVC Sch40 90 STR Elbow (1/4) (SPIGxS)","100","100","0","C06-08D"
"P11249","PVC S40","1-1/2 PVC Sch40 45 Elbow (1/8)","200","300","175","C06-04E"
"P11250","PVC S40","1-1/2 PVC Sch40 45 STR Elbow (1/8)","150","150","75","C04-12D"
"P11251","PVC S40","1-1/2 PVC Sch40 Tee","100","200","300","C06-02D"
"P11253","PVC S40","2x2-1/2 PVC Sch40 Red. Male ADPT (MxS)","80","160","0","C04-25D"
"P11257","PVC S40","1/2 PVC Sch40 Male ADPT (MxS)","600","600","200","C06-08D"
"P11258","PVC S40","1 PVC Sch40 Male ADPT (MxS)","200","400","350","C06-08D"
"P11259","PVC S40","1x1x3/4 PVC Sch40 Tee","200","200","1000","C08-06C"
"P11262","PVC S40","4 PVC Sch40 Cap","240","384","432","C06-12C"
"P11266","PVC S40","1 PVC Sch40 Wye","240","480","0","C04-14D"
"P11374","PVC S40","3 PVC Sch40 45 Elbow (1/8)","30","45","135","C06-04E"
"P11386","PVC S40","1-1/2x3/4 PVC Sch40 Flush Bushing (SPIGxS)","300","450","365","C08-21F"
"P11388","PVC S40","1-1/2x1 PVC Sch40 Flush Bushing (SPIGxS)","150","300","25","C06-04D"
"P11395","PVC S40","1-1/2 PVC Sch40 Male ADPT (MxS)","200","300","0","C08-21E"
"P11396","PVC S40","2 PVC Sch40 45 Elbow (1/8)","200","400","50","C06-10D"
"P11397","PVC S40","2 PVC Sch40 90 STR Elbow (1/4) (SPIGxS)","60","60","60","C06-02F"
"P11434","PVC S40","3/4x3/4x1/2 PVC Sch40 Tee","200","200","0","C08-21C"
"P11465","PVC S40","1/2 PVC Sch40 Fem ADPT (SxF)","600","600","950","C06-06E"
"P11466","PVC S40","1 PVC Sch40 Fem ADPT (SxF)","200","200","150","C06-06F"
"P11468","PVC S40","1/2 PVC Sch40 Union w/O-ring Seal","240","240","120","C06-08E"
"P11469","PVC S40","3/4 PVC Sch40 Union w/O-ring Seal","240","360","240","C06-12F"
"P11470","PVC S40","1 PVC Sch40 Union w/O-ring Seal","80","80","40","C06-08E"
"P11473","PVC S40","1-1/4 PVC Sch40 Union w/O-ring Seal","64","64","0","C06-08E"
"P11474","PVC S40","1-1/2 PVC Sch40 Union w/O-ring Seal","40","80","40","C06-08E"
"P11475","PVC S40","2 PVC Sch40 Union w/O-ring Seal","60","90","90","C06-12F"
"P11485","PVC S40","1x3/4 PVC Sch40 Red. CPLG","300","600","1000","C06-08D"
"P11525","PVC S40","3/4 PVC Sch40 Cap","1200","1800","2680","C08-21D"
"P11526","PVC S40","1 PVC Sch40 Cap","300","300","350","C06-10E"
"P11534","PVC S40","3/4x1/2 PVC Sch40 Red. CPLG (FxF)","400","400","0","C04-13D"
"P11535","PVC S40","3/4 PVC Sch40 90 Elbow (1/4) (SxF)","400","600","0","C06-02C"
"P11585","PVC S40","1-1/2x3/4 PVC Sch40 Flush Bushing (SPIGxF)","100","100","50","C06-10E"
"P11844","PVC S40","1x3/4x3/4 PVC Sch40 Tee","400","800","0","C04-15D"
"P11845","PVC S40","3/4x1/2 PVC Sch40 Red. Male ADPT (MxS)","600","600","300","C06-08F"
"P11864","PVC S40","3/4 PVC Sch40 Cap (F)","600","600","50","C06-10E"
"P11914","PVC S40","1-1/2x1-1/2x3/4 PVC Sch40 Tee","100","100","250","C06-04E"
"P12021","PVC S40","3/4x1 PVC Sch40 Red. Male ADPT (MxS)","300","300","200","C04-09D"
"P12022","PVC S40","1x3/4 PVC Sch40 Red. Male ADPT (MxS)","800","1600","0","C04-25D"
"P12065","PVC S40","2 PVC Sch40 Tee","225","350","375","C06-10C"
"P12066","PVC S40","1-1/2 PVC Sch40 Fem ADPT (SxF)","200","200","100","C06-06F"
"P12067","PVC S40","2 PVC Sch40 Fem ADPT (SxF)","80","80","80","C06-06F"
"P12068","PVC S40","1-1/2 PVC Sch40 Wye","120","240","0","C04-30D"
"P12069","PVC S40","2 PVC Sch40 Wye","40","40","30","C06-04F"
"P12070","PVC S40","1-1/2 PVC Sch40 90 Elbow (1/4) (SxF)","100","100","50","C06-02F"
"P12071","PVC S40","2 PVC Sch40 90 Elbow (1/4) (SxF)","40","40","0","C06-02F"
"P12072","PVC S40","3 PVC Sch40 90 Elbow (1/4)","30","50","100","C06-02E"
"P12074","PVC S40","4 PVC Sch40 45 Elbow (1/8)","16","16","16","C06-04E"
"P15060","SDR35","3 SDR35xDWV ADPT CPLG","35","105","0","C14-19C"
"P15064","SDR35","2 SDR x PVC DWV ADPT Bushing (SPIGxHUB)","300","900","0","C14-19C"
"P15065","SDR35","3 SDR x PVC DWV ADPT Bushing (SPIGxHUB)","150","450","0","C14-19C"
"P15066","SDR35","4 SDR x PVC DWV ADPT Bushing (SPIGxHUB)","120","180","120","C16-05B"
"P15067","SDR35","6 SDR x PVC DWV ADPT Bushing (SPIGxHUB)","12","36","0","C14-19C"
"P12293","SPEC","3/4 Press Stiffener","","","-50","C06-27E"
"P7797","SPEC","2 304SS THRD HALF CPL","","","0","C04-20D"
"P8596","SPEC","1-1/4 304SS THRD CPL","","","0","C04-20D"
"SP*00001938","SPEC","2"" SP114 SS THRD HALF CPLG","","","0","C04-20D"
"P3926","SPEC","3/4 Unions Threaded 3000#","","","0","C04-20D"
"P3930","SPEC","2 Unions Threaded 3000#","","","0","C04-20D"
"P3945","SPEC","1 Cplgs Threaded 3000#","","","0","C04-20D"
"P4028","SPEC","2 Ells 90 Threaded 3000#","","","0","C04-20D"
"P4062","SPEC","2 Sq Hd Plug #3000","","","40","C04-20D"
"P11490","SPEC","1-1/2x1 HEX BUSHING FS#3000","","","50","C04-20D"
"P11819","SPEC","3/8x1/4 Brass Hex Nipple","300","600","0","C08-30E"
"P11823","SPEC","2-1/2x1-1/4 Reducer Threaded FS 3000#","","","4","C04-37D"
"P13100","STOPS","1/2 FEM x 3/8 COMP ANGLE STOP 1/4 TURN","500","1500","313","C06-16A"
"P13101","STOPS","1/2 FEM x 1/4 COMP ANGLE STOP 1/4 TURN","400","800","0","C06-16E"
"P13102","STOPS","3/8 FEM x 3/8 COMP ANGLE STOP 1/4 TURN","500","1500","356","C06-16A"
"P13103","STOPS","1/2 COP x 3/8 COMP ANGLE STOP 1/4 TURN","500","1500","1628","C06-16A"
"P13104","STOPS","1/2 COP x 1/4 COMP ANGLE STOP 1/4 TURN","400","800","0","C06-16E"
"P13105","STOPS","1/2"" Nom Comp (5/8"" OD) x 3/8 COMP ANGLE STOP 1/4 TURN","1000","2000","286","C06-16A"
"P13106","STOPS","1/2"" Nom Comp (5/8"" OD) x 1/4 COMP ANGLE STOP 1/4 TURN","500","1500","1785","C06-16A"
"P13107","STOPS","1/2 CPVC x 3/8 COMP ANGLE STOP 1/4 TURN","300","800","1623","C06-16B"
"P13108","STOPS","1/2 PEX F1807 x 3/8 COMP ANGLE STOP 1/4 TURN","3000","9000","8148","C06-16A"
"P13109","STOPS","1/2 PEX F1807 x 1/4 COMP ANGLE STOP 1/4 TURN","600","1600","2095","C06-16B"
"P13110","STOPS","1/2 EXPN PEX F1960 x 3/8 COMP ANGLE STOP 1/4 TURN","600","1600","3152","C06-16B"
"P13111","STOPS","1/2 PRESS x 3/8 COMP ANGLE STOP 1/4 TURN","800","2400","72","C06-16B"
"P13112","STOPS","1/2 PRESS x 1/4 COMP ANGLE STOP 1/4 TURN","200","600","121","C06-16D"
"P13113","STOPS","1/2 FEM x 3/8 COMP STRAIGHT STOP 1/4 TURN","300","800","669","C06-16B"
"P13114","STOPS","3/8 FEM x 3/8 COMP STRAIGHT STOP 1/4 TURN","300","800","365","C06-16C"
"P13115","STOPS","1/2 COP x 3/8 COMP STRAIGHT STOP 1/4 TURN","300","800","1895","C06-16B"
"P13116","STOPS","1/2"" Nom Comp (5/8"" OD) x 3/8 COMP STRAIGHT STOP 1/4 TURN","300","800","1054","C06-16B"
"P13117","STOPS","1/2 CPVC x 3/8 COMP STRAIGHT STOP 1/4 TURN","300","800","1106","C06-16C"
"P13118","STOPS","1/2 PEX F1807 x 3/8 COMP STRAIGHT STOP 1/4 TURN","1200","3200","4231","C06-16C"
"P13119","STOPS","1/2 PEX F1807 x 1/4 COMP STRAIGHT STOP 1/4 TURN","400","1200","594","C06-16D"
"P13120","STOPS","1/2 EXPN PEX F1960 x 3/8 COMP STRAIGHT STOP 1/4 TURN","600","1600","1806","C06-16C"
"P13121","STOPS","1/2 PRESS x 3/8 COMP STRAIGHT STOP 1/4 TURN","300","800","962","C06-16C"
"P13122","STOPS","1/2 PRESS x 1/4 COMP STRAIGHT STOP 1/4 TURN","400","800","0","C06-16E"
"P13123","STOPS","1/2 PEX F1807 x 3/8 PEX F1807 ANGLE STOP 1/4 TURN","400","800","0","C06-16E"
"P13124","STOPS","1/2 PEX F1807 x 3/8 PEX F1807 STRAIGHT STOP 1/4 TURN","400","800","0","C06-16E"
"P13125","STOPS","1/2 PEX F1807 x 1/2 PEX F1807 ANGLE STOP 1/4 TURN","600","1600","415","C06-16C"
"P13126","STOPS","1/2 PEX F1807 x 1/2 PEX F1807 STRAIGHT STOP 1/4 TURN","400","1200","282","C06-16D"
"P13200","STOPS","1/2 FEM x 3/8 COMP ANGLE STOP MULTI-TURN","400","800","0","C06-16E"
"P13201","STOPS","1/2 FEM x 1/4 COMP ANGLE STOP MULTI-TURN","400","800","0","C06-16E"
"P13202","STOPS","3/8 FEM x 3/8 COMP ANGLE STOP MULTI-TURN","400","800","0","C06-16E"
"P13203","STOPS","1/2 COP x 3/8 COMP ANGLE STOP MULTI-TURN","400","800","0","C06-16E"
"P13204","STOPS","1/2 COP x 1/4 COMP ANGLE STOP MULTI-TURN","400","800","0","C06-16E"
"P13205","STOPS","1/2"" Nom Comp (5/8"" OD) x 3/8 COMP ANGLE STOP MULTI-TURN","400","800","0","C06-16E"
"P13206","STOPS","1/2"" Nom Comp (5/8"" OD) x 1/4 COMP ANGLE STOP MULTI-TURN","400","800","0","C06-16E"
"P13207","STOPS","1/2 CPVC x 3/8 COMP ANGLE STOP MULTI-TURN","400","800","0","C06-16E"
"P13208","STOPS","1/2 PEX F1807 x 3/8 COMP ANGLE STOP MULTI-TURN","400","800","0","C06-16E"
"P13209","STOPS","1/2 PEX F1807 x 1/4 COMP ANGLE STOP MULTI-TURN","400","800","0","C06-16E"
"P13210","STOPS","1/2 EXPN PEX F1960 x 3/8 COMP ANGLE STOP MULTI-TURN","400","800","0","C06-16E"
"P13211","STOPS","1/2 PRESS x 3/8 COMP ANGLE STOP MULTI-TURN","400","800","0","C06-16E"
"P13212","STOPS","1/2 PRESS x 1/4 COMP ANGLE STOP MULTI-TURN","400","800","0","C06-16E"
"P13213","STOPS","1/2 PEX F1807 x 3/8 PEX F1807 ANGLE STOP MULTI-TURN","400","800","0","C06-16E"
"P13214","STOPS","1/2 PEX F1807 x 1/2 PEX F1807 ANGLE STOP MULTI-TURN","400","800","0","C06-16E"
"P13217","STOPS","1/2 PUSH x 3/8 COMP ANGLE STOP MULTI-TURN","400","800","0","C06-16E"
"P13218","STOPS","1/2 PUSH x 1/2 COMP ANGLE STOP MULTI-TURN","400","800","0","C06-16E"
"P13219","STOPS","1/2 FEM x3/8 COMP STRAIGHT STOP MULTI-TURN","400","800","0","C06-16E"
"P13220","STOPS","3/8 FEM x 3/8 COMP STRAIGHT STOP MULTI-TURN","400","800","0","C06-16E"
"P13221","STOPS","1/2 COP x 3/8 COMP STRAIGHT STOP MULTI-TURN","400","800","0","C06-16E"
"P13222","STOPS","1/2"" Nom Comp (5/8"" OD) x 3/8 COMP STRAIGHT STOP MULTI-TURN","400","800","0","C06-16E"
"P13223","STOPS","1/2 CPVC x 3/8 COMP STRAIGHT STOP MULTI-TURN","400","800","0","C06-16E"
"P13224","STOPS","1/2 PEX F1807 x 3/8 COMP STRAIGHT STOP MULTI-TURN","400","800","0","C06-16E"
"P13225","STOPS","1/2 PEX F1807 x 1/4 COMP STRAIGHT STOP MULTI-TURN","400","800","0","C06-16E"
"P13226","STOPS","1/2 EXPN PEX F1960 x 3/8 COMP STRAIGHT STOP MULTI-TURN","400","800","0","C06-16E"
"P13227","STOPS","1/2 PRESS x 3/8 COMP STRAIGHT STOP MULTI-TURN","400","800","0","C06-16E"
"P13228","STOPS","1/2 PRESS x 1/4 COMP STRAIGHT STOP MULTI-TURN","400","800","0","C06-16E"
"P13229","STOPS","1/2 PEX F1807 x 3/8 PEX F1807 STRAIGHT STOP MULTI-TURN","400","800","0","C06-16E"
"P13230","STOPS","1/2 PEX F1807 x 1/2 PEX F1807 STRAIGHT STOP MULTI-TURN","400","800","0","C06-16E"
"P13231","STOPS","1/2 PUSH x 3/8 COMP STRAIGHT STOP MULTI-TURN","400","800","0","C06-16E"
"P13232","STOPS","1/2 PUSH x 1/2 COMP STRAIGHT STOP MULTI-TURN","400","800","0","C06-16E"
"P13270","STOPS","1/2"" Nom Comp (5/8"" OD) x 3/8 COMP ANGLE STOP - Loose Key","600","1200","300","C06-16E"
"P13346","STOPS","1/2x1/4 Push 1/4 Turn Straight Stop Valve","60","180","4","C06-16D"
"P13347","STOPS","1/2 Push x 1/4 OD (Comp) 1/4 Turn Angle Stop Valve","200","600","244","C06-16D"
"P13348","STOPS","1/2 Push x 3/8 OD (Comp) 1/4 Turn Straight Stop Valve","300","800","3910","C06-16C"
"P13349","STOPS","1/2 Push x 3/8 OD (Comp) 1/4 Turn Angle Stop Valve","300","800","1112","C06-16C"
"P13350","STOPS","1/2 Push x 1/4 OD (Comp) 1/4 Turn Straight Stop Valve","60","180","12","C06-16D"
"P13480","STOPS","1/2 PEX NO CRIMP x 3/8 COMP ANGLE STOP 1/4 TURN","200","400","300","C06-16E"
"P13481","STOPS","1/2 PEX NO CRIMP x 3/8 COMP STRAIGHT STOP 1/4 TURN","200","400","300","C06-16E"
"P13482","STOPS","1/2 PEX NO CRIMP x 1/4 COMP ANGLE STOP 1/4 TURN","200","600","200","C06-16D"
"P13483","STOPS","1/2 PEX NO CRIMP x 1/4 COMP STRAIGHT STOP 1/4 TURN","200","400","200","C06-16E"
"P10678","STOPS","1/2 Nom Comp (5/8 OD) x 3/8 OD x 3/8 OD Dual Outlet Multi-Turn Angle Stop","200","600","554","C06-16D"
"P10679","STOPS","1/2 Nom Comp (5/8 OD) x 3/8 OD x 3/8 OD Dual Outlet, Dual Shut-Off (Chrome) Multi-Turn Angle Stop","160","480","526","C06-16D"
"P10720","STOPS","1/2 Nom Comp (5/8 OD) x 3/8 OD x 3/8 OD Dual Outlet, Dual Shut-Off (Rough) Multi-Turn Angle Stop","400","800","0","C06-16E"
"P1463","STPLG","1/2x3/8 Blk Hex Bushing-Steel","1200","1200","275","C04-33D"
"P3068","STPLG","1/4 Blk Stl Solid Sq Hd Plug","1800","1800","1000","C04-33D"
"P12170","VALVE","1/2 Radiator Angle Valve","300","800","0","C08-01D"
"P12186","VALVE","3 Press Copper Ball Valve","16","48","16","C08-01C"
"P12187","VALVE","4 Press Copper Ball Valve","8","24","-1","C08-02C"
"P12196","VALVE","2-1/2 Press Copper Ball Valve","24","72","4","C08-01C"
"P12241","VALVE","2 Lock Wing Gas Cock","36","96","0","C08-03D"
"P12274","VALVE","1 1/2 Lock Wing Gas Cock","120","320","0","C08-02D"
"P12524","VALVE","3/4 Swing Check Valve IPS","180","480","37","C08-06D"
"P12575","VALVE","3/4 Hot Water Radiator Angle Valve","180","480","0","C08-06D"
"P12722","VALVE","1/2 Brass Ball Valve IPS - Long Stem","300","800","0","C08-06D"
"P12771","VALVE","1/2 EXPN F1960 PEX Ball Valve","400","1200","1020","C08-04B"
"P12772","VALVE","3/4 EXPN F1960 PEX Ball Valve","400","1200","209","C08-04B"
"P12773","VALVE","1 EXPN F1960 PEX Ball Valve","320","960","220","C08-04B"
"P12798","VALVE","3/4 Brass Ball Valve IPS - Long Stem","180","480","0","C08-02D"
"P12905","VALVE","1/2 F1807 PEX Ball Valve (T-Handle)","400","1200","500","C08-06C"
"P12906","VALVE","3/4 F1807 PEX Ball Valve (T-Handle)","180","480","800","C08-02D"
"P12908","VALVE","1 F1807 PEX Ball Valve (T-Handle)","160","480","0","C08-06C"
"P12913","VALVE","1/2 F1960 EXPN PEX Ball Valve (T-Handle)","300","800","200","C08-01D"
"P12914","VALVE","3/4 F1960 EXPN PEX Ball Valve (T-Handle)","180","480","300","C08-02D"
"P12915","VALVE","1 F1960 EXPN PEX Ball Valve (T-Handle)","160","480","160","C08-06C"
"P12931","VALVE","1/2 CPVC Ball Valve","400","1200","514","C08-06B"
"P12932","VALVE","3/4 CPVC Ball Valve","2300","3700","787","C08-06A"
"P12933","VALVE","1 CPVC Ball Valve","400","1200","401","C08-06B"
"P12934","VALVE","1-1/4 CPVC Ball Valve","128","384","90","C08-06B"
"P12935","VALVE","1-1/2 CPVC Ball Valve","96","288","133","C08-06B"
"P12936","VALVE","2 CPVC Ball Valve","64","192","0","C08-06C"
"P12990","VALVE","1/4 Brass Ball Valve IPS Apollo","360","960","0","C08-03D"
"P12994","VALVE","2 Black Lock Wing Gas Cock","36","96","0","C08-03D"
"P13077","VALVE","1/2 Press Ball Valve w/ Drain","400","1200","-100","C08-02C"
"P13078","VALVE","3/4 Press Ball Valve w/ Drain","240","720","16","C08-02C"
"P13079","VALVE","1 Press Ball Valve w/ Drain","160","480","51","C08-02C"
"P13081","VALVE","1/2 Press x PEX F1807 Ball Valve","400","1200","420","C08-02C"
"P13082","VALVE","3/4 Press x PEX F1807 Ball Valve","240","720","202","C08-02C"
"P13083","VALVE","1 Press x PEX F1807 Ball Valve","160","480","56","C08-02C"
"P13132","VALVE","1/2 Spring Check Valve IPS","300","800","0","C08-03D"
"P13133","VALVE","3/4 Spring Check Valve IPS","180","480","0","C08-03D"
"P13134","VALVE","1 Spring Check Valve IPS","120","320","0","C08-02D"
"P13135","VALVE","1-1/4 Spring Check Valve IPS","108","288","0","C08-03D"
"P13136","VALVE","1-1/2 Spring Check Valve IPS","72","192","0","C08-03D"
"P13137","VALVE","2 Spring Check Valve IPS","36","96","0","C08-03D"
"P13138","VALVE","2-1/2 Spring Check Valve IPS","18","48","0","C08-03D"
"P13139","VALVE","3 Spring Check Valve IPS","18","48","0","C08-03D"
"P13140","VALVE","4 Spring Check Valve IPS","6","16","0","C08-04D"
"P13141","VALVE","1/2 Spring Check Valve CxC","300","800","0","C08-03D"
"P13142","VALVE","3/4 Spring Check Valve CxC","180","480","0","C08-03D"
"P13143","VALVE","1 Spring Check Valve CxC","120","320","0","C08-02D"
"P13144","VALVE","1-1/4 Spring Check Valve CxC","108","288","0","C08-03D"
"P13145","VALVE","1-1/2 Spring Check Valve CxC","72","192","0","C08-03D"
"P13146","VALVE","2 Spring Check Valve CxC","36","96","0","C08-03D"
"P13185","VALVE","1/2 F1807 PEX Ball Valve w/ Drain","400","1200","0","C08-04B"
"P13186","VALVE","3/4 F1807 PEX Ball Valve w/ Drain","240","720","0","C08-04B"
"P13187","VALVE","1 F1807 PEX Ball Valve w/ Drain","160","480","0","C08-04B"
"P13240","VALVE","3/4 Threaded Hot & Cold Tankless Water Heater Iso. Valve w/Presure Relief - Lead Free","128","224","250","C08-06A"
"P13241","VALVE","1 Threaded Hot & Cold Tankless Water Heater Iso. Valve w/Presure Relief - Lead Free","120","320","0","C08-06D"
"P13242","VALVE","3/4 Sweat Hot & Cold Tankless Water Heater Iso. Valve w/Presure Relief - Lead Free","64","192","27","C08-03C"
"P13243","VALVE","1 Sweat Hot & Cold Tankless Water Heater Iso. Valve w/Presure Relief - Lead Free","120","320","0","C08-02D"
"P13244","VALVE","3/4 PEX Hot & Cold Tankless Water Heater Iso. Valve w/Presure Relief - Lead Free","64","192","183","C08-03C"
"P13245","VALVE","1 PEX Hot & Cold Tankless Water Heater Iso. Valve w/Presure Relief - Lead Free","120","320","0","C08-02D"
"P13246","VALVE","3/4 Press Hot & Cold Tankless Water Heater Iso. Valve w/Presure Relief - Lead Free","64","192","38","C08-04C"
"P13247","VALVE","1 Press Hot & Cold Tankless Water Heater Iso. Valve w/Presure Relief - Lead Free","120","320","0","C08-02D"
"P13264","VALVE","3/4 Press Boiler Drain","180","480","0","C08-03D"
"P13266","VALVE","1 F1960 PEX Valve w/Drain","160","480","240","C08-06C"
"P13267","VALVE","1/2 F1960 PEX Valve w/Drain","300","800","-540","C08-01D"
"P13268","VALVE","1 F1960 PEX x Copper Valve","160","480","634","C08-06C"
"P13269","VALVE","3/4 F1960 PEX x Copper Valve","180","480","730","C08-02D"
"P13275","VALVE","3/4 F1960 PEX Valve w/Drain","","","1700","C08-04D"
"P13340","VALVE","1 Push Ball Valve","160","480","950","C08-06C"
"P13341","VALVE","3/4 Push Ball Valve","240","720","413","C08-06C"
"P13342","VALVE","1/2 Push Ball Valve","400","1200","29","C08-06C"
"P13589","VALVE","3/4 Fem Boiler Drain Multi-Turn","180","480","0","C08-03D"
"P7216","VALVE","1/2 Brass Ball Valve IPS","900","1700","3725","C08-01A"
"P7218","VALVE","3/4 Brass Ball Valve IPS","960","2000","4204","C08-01A"
"P7219","VALVE","1/2 Brass Ball Valve CxC","400","1200","467","C08-02B"
"P7222","VALVE","3/4 Brass Ball Valve CxC","1040","2160","3475","C08-03A"
"P7223","VALVE","1 Brass Ball Valve CxC","192","576","223","C08-02B"
"P7224","VALVE","1 Brass Ball Valve IPS","576","1,296","2155","C08-02A"
"P7225","VALVE","1-1/4 Brass Ball Valve CxC","144","432","354","C08-02B"
"P7226","VALVE","1-1/2 Brass Ball Valve CxC","96","288","237","C08-02B"
"P7229","VALVE","2 Brass Ball Valve CxC","48","144","130","C08-03B"
"P7231","VALVE","1-1/4 Brass Ball Valve IPS","144","432","672","C08-01B"
"P7232","VALVE","1-1/2 Brass Ball Valve IPS","96","288","164","C08-01B"
"P7233","VALVE","2 Brass Ball Valve IPS","216","456","294","C08-02A"
"P7234","VALVE","2-1/2 Brass Ball Valve IPS","24","72","28","C08-02B"
"P7235","VALVE","3 Brass Ball Valve IPS","24","72","35","C08-02B"
"P7236","VALVE","1/2 Hose Bibb - 1/4 Turn","400","1200","357","C08-04C"
"P7237","VALVE","3/4 Hose Bibb - 1/4 Turn","240","720","290","C08-04C"
"P7244","VALVE","1/2 Male Boiler Drain Multi-Turn","400","1200","826","C08-03C"
"P7245","VALVE","3/4 Male Boiler Drain Multi-Turn","400","1200","1700","C08-03C"
"P7246","VALVE","1/2 Male Boiler Drain 1/4 Turn","400","1200","116","C08-03C"
"P7247","VALVE","1/2 Gas Ball Valve IPS","2300","4900","7338","C08-03A"
"P7248","VALVE","3/4 Gas Ball Valve IPS","1700","4100","5692","C08-04A"
"P7249","VALVE","1/2 Valve Locking Handle","300","800","0","C08-03D"
"P7250","VALVE","3/4 Male Boiler Drain 1/4 Turn","400","1200","326","C08-03C"
"P7252","VALVE","3/4 Valve Locking Handle","180","480","0","C08-04D"
"P7253","VALVE","1 Valve Locking Handle","120","320","0","C08-06D"
"P7256","VALVE","1-1/4 Valve Locking Handle","108","288","0","C08-03D"
"P7257","VALVE","1-1/2 Valve Locking Handle","72","192","0","C08-03D"
"P7258","VALVE","2 Valve Locking Handle","36","96","0","C08-03D"
"P7448","VALVE","1/4 Brass Ball Valve IPS","480","1440","987","C08-01B"
"P7449","VALVE","3/8 Brass Ball Valve IPS","480","1440","1315","C08-01B"
"P7450","VALVE","2-1/2 Brass Ball Valve CxC","24","72","36","C08-03B"
"P7451","VALVE","3 Brass Ball Valve CxC","24","72","23","C08-03B"
"P7452","VALVE","4 Brass Ball Valve CxC","8","24","0","C08-03B"
"P7453","VALVE","3/8 Gas Ball Valve IPS","300","800","16","C08-06D"
"P7454","VALVE","1 Gas Ball Valve IPS","240","720","424","C08-03B"
"P7734","VALVE","1/2 PEX Ball Valve","800","1900","3032","C08-04A"
"P7735","VALVE","3/4 PEX Ball Valve","2300","4400","5116","C08-05A"
"P7761","VALVE","1 Radiator Angle Valve","144","432","377","C08-01B"
"P7762","VALVE","1-1/4 Radiator Angle Valve","96","288","302","C08-01B"
"P7763","VALVE","1 Radiator Gate Valve","160","480","24","C08-04C"
"P7764","VALVE","1-1/4 Radiator Gate Valve","144","432","274","C08-05C"
"P7765","VALVE","1 Radiator Convector Valve","160","480","160","C08-01B"
"P7766","VALVE","1-1/4 Radiator Convector Valve","144","432","248","C08-01B"
"P7811","VALVE","4 Brass Ball Valve IPS","8","24","3","C08-02B"
"P7862","VALVE","1 PEX Ball Valve","240","720","1225","C08-03B"
"P8325","VALVE","3 Brass Gate Valve CxC","18","48","0","C08-03D"
"P8572","VALVE","2 Swing Check Valve CxC","48","128","4","C08-03D"
"P8622","VALVE","2 Swing Check Valve IPS","64","192","41","C08-05C"
"P8623","VALVE","1 Swing Check Valve IPS","120","320","16","C08-06D"
"P8656","VALVE","1-1/2 Swing Check Valve IPS","72","192","2","C08-01D"
"P8769","VALVE","1-1/4 Press Copper Ball Valve","144","432","252","C08-01C"
"P8770","VALVE","3/4 Press Copper Ball Valve","660","1380","3702","C08-05A"
"P8781","VALVE","1/2 Press Copper Ball Valve","400","1200","1052","C08-01C"
"P15970","VALVE","1/2 PVC Ball Valve - Glue (SxS)","480","1440","1487","C08-05B"
"P15971","VALVE","3/4 PVC Ball Valve - Glue (SxS)","800","2400","263","C08-05B"
"P15972","VALVE","1 PVC Ball Valve - Glue (SxS)","400","1200","12","C08-05B"
"P15973","VALVE","1-1/4 PVC Ball Valve - Glue (SxS)","160","480","23","C08-05B"
"P15974","VALVE","1-1/2 PVC Ball Valve - Glue (SxS)","160","480","38","C08-05B"
"P15975","VALVE","2 PVC Ball Valve - Glue (SxS)","96","288","457","C08-06B"
"P15976","VALVE","2-1/2 PVC Ball Valve - Glue (SxS)","48","144","0","C08-06B"
"P15977","VALVE","3 PVC Ball Valve - Glue (SxS)","8","24","3","C08-06B"
"P15978","VALVE","4 PVC Ball Valve - Glue (SxS)","4","12","12","C08-06B"
"P15979","VALVE","1/2 PVC Ball Valve - Threaded","360","960","0","C08-01D"
"P15980","VALVE","3/4 PVC Ball Valve - Threaded","240","640","0","C08-03D"
"P15981","VALVE","1 PVC Ball Valve - Threaded","180","480","0","C08-02D"
"P15982","VALVE","1-1/4 PVC Ball Valve - Threaded","160","480","0","C08-05C"
"P15983","VALVE","1-1/2 PVC Ball Valve - Threaded","90","240","0","C08-01D"
"P15984","VALVE","2 PVC Ball Valve - Threaded","60","160","0","C08-01D"
"P15985","VALVE","1/2 Spring Check Valve PVC Sch40","300","800","0","C08-03D"
"P15986","VALVE","3/4 Spring Check Valve PVC Sch40","180","480","0","C08-03D"
"P15987","VALVE","1 Spring Check Valve PVC Sch40","120","320","0","C08-02D"
"P15988","VALVE","1-1/4 Spring Check Valve PVC Sch40","108","288","0","C08-03D"
"P15989","VALVE","1-1/2 Spring Check Valve PVC Sch40","72","192","0","C08-03D"
"P15990","VALVE","2 Spring Check Valve PVC Sch40","36","96","0","C08-03D"
"P15991","VALVE","1/2 ArmorPress Ball Valve - Gas (HNBR)","180","480","60","C08-03D"
"P15992","VALVE","3/4 ArmorPress Ball Valve - Gas (HNBR)","120","320","240","C08-02D"
"P15993","VALVE","1 ArmorPress Ball Valve - Gas (HNBR)","96","288","144","C08-06C"
"P15994","VALVE","1-1/4 ArmorPress Ball Valve - Gas (HNBR)","48","128","79","C08-01D"
"P15995","VALVE","1-1/2 ArmorPress Ball Valve - Gas (HNBR)","24","64","80","C08-01D"
"P15996","VALVE","2 ArmorPress Ball Valve - Gas (HNBR)","18","48","0","C08-01D"
"P9039","VALVE","1 Press Copper Ball Valve","160","480","560","C08-01C"
"P9115","VALVE","3/4 Swing Check Valve CxC","180","480","38","C08-04D"
"P9295","VALVE","1-1/2 Press Copper Ball Valve","64","192","76","C08-01C"
"P9467","VALVE","1 Swing Check Valve CxC","120","320","70","C08-06D"
"P9473","VALVE","3/4 MHT Vacuum Breaker","180","480","-400","C08-02D"
"P9613","VALVE","3 Swing Check Valve IPS","18","48","4","C08-06D"
"P9803","VALVE","3/4 Radiator Angle Valve","240","720","352","C08-05C"
"P16991","VALVE","1/2 ArmorPress Ball Valve- Water (EPDM)","180","480","60","C08-03D"
"P16992","VALVE","3/4 ArmorPress Ball Valve- Water (EPDM)","120","320","120","C08-02D"
"P16993","VALVE","1 ArmorPress Ball Valve- Water (EPDM)","96","288","0","C08-06C"
"P16994","VALVE","1-1/4 ArmorPress Ball Valve- Water (EPDM)","48","128","16","C08-01D"
"P16995","VALVE","1-1/2 ArmorPress Ball Valve- Water (EPDM)","24","64","8","C08-01D"
"P16996","VALVE","2 ArmorPress Ball Valve- Water (EPDM)","18","48","6","C08-01D"
"P10061","VALVE","3/4 Radiator Straight Valve","180","480","0","C08-03D"
"P10065","VALVE","1/2 Swing Check Valve IPS","400","1200","277","C08-05C"
"P10066","VALVE","1/2 Swing Check Valve CxC","300","800","0","C08-06D"
"P10067","VALVE","1-1/4 Swing Check Valve CxC","90","240","1","C08-02D"
"P10068","VALVE","1-1/2 Swing Check Valve CxC","72","192","27","C08-01D"
"P10069","VALVE","1/2 Spring Check Valve PxP","300","800","0","C08-03D"
"P10070","VALVE","3/4 Spring Check Valve PxP","180","480","7","C08-03D"
"P10073","VALVE","1 Spring Check Valve PxP","120","320","0","C08-02D"
"P10075","VALVE","1-1/4 Spring Check Valve PxP","108","288","0","C08-03D"
"P10079","VALVE","1-1/2 Spring Check Valve PxP","72","192","0","C08-01D"
"P10087","VALVE","2 Spring Check Valve PxP","36","96","0","C08-03D"
"P10094","VALVE","1/2 Swing Check Valve PxP","300","800","70","C08-06D"
"P10096","VALVE","3/4 Swing Check Valve PxP","180","480","57","C08-06D"
"P10105","VALVE","1 Swing Check Valve PxP","120","320","64","C08-06D"
"P10113","VALVE","1-1/4 Swing Check Valve PxP","108","288","21","C08-06D"
"P10114","VALVE","1-1/2 Swing Check Valve PxP","72","192","21","C08-06D"
"P10115","VALVE","2 Swing Check Valve PxP","36","96","49","C08-06D"
"P3003","VALVE","3/8 Brass Gate Valve IPS","300","800","0","C08-04D"
"P3004","VALVE","1/2 Brass Gate Valve IPS","400","1200","60","C08-04C"
"P3005","VALVE","3/4 Brass Gate Valve IPS","180","480","0","C08-06D"
"P3006","VALVE","1 Brass Gate Valve IPS","180","480","-9","C08-06D"
"P3007","VALVE","1-1/4 Brass Gate Valve IPS","120","320","-4","C08-06D"
"P3008","VALVE","1-1/2 Brass Gate Valve IPS","90","240","0","C08-06D"
"P3009","VALVE","2 Brass Gate Valve IPS","64","192","21","C08-05C"
"P3010","VALVE","2-1/2 Brass Gate Valve IPS","36","96","0","C08-03D"
"P3011","VALVE","3 Brass Gate Valve IPS","24","64","0","C08-02D"
"P3012","VALVE","4 Brass Gate Valve IPS","12","32","0","C08-06D"
"P3013","VALVE","1/2 Brass Gate Valve CxC","360","960","0","C08-06D"
"P3014","VALVE","3/4 Brass Gate Valve CxC","288","768","0","C08-03D"
"P3015","VALVE","1 Brass Gate Valve CxC","180","480","0","C08-02D"
"P3016","VALVE","1-1/4 Brass Gate Valve CxC","120","320","0","C08-03D"
"P3017","VALVE","1-1/2 Brass Gate Valve CxC","90","240","0","C08-06D"
"P3018","VALVE","2 Brass Gate Valve CxC","60","160","3","C08-03D"
"P3409","VALVE","1/4 Brass Gate Valve IPS","360","960","0","C08-03D"
"P10958","VALVE","1-1/4 EXPN F1960 PEX Ball Valve","144","432","256","C08-04B"
"P10959","VALVE","1-1/2 EXPN F1960 PEX Ball Valve","96","288","50","C08-04B"
"P10960","VALVE","2 EXPN F1960 PEX Ball Valve","48","144","96","C08-05B"
"P10988","VALVE","2-1/2 Swing Check Valve IPS","24","64","0","C08-03D"
"P11076","VALVE","1 Lock Wing Gas Cock","120","320","0","C08-02D"
"P11091","VALVE","1-1/4 Swing Check Valve IPS","90","240","29","C08-02D"
"P11096","VALVE","4 Swing Check Valve IPS","9","24","0","C08-04D"
"P11109","VALVE","3/4 Lock Wing Gas Cock","180","480","0","C08-06D"
"P11240","VALVE","3/4 Brass Ball Valve CxC - Long Stem","400","1200","200","C08-05C"
"P11678","VALVE","1-1/2 Radiator Angle Valve","96","288","0","C08-05C"
"P11689","VALVE","1-1/4 Lock Wing Gas Cock","108","288","0","C08-03D"
"P11832","VALVE","1/2 Radiator Straight Valve","300","800","0","C08-01D"
"P11839","VALVE","2 Press Copper Ball Valve","48","144","34","C08-01C"
"P11916","VALVE","1/2 Brass Ball Valve CxC - Long Stem","400","1200","580","C08-04C"
"P12226","XHNIP","3/4x6-1/2 Blk XH Nip Sch 80","100","250","645","C02-36E"
"P12231","XHNIP","3x5 Blk XH Nipples Sch 80","20","50","12","C02-34E"
"P5487","XHNIP","3x5-1/2 Blk XH Nipples Sch 80","20","50","12","C02-36E"
"P12992","XHNIP","2-1/2xCl-6 One Ea XH Blk Assort","4","10","14","C02-34E"
"P6298","XHNIP","3xCl Blk XH Nipples Sch 80","60","165","35","C02-34C"
"P6368","XHNIP","1/4x3 Gal XH Nipples Sch 80","400","1000","300","C02-36E"
"P7180","XHNIP","1-1/2xCl Gal XH Steel Nipple","50","125","75","C02-36E"
"P8080","XHNIP","3/4 X 7-1/2 XH BLK NIPPLE","100","250","0","C02-36E"
"P8081","XHNIP","1-1/4x13 XH BLK S.80 TOE/R&C","100","250","0","C02-36E"
"P8147","XHNIP","1/2x1-1/2 SCH80 BLK SMLS NIP","200","500","0","C02-36E"
"P8806","XHNIP","1-1/2 x CL XH SMLS BLK NIPPLE","50","125","0","C02-36E"
"P9598","XHNIP","2xCL Galv XH Nipples Sch 80","40","100","0","C02-36E"
"P9927","XHNIP","2-1/2x4-1/2 Blk XH Nipples Sch 80","30","75","22","C02-34E"
"P9928","XHNIP","2-1/2x5 Blk XH Nipples Sch 80","60","165","37","C02-34C"
"P9929","XHNIP","4x4 Blk XH Nipples Sch 80","600","1500","36","C02-36E"
"P9934","XHNIP","4xCl Blk XH Nipples Sch 80","600","1500","7","C02-36E"
"P1267","XHNIP","1-1/2x4 Blk XH Nipples Sch80 TOE","50","125","0","C02-36E"
"P10038","XHNIP","1x2 ZINC Nipple Sch 80 XH","100","250","100","C02-36E"
"P10085","XHNIP","1x8 Blk XH Nipples Sch 80","100","275","42","C02-35D"
"P3536","XHNIP","1/8xCl Blk XH Nipples Sch 80","1200","3300","0","C02-34D"
"P3537","XHNIP","1/8x1-1/2 Blk XH Nipples Sch 8 0","600","1500","0","C02-35E"
"P3538","XHNIP","1/8x2 Blk XH Nipples Sch 80","600","1500","0","C02-35E"
"P3539","XHNIP","1/8x2-1/2 Blk XH Nipples Sch 8 0","600","1500","0","C02-35E"
"P3540","XHNIP","1/8x3 Blk XH Nipples Sch 80","600","1500","0","C02-35E"
"P3541","XHNIP","1/8x3-1/2 Blk XH Nipples Sch 8 0","600","1500","0","C02-35E"
"P3542","XHNIP","1/8x4 Blk XH Nipples Sch 80","600","1500","0","C02-35E"
"P3543","XHNIP","1/8x4-1/2 Blk XH Nipples Sch 8 0","400","1000","0","C02-35E"
"P3544","XHNIP","1/8x5-1/2 Blk XH Nipples Sch 8 0","400","1000","0","C02-35E"
"P3545","XHNIP","1/8x5 Blk XH Nipples Sch 80","400","1000","0","C02-35E"
"P3546","XHNIP","1/8x6 Blk XH Nipples Sch 80","400","1000","0","C02-35E"
"P3548","XHNIP","1/4x1-1/2 Blk XH Nipples Sch80","1200","3300","74","C02-34D"
"P3549","XHNIP","1/4x2 Blk XH Nipples Sch 80","300","300","47","C02-34A"
"P3550","XHNIP","1/4x2-1/2 Blk XH Nipples Sch 80","1200","3300","208","C02-35C"
"P3551","XHNIP","1/4x3 Blk XH Nipples Sch 80","300","600","278","C02-35A"
"P3552","XHNIP","1/4x3-1/2 Blk XH Nipples Sch 80","800","2200","185","C02-35C"
"P3553","XHNIP","1/4x4 Blk XH Nipples Sch 80","800","2200","145","C02-34B"
"P3554","XHNIP","1/4x4-1/2 Blk XH Nipples Sch 80","600","1650","155","C02-34D"
"P3555","XHNIP","1/4x5 Blk XH Nipples Sch 80","600","1650","183","C02-34C"
"P3556","XHNIP","1/4x5-1/2 Blk XH Nipples Sch 80","600","1650","118","C02-34D"
"P3557","XHNIP","1/4x6 Blk XH Nipples Sch 80","150","300","186","C02-35A"
"P3558","XHNIP","3/8xCl Blk XH Nipples Sch 80","1200","3300","234","C02-34B"
"P3559","XHNIP","3/8x1-1/2 Blk XH Nipples Sch 80","1200","3300","442","C02-35B"
"P3560","XHNIP","3/8x2 Blk XH Nipples Sch 80","300","300","239","C02-34A"
"P3561","XHNIP","3/8x2-1/2 Blk XH Nipples Sch 80","600","1500","252","C02-35E"
"P10728","XHNIP","2xCL SCH 80 STEEL NIPPLE TOE","40","100","0","C02-36E"
"P3562","XHNIP","3/8x3 Blk XH Nipples Sch 80","800","2200","560","C02-36D"
"P3563","XHNIP","3/8x3-1/2 Blk XH Nipples Sch 80","300","750","30","C02-35E"
"P3564","XHNIP","3/8x4 Blk XH Nipples Sch 80","600","1650","336","C02-35B"
"P3565","XHNIP","3/8x4-1/2 Blk XH Nipples Sch 80","600","1650","57","C02-34D"
"P3566","XHNIP","3/8x5 Blk XH Nipples Sch 80","300","750","102","C02-35E"
"P3567","XHNIP","3/8x5-1/2 Blk XH Nipples Sch 80","200","500","0","C02-35E"
"P3568","XHNIP","3/8x6 Blk XH Nipples Sch 80","400","1100","69","C02-36B"
"P10735","XHNIP","2 X 24 SCH 80 XH BLK NIPPLE","40","100","0","C02-36E"
"P3572","XHNIP","1/2xCL Blk XH Nipples Sch 80","1200","3300","830","C02-34B"
"P3573","XHNIP","1/2x1-1/2 Blk XH Nip Sch80","300","300","180","C02-35A"
"P3574","XHNIP","1/2x2 Blk XH Nipples Sch 80","300","300","400","C02-34A"
"P3575","XHNIP","1/2x2-1/2 Blk XH Nipples Sch 80","800","2200","177","C02-34B"
"P3576","XHNIP","1/2x3 Blk XH Nipples Sch 80","200","600","361","C02-35A"
"P3577","XHNIP","1/2x3-1/2 Blk XH Nipples Sch80","600","1650","17","C02-35B"
"P3578","XHNIP","1/2x4 Blk XH Nipples Sch 80","600","1650","270","C02-36D"
"P3579","XHNIP","1/2x4-1/2 Blk XH Nipples Sch80","200","500","157","C02-36E"
"P3580","XHNIP","1/2x5 Blk XH Nipples Sch 80","400","1100","145","C02-35C"
"P3581","XHNIP","1/2x5-1/2 Blk XH Nipples Sch 8 0","200","500","223","C02-36E"
"P3582","XHNIP","1/2x6 Blk XH Nipples Sch80","200","550","597","C02-35B"
"P3583","XHNIP","3/4xCL Blk XH Nipples Sch 80","200","1200","1016","C02-36A"
"P3585","XHNIP","3/4x2 Blk XH Nipples Sch 80","600","1650","491","C02-35C"
"P3586","XHNIP","3/4x2-1/2 Blk XH Nipples Sch80","150","300","300","C02-36A"
"P3587","XHNIP","3/4x3 Blk XH Nipples Sch 80","200","300","534","C02-36A"
"P3588","XHNIP","3/4x3-1/2 Blk XH Nipples Sch80","400","1100","43","C02-34B"
"P3589","XHNIP","3/4x4 Blk XH Nipples Sch 80","150","900","680","C02-36A"
"P3590","XHNIP","3/4x4-1/2 Blk XH Nipples Sch 80","300","825","979","C02-36C"
"P3591","XHNIP","3/4x5 Blk XH Nipples Sch 80","200","550","100","C02-36C"
"P3592","XHNIP","3/4x5-1/2 Blk XH Nipples Sch80","50","250","161","C02-35A"
"P3593","XHNIP","3/4x6 Blk XH Nipples Sch 80","200","550","6","C02-35C"
"P3594","XHNIP","1xCL Blk XH Nipples Sch 80","600","1650","0","C02-35C"
"P3595","XHNIP","1x2 Blk XH Nipples Sch 80","400","1100","469","C02-34D"
"P3596","XHNIP","1x2-1/2 Blk XH Nipples Sch 80","100","100","270","C02-34A"
"P3597","XHNIP","1x3 Blk XH Nipples Sch 80","75","675","217","C02-34A"
"P3598","XHNIP","1x3-1/2 Blk XH Nipples Sch 80","75","225","259","C02-36A"
"P3599","XHNIP","1x4 Blk XH Nipples Sch 80","100","300","71","C02-34A"
"P3600","XHNIP","1x4-1/2 Blk XH Nipples Sch 80","200","550","72","C02-35B"
"P3601","XHNIP","1x5 Blk XH Nipples Sch 80","200","550","23","C02-36B"
"P3602","XHNIP","1x5-1/2 Blk XH Nipples Sch 80","160","440","175","C02-36C"
"P3603","XHNIP","1x6 Blk XH Nipples Sch 80","160","440","107","C02-36D"
"P3604","XHNIP","1-1/4xCL Blk XH Nipples Sch 80","75","225","280","C02-34A"
"P3605","XHNIP","1-1/4x2 Blk XH Nipples Sch 80","300","825","567","C02-35B"
"P3606","XHNIP","1-1/4x2-1/2 Blk XH Nipples Sch 80","200","550","0","C02-36B"
"P3607","XHNIP","1-1/4x3 Blk XH Nipples Sch 80","200","550","22","C02-36D"
"P3608","XHNIP","1-1/4x3-1/2 Blk XH Nipples Sch 80","200","550","61","C02-36B"
"P3609","XHNIP","1-1/4x4 Blk XH Nipples Sch 80","200","550","60","C02-36D"
"P3610","XHNIP","1-1/4x4-1/2 Blk XH Nipples Sch 80","200","550","0","C02-35D"
"P3611","XHNIP","1-1/4x5 Blk XH Nipples Sch 80","200","550","325","C02-34C"
"P3612","XHNIP","1-1/4x5-1/2 Blk XH Nipples Sch 80","100","275","132","C02-35D"
"P3613","XHNIP","1-1/4x6 Blk XH Nipples Sch 80","25","100","61","C02-36A"
"P3614","XHNIP","1-1/2xCL Blk XH Nipples Sch 80","200","550","86","C02-34B"
"P3615","XHNIP","1-1/2x2 Blk XH Nipples Sch 80","160","440","148","C02-34B"
"P3616","XHNIP","1-1/2x2-1/2 Blk XH Nipples Sch 80","100","275","75","C02-36C"
"P3617","XHNIP","1-1/2x3 Blk XH Nipples Sch 80","100","275","130","C02-36C"
"P3618","XHNIP","1-1/2x3-1/2 Blk XH Nipples Sch 80","100","275","60","C02-36B"
"P3619","XHNIP","1-1/2x4 Blk XH Nipples Sch 80","100","275","179","C02-34B"
"P10787","XHNIP","1/2xCl-6 One Ea XH Blk Assort","64","176","154","C02-34C"
"P3620","XHNIP","1-1/2x4-1/2 Blk XH Nipples Sch 80","100","275","24","C02-35D"
"P3621","XHNIP","1-1/2x5 Blk XH Nipples Sch 80","100","275","109","C02-36C"
"P3622","XHNIP","1-1/2x5-1/2 Blk XH Nipples Sch 80","100","275","79","C02-36B"
"P3623","XHNIP","1-1/2x6 Blk XH Nipples Sch 80","100","275","-1","C02-36D"
"P10791","XHNIP","1xCl-6 One Ea XH Blk Assort","24","36","-43","C02-34A"
"P3624","XHNIP","2xCL Blk XH Nipples Sch 80","160","440","100","C02-35C"
"P10792","XHNIP","1-1/4XCl-6 One Ea XH Blk Assor","24","66","34","C02-34D"
"P3625","XHNIP","2x2-1/2 Blk XH Nipples Sch 80","75","350","42","C02-36A"
"P3626","XHNIP","2x3 Blk XH Nipples Sch 80","100","275","252","C02-35B"
"P3627","XHNIP","2x3-1/2 Blk XH Nipples Sch 80","80","220","0","C02-36C"
"P3628","XHNIP","2x4 Blk XH Nipples Sch 80","80","220","85","C02-35D"
"P3629","XHNIP","2x4-1/2 Blk XH Nipples Sch 80","80","220","18","C02-35C"
"P3630","XHNIP","2x5 Blk XH Nipples Sch 80","80","220","20","C02-36C"
"P3631","XHNIP","2x5-1/2 Blk XH Nipples Sch 80","60","165","17","C02-34C"
"P3632","XHNIP","2x6 Blk XH Nipples Sch 80","60","495","10","C02-36A"
"P10814","XHNIP","3/4xCl-6 One Ea XH Blk Assort","64","176","104","C02-34D"
"P3672","XHNIP","1/4xCl Blk XH Nipples Sch 80","1200","3300","291","C02-36D"
"P10845","XHNIP","4x5 Blk XH Nipples Sch 80","600","1500","6","C02-36E"
"P3681","XHNIP","1-1/4x14 Blk XH Nipples Sch 80","100","250","0","C02-36E"
"P3739","XHNIP","2-1/2xCl Blk XH Nipples Sch 80","30","75","34","C02-34E"
"P10908","XHNIP","2xCl-6 One Ea XH Blk Assort","42","303","22","C02-35A"
"P3746","XHNIP","2-1/2x3 Blk XH Nipples Sch 80","60","165","16","C02-36D"
"P3747","XHNIP","2-1/2x3-1/2 Blk XH Nipples Sch 80","30","75","63","C02-36E"
"P3748","XHNIP","2-1/2x5-1/2 Blk XH Nipples Sch 80","30","75","0","C02-34E"
"P3749","XHNIP","2-1/2x6 Blk XH Nipples Sch 80","200","550","73","C02-35B"
"P3779","XHNIP","3/4x1-1/2 Blk XH Nipples Sch80","200","1800","1620","C02-35A"
"P3786","XHNIP","1x12 Blk XH Nipples Sch 80","100","275","0","C02-35D"
"P3787","XHNIP","2x8 Blk XH Nipples Sch 80","40","110","10","C02-35D"
"P3788","XHNIP","2x10 Blk XH Nipples Sch 80","40","110","10","C02-35D"
"P3789","XHNIP","2x12 Blk XH Nipples Sch 80","32","88","93","C02-36B"
"P10970","XHNIP","1-1/2XCl-6 One Ea XH Blk Assor","28","184","26","C02-34A"
"P11073","XHNIP","3/4x2 XH GALV NIPPLE","400","1000","0","C02-34E"
"P11100","XHNIP","3x4 Blk XH Nipples Sch 80","40","110","9","C02-36B"
"P11142","XHNIP","1-1/2x8 Blk XH Nipples Sch 80","40","100","10","C02-35E"
"P11151","XHNIP","3x6 Blk XH Nipples Sch 80","40","110","50","C02-34C"
"P11156","XHNIP","4x6 Blk XH Nipples Sch 80","600","1500","0","C02-34E"
"P11183","XHNIP","1 X 27 SCH 80 BLK PIPE TBE","100","250","0","C02-36E"
"P4162","XHNIP","3x3 Blk XH Nipples Sch 80","20","50","112","C02-34E"
"P4402","XHNIP","3/4xCl Gal XH Nipples Sch 80","100","250","0","C02-36E"
"P4420","XHNIP","2-1/2x4 Blk XH Nipples Sch 80","60","165","61","C02-34C"
"P4458","XHNIP","1/2x10 Blk XH Nipples Sch 80","80","200","0","C02-35E"
